scan,impl,rep,n_points,n_voxels,h2d,voxel,ransac,cluster,d2h,total,prop_iters
0,cpu_t1,0,121015,31363,0,3.8132,1.4394,0.1599,0,5.4125,0
0,cpu_t1,1,121015,31363,0,3.6378,1.5078,0.1556,0,5.3012,0
0,cpu_t1,2,121015,31363,0,3.6423,1.4395,0.1550,0,5.2369,0
0,cpu_t1,3,121015,31363,0,3.6747,1.4213,0.1576,0,5.2536,0
0,cpu_t1,4,121015,31363,0,3.6611,1.4918,0.1557,0,5.3086,0
0,cpu_t2,0,121015,31363,0,2.8386,1.5741,0.1977,0,4.6105,0
0,cpu_t2,1,121015,31363,0,2.6979,0.8436,0.1566,0,3.6982,0
0,cpu_t2,2,121015,31363,0,2.0399,0.7192,0.1567,0,2.9158,0
0,cpu_t2,3,121015,31363,0,2.3117,0.8273,0.1574,0,3.2963,0
0,cpu_t2,4,121015,31363,0,2.2346,0.7581,0.1595,0,3.1521,0
0,cpu_t4,0,121015,31363,0,1.1291,0.3744,0.1553,0,1.6588,0
0,cpu_t4,1,121015,31363,0,1.1564,0.3555,0.1543,0,1.6663,0
0,cpu_t4,2,121015,31363,0,1.1205,0.3556,0.1553,0,1.6313,0
0,cpu_t4,3,121015,31363,0,1.2455,0.7370,0.1949,0,2.1774,0
0,cpu_t4,4,121015,31363,0,1.7005,0.3734,0.1577,0,2.2316,0
0,cpu_t8,0,121015,31363,0,0.9148,0.3976,0.1599,0,1.4723,0
0,cpu_t8,1,121015,31363,0,0.9162,0.3941,0.1556,0,1.4659,0
0,cpu_t8,2,121015,31363,0,0.9311,0.3905,0.1696,0,1.4911,0
0,cpu_t8,3,121015,31363,0,0.8988,0.3938,0.1601,0,1.4527,0
0,cpu_t8,4,121015,31363,0,0.9234,0.4100,0.1550,0,1.4883,0
0,cpu_t16,0,121015,31363,0,27.0291,0.3831,0.2077,0,27.6199,0
0,cpu_t16,1,121015,31363,0,1.2207,0.3609,0.2098,0,1.7914,0
0,cpu_t16,2,121015,31363,0,1.2267,0.4217,0.1998,0,1.8482,0
0,cpu_t16,3,121015,31363,0,0.6744,0.2525,0.2060,0,1.1329,0
0,cpu_t16,4,121015,31363,0,0.6651,0.2001,0.1983,0,1.0636,0
0,gpu_thrust_uf,0,121015,31363,0.0821,0.9107,0.0328,0.1618,0.0289,1.1618,0
0,gpu_thrust_uf,1,121015,31363,0.0752,0.7053,0.0418,0.1628,0.0207,0.9490,0
0,gpu_thrust_uf,2,121015,31363,0.0761,0.9488,0.0717,0.2058,0.0198,1.2361,0
0,gpu_thrust_uf,3,121015,31363,0.0759,0.6978,0.0481,0.1587,0.0207,0.9419,0
0,gpu_thrust_uf,4,121015,31363,0.0788,0.6927,0.0410,0.1526,0.0201,0.9272,0
0,gpu_hash_uf,0,121015,31363,0.0751,0.1893,0.0379,0.1516,0.0238,0.4566,0
0,gpu_hash_uf,1,121015,31363,0.0760,0.2189,0.0471,0.1751,0.0307,0.5243,0
0,gpu_hash_uf,2,121015,31363,0.0780,0.1968,0.0369,0.1526,0.0202,0.4673,0
0,gpu_hash_uf,3,121015,31363,0.0795,0.2319,0.0440,0.1864,0.0194,0.5334,0
0,gpu_hash_uf,4,121015,31363,0.0960,0.1843,0.0410,0.1526,0.0197,0.4727,0
0,gpu_hash_prop,0,121015,31363,0.0768,0.1883,0.0369,9.4505,0.0299,8.9869,171
0,gpu_hash_prop,1,121015,31363,0.0828,1.1176,0.0602,9.7505,0.0208,10.1396,171
0,gpu_hash_prop,2,121015,31363,0.0768,0.1974,0.0584,17.0700,0.0926,16.0574,171
0,gpu_hash_prop,3,121015,31363,0.0772,0.3447,0.0829,19.4621,0.0922,18.4175,171
0,gpu_hash_prop,4,121015,31363,0.0954,0.3630,0.0346,17.8319,0.1010,16.9140,171
0,gpu_hash_prop16,0,121015,31363,0.0843,0.4469,0.0337,3.6946,0.0208,3.9439,176
0,gpu_hash_prop16,1,121015,31363,0.0788,0.9149,0.0317,4.3366,0.0247,4.9580,176
0,gpu_hash_prop16,2,121015,31363,0.0769,0.2514,0.0399,3.3014,0.0229,3.4037,176
0,gpu_hash_prop16,3,121015,31363,0.0786,0.2403,0.0717,3.5512,0.0268,3.6565,176
0,gpu_hash_prop16,4,121015,31363,0.0761,0.2529,0.0594,5.2091,0.0290,5.1763,176
1,cpu_t1,0,121151,30983,0,3.7111,1.4397,0.1462,0,5.2971,0
1,cpu_t1,1,121151,30983,0,3.6316,1.4072,0.1425,0,5.1812,0
1,cpu_t1,2,121151,30983,0,3.6561,1.4158,0.1432,0,5.2151,0
1,cpu_t1,3,121151,30983,0,4.5612,1.4466,0.1483,0,6.1561,0
1,cpu_t1,4,121151,30983,0,3.6254,1.3386,0.1421,0,5.1061,0
1,cpu_t2,0,121151,30983,0,2.1205,0.8023,0.1462,0,3.0690,0
1,cpu_t2,1,121151,30983,0,1.9465,0.7448,0.1413,0,2.8326,0
1,cpu_t2,2,121151,30983,0,1.9645,0.7005,0.1411,0,2.8061,0
1,cpu_t2,3,121151,30983,0,1.9519,0.7035,0.1402,0,2.7957,0
1,cpu_t2,4,121151,30983,0,1.9439,0.7103,0.1534,0,2.8076,0
1,cpu_t4,0,121151,30983,0,1.3226,0.5325,0.1966,0,2.0517,0
1,cpu_t4,1,121151,30983,0,1.2130,0.3883,0.1432,0,1.7445,0
1,cpu_t4,2,121151,30983,0,1.2833,0.3873,0.1438,0,1.8144,0
1,cpu_t4,3,121151,30983,0,1.1792,0.3639,0.1455,0,1.6886,0
1,cpu_t4,4,121151,30983,0,1.2639,0.3480,0.1461,0,1.7580,0
1,cpu_t8,0,121151,30983,0,0.7635,0.2081,0.1444,0,1.1161,0
1,cpu_t8,1,121151,30983,0,0.7470,0.2139,0.1435,0,1.1044,0
1,cpu_t8,2,121151,30983,0,0.7194,0.2320,0.1429,0,1.0943,0
1,cpu_t8,3,121151,30983,0,0.9903,0.3729,0.1498,0,1.5129,0
1,cpu_t8,4,121151,30983,0,0.9074,0.4857,0.1880,0,1.5811,0
1,cpu_t16,0,121151,30983,0,0.6670,0.1930,0.1948,0,1.0548,0
1,cpu_t16,1,121151,30983,0,0.6707,0.2053,0.1891,0,1.0651,0
1,cpu_t16,2,121151,30983,0,0.6816,0.2223,0.1900,0,1.0938,0
1,cpu_t16,3,121151,30983,0,0.7651,0.2017,0.1904,0,1.1571,0
1,cpu_t16,4,121151,30983,0,0.6890,0.2030,0.1911,0,1.0831,0
1,gpu_thrust_uf,0,121151,30983,0.0835,0.8396,0.0338,0.1239,0.0357,1.0576,0
1,gpu_thrust_uf,1,121151,30983,0.0833,0.6914,0.0338,0.1106,0.0284,0.9055,0
1,gpu_thrust_uf,2,121151,30983,0.0761,0.7236,0.0369,0.1106,0.0221,0.9136,0
1,gpu_thrust_uf,3,121151,30983,0.0795,0.7883,0.0807,0.1106,0.0296,1.0203,0
1,gpu_thrust_uf,4,121151,30983,0.0762,0.7334,0.1065,0.2621,0.1072,1.2044,0
1,gpu_hash_uf,0,121151,30983,0.1145,0.8814,0.0983,0.2417,0.0318,1.2757,0
1,gpu_hash_uf,1,121151,30983,0.0809,0.4245,0.1065,0.1106,0.0344,0.7155,0
1,gpu_hash_uf,2,121151,30983,0.0762,0.4650,0.0337,0.1290,0.0899,0.7524,0
1,gpu_hash_uf,3,121151,30983,0.0953,0.4196,0.1184,0.1126,0.0309,0.7372,0
1,gpu_hash_uf,4,121151,30983,0.0764,0.4396,0.0910,0.2140,0.0715,0.8430,0
1,gpu_hash_prop,0,121151,30983,0.0808,0.3753,0.0895,17.6390,0.1179,16.8096,169
1,gpu_hash_prop,1,121151,30983,0.1313,0.4663,0.0358,12.0494,0.0552,11.7081,169
1,gpu_hash_prop,2,121151,30983,0.0801,0.2059,0.0365,10.3045,0.0175,9.7767,169
1,gpu_hash_prop,3,121151,30983,0.0754,0.8367,0.0369,7.9137,0.0319,8.1705,169
1,gpu_hash_prop,4,121151,30983,0.0831,0.1898,0.0328,9.5969,0.0882,9.1782,169
1,gpu_hash_prop16,0,121151,30983,0.0762,0.3599,0.0891,3.6332,0.0206,3.8516,176
1,gpu_hash_prop16,1,121151,30983,0.0764,0.2036,0.0358,3.4428,0.0203,3.4833,176
1,gpu_hash_prop16,2,121151,30983,0.0823,0.3096,0.0369,3.2164,0.0226,3.3888,176
1,gpu_hash_prop16,3,121151,30983,0.0765,0.2097,0.0440,2.4392,0.0133,2.5696,176
1,gpu_hash_prop16,4,121151,30983,0.0804,0.1871,0.0416,3.3270,0.0890,3.4360,176
2,cpu_t1,0,121483,31077,0,3.7338,1.3671,0.1359,0,5.2368,0
2,cpu_t1,1,121483,31077,0,3.8789,1.5489,0.1367,0,5.5645,0
2,cpu_t1,2,121483,31077,0,3.7151,1.3687,0.1333,0,5.2171,0
2,cpu_t1,3,121483,31077,0,3.6373,1.4396,0.1341,0,5.2110,0
2,cpu_t1,4,121483,31077,0,4.5071,1.4330,0.1802,0,6.1203,0
2,cpu_t2,0,121483,31077,0,2.6266,1.3223,0.1685,0,4.1175,0
2,cpu_t2,1,121483,31077,0,2.5578,0.9254,0.1395,0,3.6226,0
2,cpu_t2,2,121483,31077,0,2.2709,0.7086,0.1377,0,3.1172,0
2,cpu_t2,3,121483,31077,0,1.9770,0.7503,0.1343,0,2.8616,0
2,cpu_t2,4,121483,31077,0,1.9895,0.6868,0.1327,0,2.8090,0
2,cpu_t4,0,121483,31077,0,1.5009,0.4010,0.1843,0,2.0862,0
2,cpu_t4,1,121483,31077,0,1.1924,0.3876,0.1368,0,1.7169,0
2,cpu_t4,2,121483,31077,0,1.3746,0.3827,0.1351,0,1.8924,0
2,cpu_t4,3,121483,31077,0,1.1989,0.3595,0.1387,0,1.6972,0
2,cpu_t4,4,121483,31077,0,1.1458,0.3466,0.1444,0,1.6368,0
2,cpu_t8,0,121483,31077,0,0.9638,0.3861,0.1346,0,1.4844,0
2,cpu_t8,1,121483,31077,0,0.9393,0.3809,0.1382,0,1.4585,0
2,cpu_t8,2,121483,31077,0,0.9787,0.3698,0.1770,0,1.5255,0
2,cpu_t8,3,121483,31077,0,0.9938,0.4034,0.1759,0,1.5731,0
2,cpu_t8,4,121483,31077,0,0.9925,0.3981,0.1699,0,1.5605,0
2,cpu_t16,0,121483,31077,0,0.7118,0.2549,0.1800,0,1.1467,0
2,cpu_t16,1,121483,31077,0,0.6976,0.1977,0.1704,0,1.0657,0
2,cpu_t16,2,121483,31077,0,0.6899,0.1955,0.1701,0,1.0555,0
2,cpu_t16,3,121483,31077,0,0.6809,0.1926,0.1715,0,1.0450,0
2,cpu_t16,4,121483,31077,0,0.6937,0.2006,0.1798,0,1.0741,0
2,gpu_thrust_uf,0,121483,31077,0.0789,1.2335,0.0420,0.0963,0.0326,1.4403,0
2,gpu_thrust_uf,1,121483,31077,0.0781,0.6617,0.0410,0.0963,0.0238,0.8547,0
2,gpu_thrust_uf,2,121483,31077,0.0763,0.7623,0.0973,0.2038,0.0462,1.1075,0
2,gpu_thrust_uf,3,121483,31077,0.0797,0.7550,0.0829,0.0963,0.0189,0.9727,0
2,gpu_thrust_uf,4,121483,31077,0.0764,0.6718,0.0924,0.1994,0.0509,1.0234,0
2,gpu_hash_uf,0,121483,31077,0.0784,1.7676,0.0911,0.2120,0.0409,2.0372,0
2,gpu_hash_uf,1,121483,31077,0.0761,0.3650,0.0338,0.1341,0.0577,0.6344,0
2,gpu_hash_uf,2,121483,31077,0.0755,0.3046,0.0912,0.2312,0.0336,0.6963,0
2,gpu_hash_uf,3,121483,31077,0.0755,0.4766,0.0345,0.1536,0.0422,0.7413,0
2,gpu_hash_uf,4,121483,31077,0.0794,0.4440,0.0930,0.2100,0.0372,0.8152,0
2,gpu_hash_prop,0,121483,31077,0.0760,0.2262,0.0338,15.1892,0.0924,14.3469,156
2,gpu_hash_prop,1,121483,31077,0.0772,0.4054,0.0928,15.5250,0.1387,14.9106,156
2,gpu_hash_prop,2,121483,31077,0.0992,0.5785,0.0973,15.7510,0.0241,15.1992,156
2,gpu_hash_prop,3,121483,31077,0.0788,0.2457,0.0612,15.2610,0.0522,14.4088,156
2,gpu_hash_prop,4,121483,31077,0.0777,0.5147,0.0338,15.9644,0.0975,15.3175,156
2,gpu_hash_prop16,0,121483,31077,0.0781,0.5041,0.0336,6.2884,0.1054,6.4483,160
2,gpu_hash_prop16,1,121483,31077,0.0974,1.5470,0.0696,5.2320,0.0510,6.4432,160
2,gpu_hash_prop16,2,121483,31077,0.0771,0.4677,0.0307,5.9117,0.1137,6.0707,160
2,gpu_hash_prop16,3,121483,31077,0.0765,0.3149,0.0913,7.4498,0.0892,7.3762,160
2,gpu_hash_prop16,4,121483,31077,0.0776,0.3711,0.0307,5.6740,0.0451,5.7018,160
3,cpu_t1,0,121604,30976,0,3.8249,1.4052,0.1638,0,5.3939,0
3,cpu_t1,1,121604,30976,0,3.8906,1.4153,0.1714,0,5.4773,0
3,cpu_t1,2,121604,30976,0,3.7062,1.4213,0.1533,0,5.2807,0
3,cpu_t1,3,121604,30976,0,3.7219,1.3677,0.1505,0,5.2400,0
3,cpu_t1,4,121604,30976,0,3.8709,1.3710,0.1754,0,5.4173,0
3,cpu_t2,0,121604,30976,0,2.7224,1.3693,0.1851,0,4.2767,0
3,cpu_t2,1,121604,30976,0,2.8608,0.7666,0.1547,0,3.7821,0
3,cpu_t2,2,121604,30976,0,1.9604,0.6809,0.1543,0,2.7956,0
3,cpu_t2,3,121604,30976,0,2.0813,0.6488,0.1491,0,2.8792,0
3,cpu_t2,4,121604,30976,0,1.9749,0.6690,0.1518,0,2.7956,0
3,cpu_t4,0,121604,30976,0,1.1834,0.3699,0.1504,0,1.7037,0
3,cpu_t4,1,121604,30976,0,1.3272,0.5066,0.1614,0,1.9952,0
3,cpu_t4,2,121604,30976,0,1.2619,0.3906,0.1517,0,1.8043,0
3,cpu_t4,3,121604,30976,0,1.1560,0.3859,0.1619,0,1.7038,0
3,cpu_t4,4,121604,30976,0,1.1250,0.3725,0.1643,0,1.6618,0
3,cpu_t8,0,121604,30976,0,0.9442,0.3513,0.1534,0,1.4489,0
3,cpu_t8,1,121604,30976,0,0.9173,0.3733,0.1493,0,1.4399,0
3,cpu_t8,2,121604,30976,0,0.9245,0.3489,0.1484,0,1.4219,0
3,cpu_t8,3,121604,30976,0,0.9375,0.3725,0.2013,0,1.5112,0
3,cpu_t8,4,121604,30976,0,1.0193,0.3720,0.2326,0,1.6239,0
3,cpu_t16,0,121604,30976,0,1.1055,0.3271,0.1942,0,1.6268,0
3,cpu_t16,1,121604,30976,0,1.0939,0.2776,0.1876,0,1.5591,0
3,cpu_t16,2,121604,30976,0,1.0566,0.2807,0.1849,0,1.5223,0
3,cpu_t16,3,121604,30976,0,1.0446,0.2748,0.2020,0,1.5215,0
3,cpu_t16,4,121604,30976,0,1.2217,0.3749,0.2059,0,1.8025,0
3,gpu_thrust_uf,0,121604,30976,0.0795,0.8477,0.0473,0.1258,0.0317,1.0717,0
3,gpu_thrust_uf,1,121604,30976,0.0814,0.8926,0.0502,0.1372,0.0433,1.1441,0
3,gpu_thrust_uf,2,121604,30976,0.0815,1.3144,0.0369,0.1239,0.0305,1.4902,0
3,gpu_thrust_uf,3,121604,30976,0.0809,1.3922,0.1189,0.1297,0.0458,1.6504,0
3,gpu_thrust_uf,4,121604,30976,0.0770,0.7609,0.0645,0.1249,0.0255,0.9952,0
3,gpu_hash_uf,0,121604,30976,0.0764,0.2580,0.0358,0.1239,0.0310,0.5017,0
3,gpu_hash_uf,1,121604,30976,0.0765,0.2444,0.0818,0.1618,0.0179,0.5587,0
3,gpu_hash_uf,2,121604,30976,0.0794,0.2273,0.0365,0.1239,0.0347,0.4898,0
3,gpu_hash_uf,3,121604,30976,0.0781,0.2670,0.0399,0.1239,0.0220,0.5131,0
3,gpu_hash_uf,4,121604,30976,0.0804,0.2136,0.0365,0.1239,0.0230,0.4651,0
3,gpu_hash_prop,0,121604,30976,0.0911,1.0979,0.0379,8.7418,0.0285,9.1886,154
3,gpu_hash_prop,1,121604,30976,0.0803,0.2061,0.0450,12.3308,0.0647,11.6838,154
3,gpu_hash_prop,2,121604,30976,0.0967,0.4592,0.1178,16.6438,0.0924,15.9853,154
3,gpu_hash_prop,3,121604,30976,0.0772,0.5303,0.0338,17.6865,0.0670,16.8862,154
3,gpu_hash_prop,4,121604,30976,0.0783,0.4429,0.0307,11.9276,0.0348,11.5018,154
3,gpu_hash_prop16,0,121604,30976,0.0798,0.1886,0.0410,2.1719,0.0312,2.3187,160
3,gpu_hash_prop16,1,121604,30976,0.0807,0.2053,0.0367,2.0460,0.0238,2.2121,160
3,gpu_hash_prop16,2,121604,30976,0.0807,0.2197,0.0398,3.9813,0.0324,4.0103,160
3,gpu_hash_prop16,3,121604,30976,0.0812,0.1976,0.0399,2.1463,0.0233,2.3002,160
3,gpu_hash_prop16,4,121604,30976,0.0765,0.1872,0.0440,2.2661,0.0264,2.3992,160
4,cpu_t1,0,121779,30875,0,3.6819,1.3589,0.1394,0,5.1802,0
4,cpu_t1,1,121779,30875,0,3.6285,1.4112,0.1365,0,5.1761,0
4,cpu_t1,2,121779,30875,0,4.7695,1.3238,0.1593,0,6.2526,0
4,cpu_t1,3,121779,30875,0,3.6596,1.3817,0.1372,0,5.1784,0
4,cpu_t1,4,121779,30875,0,3.7427,1.4136,0.1404,0,5.2967,0
4,cpu_t2,0,121779,30875,0,2.0412,0.7466,0.1370,0,2.9249,0
4,cpu_t2,1,121779,30875,0,2.0564,0.6739,0.1400,0,2.8703,0
4,cpu_t2,2,121779,30875,0,2.1026,0.6672,0.1381,0,2.9079,0
4,cpu_t2,3,121779,30875,0,2.1149,0.6954,0.1558,0,2.9661,0
4,cpu_t2,4,121779,30875,0,2.1137,0.6890,0.1570,0,2.9597,0
4,cpu_t4,0,121779,30875,0,1.3591,0.4982,0.1634,0,2.0207,0
4,cpu_t4,1,121779,30875,0,1.2675,0.4680,0.1375,0,1.8730,0
4,cpu_t4,2,121779,30875,0,1.2499,0.4697,0.1517,0,1.8713,0
4,cpu_t4,3,121779,30875,0,1.6878,0.5064,0.1491,0,2.3433,0
4,cpu_t4,4,121779,30875,0,1.3711,0.3818,0.1726,0,1.9255,0
4,cpu_t8,0,121779,30875,0,1.1589,0.3290,0.1781,0,1.6660,0
4,cpu_t8,1,121779,30875,0,0.9983,0.3666,0.1756,0,1.5405,0
4,cpu_t8,2,121779,30875,0,0.9624,0.3929,0.1802,0,1.5354,0
4,cpu_t8,3,121779,30875,0,0.9656,0.3939,0.1793,0,1.5387,0
4,cpu_t8,4,121779,30875,0,0.9850,0.3897,0.1778,0,1.5525,0
4,cpu_t16,0,121779,30875,0,1.2956,0.3723,0.1733,0,1.8413,0
4,cpu_t16,1,121779,30875,0,1.2002,0.3746,0.1735,0,1.7482,0
4,cpu_t16,2,121779,30875,0,1.1841,0.3603,0.1725,0,1.7169,0
4,cpu_t16,3,121779,30875,0,1.2285,0.3624,0.1753,0,1.7662,0
4,cpu_t16,4,121779,30875,0,1.2481,0.4429,0.1760,0,1.8670,0
4,gpu_thrust_uf,0,121779,30875,0.0781,0.7164,0.0388,0.1085,0.0294,0.9237,0
4,gpu_thrust_uf,1,121779,30875,0.0765,0.7208,0.0358,0.1055,0.0334,0.9221,0
4,gpu_thrust_uf,2,121779,30875,0.0768,0.6794,0.0336,0.1290,0.0224,0.8924,0
4,gpu_thrust_uf,3,121779,30875,0.0781,0.7785,0.0367,0.1065,0.0214,0.9601,0
4,gpu_thrust_uf,4,121779,30875,0.0797,0.8922,0.0369,0.1065,0.0313,1.0743,0
4,gpu_hash_uf,0,121779,30875,0.0798,0.2469,0.1135,0.1473,0.0229,0.5812,0
4,gpu_hash_uf,1,121779,30875,0.0789,0.2187,0.0358,0.1065,0.0214,0.4472,0
4,gpu_hash_uf,2,121779,30875,0.0756,0.2000,0.0369,0.1055,0.0203,0.4243,0
4,gpu_hash_uf,3,121779,30875,0.0800,0.1910,0.0369,0.1065,0.0204,0.4211,0
4,gpu_hash_uf,4,121779,30875,0.0756,0.1975,0.0338,0.1044,0.0207,0.4182,0
4,gpu_hash_prop,0,121779,30875,0.0757,0.2191,0.0396,10.5871,0.0458,10.0723,153
4,gpu_hash_prop,1,121779,30875,0.0757,0.2384,0.0367,10.4991,0.0626,10.0276,153
4,gpu_hash_prop,2,121779,30875,0.1125,0.2689,0.0369,10.2820,0.0259,9.8557,153
4,gpu_hash_prop,3,121779,30875,0.0761,0.1941,0.0369,10.8421,0.0343,10.2705,153
4,gpu_hash_prop,4,121779,30875,0.0814,0.2140,0.0399,10.6865,0.0201,10.1448,153
4,gpu_hash_prop16,0,121779,30875,0.0825,0.2577,0.0770,3.5316,0.0533,3.6881,160
4,gpu_hash_prop16,1,121779,30875,0.0768,0.2813,0.0399,3.4775,0.0556,3.6253,160
4,gpu_hash_prop16,2,121779,30875,0.0768,0.2589,0.0401,2.4052,0.0381,2.6074,160
4,gpu_hash_prop16,3,121779,30875,0.0815,0.2108,0.0328,3.6813,0.0260,3.7269,160
4,gpu_hash_prop16,4,121779,30875,0.0851,0.2499,0.0788,2.6470,0.0671,2.8899,160
5,cpu_t1,0,121948,30884,0,3.7064,1.4261,0.1387,0,5.2713,0
5,cpu_t1,1,121948,30884,0,3.7460,1.4559,0.1690,0,5.3708,0
5,cpu_t1,2,121948,30884,0,4.2904,1.4814,0.1373,0,5.9091,0
5,cpu_t1,3,121948,30884,0,3.6942,1.3369,0.1374,0,5.1686,0
5,cpu_t1,4,121948,30884,0,3.7083,1.4252,0.1409,0,5.2743,0
5,cpu_t2,0,121948,30884,0,2.0014,0.7338,0.1378,0,2.8730,0
5,cpu_t2,1,121948,30884,0,1.9758,0.6915,0.1356,0,2.8029,0
5,cpu_t2,2,121948,30884,0,2.1814,0.7012,0.1391,0,3.0218,0
5,cpu_t2,3,121948,30884,0,2.0339,0.9071,0.1399,0,3.0809,0
5,cpu_t2,4,121948,30884,0,2.4694,0.7579,0.1375,0,3.3648,0
5,cpu_t4,0,121948,30884,0,1.3214,0.7276,0.1386,0,2.1875,0
5,cpu_t4,1,121948,30884,0,1.3829,0.4699,0.1386,0,1.9914,0
5,cpu_t4,2,121948,30884,0,1.3904,0.4745,0.1389,0,2.0037,0
5,cpu_t4,3,121948,30884,0,1.3894,0.4627,0.1346,0,1.9867,0
5,cpu_t4,4,121948,30884,0,1.6463,0.4856,0.1362,0,2.2681,0
5,cpu_t8,0,121948,30884,0,0.9811,0.3895,0.1434,0,1.5141,0
5,cpu_t8,1,121948,30884,0,0.9061,0.3487,0.1365,0,1.3913,0
5,cpu_t8,2,121948,30884,0,0.9214,0.3508,0.1363,0,1.4084,0
5,cpu_t8,3,121948,30884,0,0.9951,0.3483,0.1361,0,1.4796,0
5,cpu_t8,4,121948,30884,0,0.9112,0.3527,0.1362,0,1.4001,0
5,cpu_t16,0,121948,30884,0,1.2156,0.3572,0.1717,0,1.7446,0
5,cpu_t16,1,121948,30884,0,1.2943,0.3554,0.1710,0,1.8206,0
5,cpu_t16,2,121948,30884,0,1.2439,0.3773,0.1782,0,1.7994,0
5,cpu_t16,3,121948,30884,0,1.5566,0.3592,0.1782,0,2.0940,0
5,cpu_t16,4,121948,30884,0,1.2435,0.3686,0.1886,0,1.8007,0
5,gpu_thrust_uf,0,121948,30884,0.0785,0.7685,0.0511,0.1321,0.0309,1.0066,0
5,gpu_thrust_uf,1,121948,30884,0.0836,0.7173,0.0368,0.1260,0.0355,0.9475,0
5,gpu_thrust_uf,2,121948,30884,0.0766,0.6429,0.0472,0.1259,0.0231,0.8687,0
5,gpu_thrust_uf,3,121948,30884,0.0787,0.7576,0.0338,0.1260,0.0342,0.9692,0
5,gpu_thrust_uf,4,121948,30884,0.0825,0.7269,0.0369,0.1260,0.0311,0.9493,0
5,gpu_hash_uf,0,121948,30884,0.0797,0.1946,0.0359,0.1259,0.0214,0.4409,0
5,gpu_hash_uf,1,121948,30884,0.0780,0.2317,0.0346,0.1249,0.0217,0.4773,0
5,gpu_hash_uf,2,121948,30884,0.0779,0.2186,0.0358,0.1260,0.0208,0.4627,0
5,gpu_hash_uf,3,121948,30884,0.0771,0.2234,0.0358,0.1249,0.0208,0.4666,0
5,gpu_hash_uf,4,121948,30884,0.0767,0.2930,0.0337,0.1260,0.0331,0.5421,0
5,gpu_hash_prop,0,121948,30884,0.0766,0.1851,0.0308,7.8038,0.0271,7.4631,138
5,gpu_hash_prop,1,121948,30884,0.0804,0.2021,0.0430,8.5053,0.0278,8.1419,138
5,gpu_hash_prop,2,121948,30884,0.0779,0.2152,0.0358,7.9196,0.0250,7.6030,138
5,gpu_hash_prop,3,121948,30884,0.0759,0.1753,0.0389,8.2616,0.0210,7.8782,138
5,gpu_hash_prop,4,121948,30884,0.0787,0.1863,0.0369,7.5950,0.0503,7.3101,138
5,gpu_hash_prop16,0,121948,30884,0.0768,0.5045,0.0305,5.6300,0.0307,5.8166,144
5,gpu_hash_prop16,1,121948,30884,0.0792,0.3778,0.0338,5.7487,0.1053,5.8374,144
5,gpu_hash_prop16,2,121948,30884,0.0800,0.5234,0.0329,5.7353,0.0942,5.9510,144
5,gpu_hash_prop16,3,121948,30884,0.0757,0.5247,0.0335,4.7749,0.0270,5.0032,144
5,gpu_hash_prop16,4,121948,30884,0.0766,0.2246,0.0328,2.1207,0.0251,2.3136,144
6,cpu_t1,0,121848,30634,0,3.7592,1.4183,0.1426,0,5.3202,0
6,cpu_t1,1,121848,30634,0,4.0074,1.4882,0.1335,0,5.6290,0
6,cpu_t1,2,121848,30634,0,3.6777,1.3780,0.1315,0,5.1872,0
6,cpu_t1,3,121848,30634,0,3.6357,1.4613,0.1321,0,5.2291,0
6,cpu_t1,4,121848,30634,0,3.6528,1.4634,0.1313,0,5.2475,0
6,cpu_t2,0,121848,30634,0,1.9392,0.7272,0.1648,0,2.8311,0
6,cpu_t2,1,121848,30634,0,1.9226,0.7257,0.1308,0,2.7790,0
6,cpu_t2,2,121848,30634,0,2.1642,0.7440,0.1339,0,3.0420,0
6,cpu_t2,3,121848,30634,0,2.1298,0.7476,0.1339,0,3.0113,0
6,cpu_t2,4,121848,30634,0,1.9512,0.6817,0.1470,0,2.7799,0
6,cpu_t4,0,121848,30634,0,1.1430,0.3785,0.1325,0,1.6540,0
6,cpu_t4,1,121848,30634,0,1.1896,0.4140,0.1330,0,1.7367,0
6,cpu_t4,2,121848,30634,0,1.3428,0.4005,0.1339,0,1.8772,0
6,cpu_t4,3,121848,30634,0,1.2251,0.3581,0.1330,0,1.7162,0
6,cpu_t4,4,121848,30634,0,1.1864,0.3629,0.1361,0,1.6854,0
6,cpu_t8,0,121848,30634,0,0.9043,0.3871,0.1630,0,1.4544,0
6,cpu_t8,1,121848,30634,0,0.9713,0.3516,0.1707,0,1.4936,0
6,cpu_t8,2,121848,30634,0,0.9669,0.3638,0.1673,0,1.4981,0
6,cpu_t8,3,121848,30634,0,0.9945,0.3580,0.1674,0,1.5198,0
6,cpu_t8,4,121848,30634,0,0.9600,0.3510,0.1661,0,1.4772,0
6,cpu_t16,0,121848,30634,0,0.6716,0.2130,0.1757,0,1.0602,0
6,cpu_t16,1,121848,30634,0,0.8102,0.2010,0.1713,0,1.1825,0
6,cpu_t16,2,121848,30634,0,0.7561,0.2148,0.1871,0,1.1580,0
6,cpu_t16,3,121848,30634,0,0.6827,0.2085,0.1749,0,1.0661,0
6,cpu_t16,4,121848,30634,0,0.6824,0.1987,0.1799,0,1.0609,0
6,gpu_thrust_uf,0,121848,30634,0.0817,1.0836,0.0410,0.1464,0.0298,1.3034,0
6,gpu_thrust_uf,1,121848,30634,0.0765,0.7437,0.0573,0.1536,0.0323,1.0068,0
6,gpu_thrust_uf,2,121848,30634,0.0769,0.8740,0.0532,0.1290,0.0194,1.0859,0
6,gpu_thrust_uf,3,121848,30634,0.0791,0.6171,0.0573,0.1229,0.0187,0.8432,0
6,gpu_thrust_uf,4,121848,30634,0.0796,0.6724,0.0583,0.1229,0.0218,0.8986,0
6,gpu_hash_uf,0,121848,30634,0.0798,0.2821,0.0492,0.1505,0.0284,0.5573,0
6,gpu_hash_uf,1,121848,30634,0.0941,0.2630,0.0870,0.1229,0.0190,0.5597,0
6,gpu_hash_uf,2,121848,30634,0.0767,0.2585,0.0850,0.1444,0.0193,0.5582,0
6,gpu_hash_uf,3,121848,30634,0.0766,0.2408,0.0709,0.1227,0.0192,0.5088,0
6,gpu_hash_uf,4,121848,30634,0.0789,0.2414,0.0851,0.1443,0.0200,0.5445,0
6,gpu_hash_prop,0,121848,30634,0.0787,0.1874,0.0553,8.1377,0.0473,7.8146,137
6,gpu_hash_prop,1,121848,30634,0.0800,0.1782,0.0369,6.9847,0.0190,6.7107,137
6,gpu_hash_prop,2,121848,30634,0.0767,0.1799,0.0328,7.6534,0.0539,7.3492,137
6,gpu_hash_prop,3,121848,30634,0.0766,0.2460,0.0410,7.4670,0.0257,7.2235,137
6,gpu_hash_prop,4,121848,30634,0.0798,0.2547,0.0582,7.8326,0.0241,7.5814,137
6,gpu_hash_prop16,0,121848,30634,0.0766,0.1947,0.0365,2.0277,0.0302,2.1871,144
6,gpu_hash_prop16,1,121848,30634,0.0757,0.2082,0.0399,1.9661,0.0183,2.1337,144
6,gpu_hash_prop16,2,121848,30634,0.0795,0.2348,0.0604,2.7474,0.0434,2.9197,144
6,gpu_hash_prop16,3,121848,30634,0.0788,0.2038,0.0573,2.9891,0.0290,3.0960,144
6,gpu_hash_prop16,4,121848,30634,0.0824,0.2655,0.0399,2.6851,0.0265,2.8662,144
7,cpu_t1,0,121997,30349,0,3.6449,1.3823,0.1335,0,5.1606,0
7,cpu_t1,1,121997,30349,0,3.6447,1.3952,0.1334,0,5.1733,0
7,cpu_t1,2,121997,30349,0,3.6182,1.3620,0.1468,0,5.1271,0
7,cpu_t1,3,121997,30349,0,3.6312,1.3764,0.1447,0,5.1523,0
7,cpu_t1,4,121997,30349,0,3.6550,1.3600,0.1359,0,5.1509,0
7,cpu_t2,0,121997,30349,0,2.4876,0.7880,0.1681,0,3.4437,0
7,cpu_t2,1,121997,30349,0,2.1069,0.6823,0.1348,0,2.9240,0
7,cpu_t2,2,121997,30349,0,1.9981,0.7354,0.1334,0,2.8668,0
7,cpu_t2,3,121997,30349,0,1.9737,0.6797,0.1326,0,2.7860,0
7,cpu_t2,4,121997,30349,0,2.0107,0.7109,0.1333,0,2.8549,0
7,cpu_t4,0,121997,30349,0,1.2319,0.3516,0.1327,0,1.7162,0
7,cpu_t4,1,121997,30349,0,1.1770,0.3571,0.1411,0,1.6753,0
7,cpu_t4,2,121997,30349,0,1.1885,0.3700,0.1318,0,1.6903,0
7,cpu_t4,3,121997,30349,0,1.1665,0.3527,0.1308,0,1.6500,0
7,cpu_t4,4,121997,30349,0,1.1912,0.3532,0.1313,0,1.6757,0
7,cpu_t8,0,121997,30349,0,0.8271,0.1937,0.1340,0,1.1549,0
7,cpu_t8,1,121997,30349,0,0.8423,0.3399,0.1366,0,1.3189,0
7,cpu_t8,2,121997,30349,0,0.9445,0.3668,0.1338,0,1.4451,0
7,cpu_t8,3,121997,30349,0,0.9610,0.3787,0.1572,0,1.4969,0
7,cpu_t8,4,121997,30349,0,1.1109,0.3733,0.1341,0,1.6183,0
7,cpu_t16,0,121997,30349,0,0.7088,0.1907,0.1637,0,1.0632,0
7,cpu_t16,1,121997,30349,0,0.6961,0.1836,0.1818,0,1.0616,0
7,cpu_t16,2,121997,30349,0,0.6967,0.2023,0.1755,0,1.0746,0
7,cpu_t16,3,121997,30349,0,0.6767,0.1970,0.1663,0,1.0400,0
7,cpu_t16,4,121997,30349,0,0.7274,0.1910,0.1664,0,1.0848,0
7,gpu_thrust_uf,0,121997,30349,0.0784,0.9884,0.1229,0.2841,0.1068,1.4836,0
7,gpu_thrust_uf,1,121997,30349,0.0975,0.7910,0.0666,0.1485,0.0197,1.0584,0
7,gpu_thrust_uf,2,121997,30349,0.0766,0.7891,0.0901,0.2990,0.1368,1.2989,0
7,gpu_thrust_uf,3,121997,30349,0.0782,0.9847,0.0922,0.1331,0.0197,1.2307,0
7,gpu_thrust_uf,4,121997,30349,0.0766,0.9085,0.0911,0.2970,0.1241,1.3960,0
7,gpu_hash_uf,0,121997,30349,0.0772,0.5896,0.0932,0.1700,0.1210,0.9925,0
7,gpu_hash_uf,1,121997,30349,0.0768,0.6116,0.1126,0.1352,0.0198,0.9038,0
7,gpu_hash_uf,2,121997,30349,0.0781,0.2399,0.0563,0.1741,0.0222,0.5465,0
7,gpu_hash_uf,3,121997,30349,0.0791,0.2617,0.0604,0.1106,0.0217,0.5122,0
7,gpu_hash_uf,4,121997,30349,0.0781,0.2706,0.0614,0.1096,0.0207,0.5222,0
7,gpu_hash_prop,0,121997,30349,0.0767,0.4381,0.0306,7.3483,0.0158,7.3073,135
7,gpu_hash_prop,1,121997,30349,0.0766,0.2013,0.0358,7.0359,0.0283,6.7818,135
7,gpu_hash_prop,2,121997,30349,0.0796,0.2564,0.0369,8.7357,0.0509,8.4199,135
7,gpu_hash_prop,3,121997,30349,0.0766,0.2752,0.0584,8.2708,0.0679,8.0428,135
7,gpu_hash_prop,4,121997,30349,0.0789,0.7693,0.0298,12.6528,0.1028,12.5256,135
7,gpu_hash_prop16,0,121997,30349,0.0767,0.2494,0.0748,3.2471,0.0513,3.4105,144
7,gpu_hash_prop16,1,121997,30349,0.0785,0.2542,0.0594,3.1191,0.0473,3.2838,144
7,gpu_hash_prop16,2,121997,30349,0.0792,0.2509,0.0737,3.1816,0.0511,3.3552,144
7,gpu_hash_prop16,3,121997,30349,0.0767,0.2519,0.0860,2.8006,0.0466,3.0121,144
7,gpu_hash_prop16,4,121997,30349,0.0768,0.3203,0.0645,3.3075,0.0521,3.5237,144
8,cpu_t1,0,122227,30566,0,4.3106,1.2830,0.1355,0,5.7292,0
8,cpu_t1,1,122227,30566,0,3.7314,1.2990,0.1315,0,5.1618,0
8,cpu_t1,2,122227,30566,0,4.1477,1.3757,0.1538,0,5.6771,0
8,cpu_t1,3,122227,30566,0,3.8525,1.2705,0.1313,0,5.2544,0
8,cpu_t1,4,122227,30566,0,3.7161,1.3968,0.1437,0,5.2567,0
8,cpu_t2,0,122227,30566,0,2.5617,0.6888,0.1536,0,3.4042,0
8,cpu_t2,1,122227,30566,0,2.0772,0.6845,0.1354,0,2.8970,0
8,cpu_t2,2,122227,30566,0,2.0661,0.6687,0.1314,0,2.8662,0
8,cpu_t2,3,122227,30566,0,2.1190,0.7243,0.1479,0,2.9912,0
8,cpu_t2,4,122227,30566,0,2.0478,0.6518,0.1294,0,2.8289,0
8,cpu_t4,0,122227,30566,0,1.1828,0.3473,0.1313,0,1.6615,0
8,cpu_t4,1,122227,30566,0,1.2564,0.3911,0.1765,0,1.8240,0
8,cpu_t4,2,122227,30566,0,1.1680,0.3300,0.1291,0,1.6271,0
8,cpu_t4,3,122227,30566,0,1.3433,0.3992,0.1315,0,1.8740,0
8,cpu_t4,4,122227,30566,0,1.2681,0.3608,0.1304,0,1.7593,0
8,cpu_t8,0,122227,30566,0,0.9106,0.3501,0.1322,0,1.3928,0
8,cpu_t8,1,122227,30566,0,0.9112,0.3401,0.1311,0,1.3824,0
8,cpu_t8,2,122227,30566,0,1.0444,0.3893,0.1398,0,1.5735,0
8,cpu_t8,3,122227,30566,0,0.9318,0.3518,0.1313,0,1.4148,0
8,cpu_t8,4,122227,30566,0,0.9545,0.3518,0.1308,0,1.4370,0
8,cpu_t16,0,122227,30566,0,0.6705,0.1900,0.1669,0,1.0274,0
8,cpu_t16,1,122227,30566,0,0.7017,0.1774,0.1654,0,1.0445,0
8,cpu_t16,2,122227,30566,0,0.6822,0.1924,0.1988,0,1.0735,0
8,cpu_t16,3,122227,30566,0,0.6953,0.2084,0.1678,0,1.0715,0
8,cpu_t16,4,122227,30566,0,0.6850,0.1888,0.1791,0,1.0529,0
8,gpu_thrust_uf,0,122227,30566,0.1077,0.9017,0.1229,0.1505,0.0333,1.2426,0
8,gpu_thrust_uf,1,122227,30566,0.0803,0.6577,0.0338,0.1065,0.0329,0.8660,0
8,gpu_thrust_uf,2,122227,30566,0.0763,0.6636,0.0369,0.1065,0.0286,0.8611,0
8,gpu_thrust_uf,3,122227,30566,0.0768,0.6476,0.0532,0.1065,0.0314,0.8664,0
8,gpu_thrust_uf,4,122227,30566,0.0813,0.8590,0.0840,0.2181,0.1280,1.3139,0
8,gpu_hash_uf,0,122227,30566,0.0770,0.5592,0.0922,0.1618,0.1401,1.0014,0
8,gpu_hash_uf,1,122227,30566,0.0804,0.6510,0.0932,0.1720,0.1214,1.0558,0
8,gpu_hash_uf,2,122227,30566,0.0768,0.5672,0.0922,0.1638,0.1229,0.9646,0
8,gpu_hash_uf,3,122227,30566,0.0782,0.6327,0.0809,0.1905,0.1502,1.0650,0
8,gpu_hash_uf,4,122227,30566,0.1358,0.5446,0.0922,0.1638,0.1554,1.0570,0
8,gpu_hash_prop,0,122227,30566,0.0785,0.8118,0.1024,17.0404,0.1212,16.6758,135
8,gpu_hash_prop,1,122227,30566,0.0769,0.7416,0.1576,18.2669,0.1912,17.8682,135
8,gpu_hash_prop,2,122227,30566,0.0794,0.5957,0.0892,17.4888,0.1213,16.8744,135
8,gpu_hash_prop,3,122227,30566,0.0826,0.6313,0.0911,17.0967,0.1205,16.5459,135
8,gpu_hash_prop,4,122227,30566,0.0769,0.5862,0.0922,18.6040,0.1518,17.9385,135
8,gpu_hash_prop16,0,122227,30566,0.0768,0.5709,0.0922,8.0189,0.1156,8.1680,144
8,gpu_hash_prop16,1,122227,30566,0.0793,0.5668,0.0911,8.3896,0.1172,8.4996,144
8,gpu_hash_prop16,2,122227,30566,0.0782,0.5632,0.0922,8.3896,0.1573,8.5321,144
8,gpu_hash_prop16,3,122227,30566,0.0768,0.5222,0.0727,7.9288,0.1241,8.0266,144
8,gpu_hash_prop16,4,122227,30566,0.0771,0.5831,0.0727,8.5525,0.1311,8.6567,144
9,cpu_t1,0,122402,30482,0,3.6916,1.6151,0.1619,0,5.4686,0
9,cpu_t1,1,122402,30482,0,3.7904,1.5194,0.1246,0,5.4345,0
9,cpu_t1,2,122402,30482,0,3.6407,1.3825,0.1274,0,5.1506,0
9,cpu_t1,3,122402,30482,0,3.7467,1.5336,0.1242,0,5.4045,0
9,cpu_t1,4,122402,30482,0,3.6600,1.4176,0.1237,0,5.2013,0
9,cpu_t2,0,122402,30482,0,2.0160,0.6829,0.1219,0,2.8208,0
9,cpu_t2,1,122402,30482,0,1.9877,0.7452,0.1448,0,2.8777,0
9,cpu_t2,2,122402,30482,0,1.9387,0.9577,0.1234,0,3.0197,0
9,cpu_t2,3,122402,30482,0,2.0751,0.7124,0.1220,0,2.9095,0
9,cpu_t2,4,122402,30482,0,1.9426,0.6640,0.1261,0,2.7327,0
9,cpu_t4,0,122402,30482,0,1.1814,0.3680,0.1227,0,1.6721,0
9,cpu_t4,1,122402,30482,0,1.1477,0.3510,0.1253,0,1.6239,0
9,cpu_t4,2,122402,30482,0,1.4876,0.3983,0.1341,0,2.0201,0
9,cpu_t4,3,122402,30482,0,1.2212,0.8806,0.1247,0,2.2266,0
9,cpu_t4,4,122402,30482,0,1.2287,0.3723,0.1378,0,1.7387,0
9,cpu_t8,0,122402,30482,0,0.9602,0.3810,0.1242,0,1.4654,0
9,cpu_t8,1,122402,30482,0,0.9420,0.3328,0.1361,0,1.4108,0
9,cpu_t8,2,122402,30482,0,0.9470,0.3337,0.1241,0,1.4048,0
9,cpu_t8,3,122402,30482,0,0.9332,0.3322,0.1333,0,1.3987,0
9,cpu_t8,4,122402,30482,0,0.9330,0.3338,0.1269,0,1.3936,0
9,cpu_t16,0,122402,30482,0,18.8501,0.3656,0.1586,0,19.3743,0
9,cpu_t16,1,122402,30482,0,1.2114,0.3655,0.1597,0,1.7366,0
9,cpu_t16,2,122402,30482,0,1.2550,0.3582,0.1847,0,1.7979,0
9,cpu_t16,3,122402,30482,0,1.3640,0.3761,0.1590,0,1.8990,0
9,cpu_t16,4,122402,30482,0,1.4945,0.3607,0.1671,0,2.0223,0
9,gpu_thrust_uf,0,122402,30482,0.0781,0.8226,0.0344,0.0973,0.0325,1.0122,0
9,gpu_thrust_uf,1,122402,30482,0.0853,0.9138,0.0338,0.0952,0.0344,1.1010,0
9,gpu_thrust_uf,2,122402,30482,0.0761,0.6748,0.0369,0.0952,0.0301,0.8608,0
9,gpu_thrust_uf,3,122402,30482,0.0761,0.6787,0.0358,0.0952,0.0193,0.8531,0
9,gpu_thrust_uf,4,122402,30482,0.0760,0.6212,0.0369,0.0963,0.0173,0.8007,0
9,gpu_hash_uf,0,122402,30482,0.0819,0.1900,0.0338,0.0952,0.0168,0.4142,0
9,gpu_hash_uf,1,122402,30482,0.0761,0.1980,0.0328,0.0952,0.0204,0.4112,0
9,gpu_hash_uf,2,122402,30482,0.0761,0.1883,0.0336,0.0952,0.0188,0.4016,0
9,gpu_hash_uf,3,122402,30482,0.0762,0.1675,0.0367,0.0952,0.0291,0.3938,0
9,gpu_hash_uf,4,122402,30482,0.0818,0.1889,0.0358,0.0952,0.0452,0.4556,0
9,gpu_hash_prop,0,122402,30482,0.0834,0.2829,0.0328,7.3769,0.0266,7.2516,127
9,gpu_hash_prop,1,122402,30482,0.0864,0.2499,0.0369,8.6600,0.0572,8.3498,127
9,gpu_hash_prop,2,122402,30482,0.0789,0.2188,0.0369,10.0710,0.0198,9.5844,127
9,gpu_hash_prop,3,122402,30482,0.0763,0.2017,0.0369,8.3722,0.0452,8.0248,127
9,gpu_hash_prop,4,122402,30482,0.0795,0.2510,0.0604,12.7734,0.0328,12.1237,127
9,gpu_hash_prop16,0,122402,30482,0.0801,0.4755,0.1355,7.7462,0.1215,7.8651,128
9,gpu_hash_prop16,1,122402,30482,0.0837,0.6516,0.0922,6.3037,0.0950,6.6517,128
9,gpu_hash_prop16,2,122402,30482,0.0763,0.4741,0.1188,4.3644,0.1047,4.7305,128
9,gpu_hash_prop16,3,122402,30482,0.1272,0.3281,0.0891,5.4940,0.1008,5.6525,128
9,gpu_hash_prop16,4,122402,30482,0.0949,0.3553,0.0307,4.8395,0.0315,4.9313,128
10,cpu_t1,0,122486,30510,0,3.9102,1.3094,0.1435,0,5.3631,0
10,cpu_t1,1,122486,30510,0,3.6756,1.4120,0.1927,0,5.2804,0
10,cpu_t1,2,122486,30510,0,3.6990,1.3894,0.1738,0,5.2622,0
10,cpu_t1,3,122486,30510,0,3.6690,1.3142,0.1378,0,5.1210,0
10,cpu_t1,4,122486,30510,0,3.7257,1.3444,0.1326,0,5.2026,0
10,cpu_t2,0,122486,30510,0,2.2760,0.6563,0.1464,0,3.0788,0
10,cpu_t2,1,122486,30510,0,1.9959,0.6769,0.1326,0,2.8054,0
10,cpu_t2,2,122486,30510,0,2.1251,0.9026,0.1737,0,3.2014,0
10,cpu_t2,3,122486,30510,0,2.3634,0.6474,0.1434,0,3.1541,0
10,cpu_t2,4,122486,30510,0,1.9548,0.6784,0.2498,0,2.8830,0
10,cpu_t4,0,122486,30510,0,1.2151,0.3419,0.1333,0,1.6903,0
10,cpu_t4,1,122486,30510,0,1.2498,0.3301,0.1321,0,1.7120,0
10,cpu_t4,2,122486,30510,0,1.2068,0.3395,0.1319,0,1.6781,0
10,cpu_t4,3,122486,30510,0,1.2050,0.4276,0.1313,0,1.7639,0
10,cpu_t4,4,122486,30510,0,1.1871,0.3336,0.1354,0,1.6561,0
10,cpu_t8,0,122486,30510,0,1.0207,0.3817,0.1680,0,1.5704,0
10,cpu_t8,1,122486,30510,0,1.0591,0.4014,0.1727,0,1.6331,0
10,cpu_t8,2,122486,30510,0,1.0876,0.3731,0.1357,0,1.5964,0
10,cpu_t8,3,122486,30510,0,1.0035,0.3783,0.1359,0,1.5177,0
10,cpu_t8,4,122486,30510,0,0.9192,0.3894,0.2041,0,1.5126,0
10,cpu_t16,0,122486,30510,0,1.2886,0.3811,0.1668,0,1.8365,0
10,cpu_t16,1,122486,30510,0,1.2417,0.3657,0.1659,0,1.7733,0
10,cpu_t16,2,122486,30510,0,1.2478,0.4189,0.1690,0,1.8357,0
10,cpu_t16,3,122486,30510,0,1.2558,0.3724,0.1712,0,1.7995,0
10,cpu_t16,4,122486,30510,0,1.2594,0.3807,0.1712,0,1.8112,0
10,gpu_thrust_uf,0,122486,30510,0.0851,0.8856,0.0338,0.1065,0.0324,1.0791,0
10,gpu_thrust_uf,1,122486,30510,0.0819,0.8032,0.0369,0.1065,0.0228,0.9962,0
10,gpu_thrust_uf,2,122486,30510,0.0774,0.8004,0.0307,0.1065,0.0256,1.0762,0
10,gpu_thrust_uf,3,122486,30510,0.0839,0.9039,0.0369,0.1065,0.0241,1.0915,0
10,gpu_thrust_uf,4,122486,30510,0.0799,0.7297,0.0369,0.1065,0.0230,0.9177,0
10,gpu_hash_uf,0,122486,30510,0.0797,0.2019,0.0338,0.1065,0.0232,0.4274,0
10,gpu_hash_uf,1,122486,30510,0.0764,0.2286,0.0369,0.1055,0.0236,0.4534,0
10,gpu_hash_uf,2,122486,30510,0.0785,0.2092,0.0358,0.1065,0.0225,0.4418,0
10,gpu_hash_uf,3,122486,30510,0.0783,0.2176,0.0358,0.1065,0.0231,0.4537,0
10,gpu_hash_uf,4,122486,30510,0.0760,0.2037,0.0338,0.1065,0.0224,0.4304,0
10,gpu_hash_prop,0,122486,30510,0.0785,0.2228,0.0338,8.5340,0.0212,8.1674,120
10,gpu_hash_prop,1,122486,30510,0.0813,0.2093,0.0369,8.1551,0.0240,7.8223,120
10,gpu_hash_prop,2,122486,30510,0.0803,0.2476,0.0358,8.6159,0.0212,8.2696,120
10,gpu_hash_prop,3,122486,30510,0.0763,0.2280,0.0666,8.4275,0.0435,8.1233,120
10,gpu_hash_prop,4,122486,30510,0.0782,0.7399,0.0307,8.0538,0.0213,8.2103,120
10,gpu_hash_prop16,0,122486,30510,0.0761,0.1986,0.0512,1.8954,0.0235,2.0763,128
10,gpu_hash_prop16,1,122486,30510,0.0829,0.2574,0.0328,1.6835,0.0320,1.9417,128
10,gpu_hash_prop16,2,122486,30510,0.0761,0.2673,0.0492,2.2661,0.0492,2.5011,128
10,gpu_hash_prop16,3,122486,30510,0.0801,0.2423,0.0829,2.8744,0.0286,3.0545,128
10,gpu_hash_prop16,4,122486,30510,0.0801,0.2793,0.0410,2.2804,0.0488,2.5207,128
11,cpu_t1,0,122554,30492,0,3.7572,1.2976,0.1475,0,5.2023,0
11,cpu_t1,1,122554,30492,0,3.6881,1.2839,0.1466,0,5.1187,0
11,cpu_t1,2,122554,30492,0,3.8779,1.2917,0.1497,0,5.3193,0
11,cpu_t1,3,122554,30492,0,3.9587,1.2752,0.1473,0,5.3812,0
11,cpu_t1,4,122554,30492,0,3.7363,1.2681,0.1448,0,5.1492,0
11,cpu_t2,0,122554,30492,0,2.2265,0.8430,0.1458,0,3.2153,0
11,cpu_t2,1,122554,30492,0,1.9631,0.6472,0.1463,0,2.7565,0
11,cpu_t2,2,122554,30492,0,1.9994,0.6473,0.1439,0,2.7906,0
11,cpu_t2,3,122554,30492,0,2.1458,0.6916,0.1470,0,2.9844,0
11,cpu_t2,4,122554,30492,0,2.1017,0.6955,0.1446,0,2.9418,0
11,cpu_t4,0,122554,30492,0,1.3844,0.5050,0.1822,0,2.0716,0
11,cpu_t4,1,122554,30492,0,1.4954,0.4467,0.1864,0,2.1285,0
11,cpu_t4,2,122554,30492,0,1.5708,0.4188,0.1471,0,2.1367,0
11,cpu_t4,3,122554,30492,0,1.3466,0.3243,0.1476,0,1.8184,0
11,cpu_t4,4,122554,30492,0,1.5419,0.3942,0.1622,0,2.0984,0
11,cpu_t8,0,122554,30492,0,0.9838,0.3320,0.1815,0,1.4973,0
11,cpu_t8,1,122554,30492,0,0.9059,0.3338,0.1482,0,1.3879,0
11,cpu_t8,2,122554,30492,0,0.9062,0.3442,0.1452,0,1.3955,0
11,cpu_t8,3,122554,30492,0,0.9079,0.3603,0.1481,0,1.4163,0
11,cpu_t8,4,122554,30492,0,1.0009,0.3299,0.1487,0,1.4794,0
11,cpu_t16,0,122554,30492,0,1.2336,0.3539,0.1817,0,1.7691,0
11,cpu_t16,1,122554,30492,0,1.2778,0.3442,0.1835,0,1.8055,0
11,cpu_t16,2,122554,30492,0,1.3542,0.3503,0.1838,0,1.8884,0
11,cpu_t16,3,122554,30492,0,1.2968,0.3537,0.1826,0,1.8331,0
11,cpu_t16,4,122554,30492,0,1.2370,0.3485,0.3243,0,1.9098,0
11,gpu_thrust_uf,0,122554,30492,0.0822,0.8148,0.0327,0.1792,0.0335,1.0821,0
11,gpu_thrust_uf,1,122554,30492,0.0762,0.7532,0.0563,0.1505,0.0185,0.9952,0
11,gpu_thrust_uf,2,122554,30492,0.0849,0.7413,0.0756,0.1137,0.0295,0.9812,0
11,gpu_thrust_uf,3,122554,30492,0.0772,0.6709,0.0768,0.1137,0.0175,0.9005,0
11,gpu_thrust_uf,4,122554,30492,0.0797,0.7151,0.0594,0.1505,0.0181,0.9599,0
11,gpu_hash_uf,0,122554,30492,0.0797,0.1972,0.0563,0.1341,0.0191,0.4652,0
11,gpu_hash_uf,1,122554,30492,0.0807,0.2235,0.0369,0.1137,0.0270,0.4794,0
11,gpu_hash_uf,2,122554,30492,0.0773,0.2229,0.0358,0.1178,0.0203,0.4649,0
11,gpu_hash_uf,3,122554,30492,0.0769,0.1911,0.0328,0.1147,0.0175,0.4223,0
11,gpu_hash_uf,4,122554,30492,0.0801,0.2305,0.0399,0.1137,0.0259,0.4996,0
11,gpu_hash_prop,0,122554,30492,0.0790,0.5434,0.1126,17.7623,0.1677,17.1290,197
11,gpu_hash_prop,1,122554,30492,0.1168,0.6939,0.0911,17.8729,0.0732,17.3021,197
11,gpu_hash_prop,2,122554,30492,0.0797,0.2646,0.0780,11.5393,0.0197,11.0011,197
11,gpu_hash_prop,3,122554,30492,0.0761,0.2140,0.0543,12.7468,0.0269,12.0430,197
11,gpu_hash_prop,4,122554,30492,0.0761,0.2112,0.0338,14.2561,0.0232,13.4049,197
11,gpu_hash_prop16,0,122554,30492,0.0808,0.2780,0.1052,3.2532,0.0334,3.4566,208
11,gpu_hash_prop16,1,122554,30492,0.0796,0.2106,0.0492,4.1431,0.0291,4.1567,208
11,gpu_hash_prop16,2,122554,30492,0.0774,0.2386,0.0336,4.3172,0.0261,4.3256,208
11,gpu_hash_prop16,3,122554,30492,0.0773,0.2150,0.0389,3.9332,0.0212,3.9561,208
11,gpu_hash_prop16,4,122554,30492,0.0787,0.2624,0.0594,3.5584,0.0150,3.6789,208
12,cpu_t1,0,122460,30316,0,4.2502,1.3868,0.1280,0,5.7651,0
12,cpu_t1,1,122460,30316,0,3.6296,1.3799,0.1239,0,5.1333,0
12,cpu_t1,2,122460,30316,0,3.5722,1.4182,0.1232,0,5.1136,0
12,cpu_t1,3,122460,30316,0,3.6328,1.3715,0.1270,0,5.1314,0
12,cpu_t1,4,122460,30316,0,4.4768,1.3292,0.1295,0,5.9354,0
12,cpu_t2,0,122460,30316,0,2.0028,0.6652,0.1233,0,2.7914,0
12,cpu_t2,1,122460,30316,0,1.9606,0.7165,0.1273,0,2.8043,0
12,cpu_t2,2,122460,30316,0,2.1049,0.7293,0.1265,0,2.9606,0
12,cpu_t2,3,122460,30316,0,2.3742,0.6580,0.1361,0,3.1684,0
12,cpu_t2,4,122460,30316,0,2.0094,0.6667,0.1373,0,2.8135,0
12,cpu_t4,0,122460,30316,0,1.2546,0.4955,0.1288,0,1.8788,0
12,cpu_t4,1,122460,30316,0,1.2703,0.3479,0.1286,0,1.7468,0
12,cpu_t4,2,122460,30316,0,1.3083,0.6580,0.1761,0,2.1424,0
12,cpu_t4,3,122460,30316,0,1.4837,0.3778,0.2760,0,2.1375,0
12,cpu_t4,4,122460,30316,0,1.5480,0.6583,0.1573,0,2.3635,0
12,cpu_t8,0,122460,30316,0,1.1400,0.3572,0.1526,0,1.6498,0
12,cpu_t8,1,122460,30316,0,1.1276,0.3544,0.1652,0,1.6473,0
12,cpu_t8,2,122460,30316,0,1.0648,0.3594,0.1258,0,1.5500,0
12,cpu_t8,3,122460,30316,0,0.8846,0.3449,0.1252,0,1.3547,0
12,cpu_t8,4,122460,30316,0,0.8871,0.3552,0.1244,0,1.3668,0
12,cpu_t16,0,122460,30316,0,1.5773,0.1928,0.1537,0,1.9238,0
12,cpu_t16,1,122460,30316,0,0.8596,0.1935,0.1579,0,1.2111,0
12,cpu_t16,2,122460,30316,0,0.7043,0.1929,0.1588,0,1.0560,0
12,cpu_t16,3,122460,30316,0,0.6898,0.1926,0.1764,0,1.0588,0
12,cpu_t16,4,122460,30316,0,0.6966,0.2086,0.1579,0,1.0631,0
12,gpu_thrust_uf,0,122460,30316,0.0807,0.8336,0.0410,0.1413,0.0280,1.0634,0
12,gpu_thrust_uf,1,122460,30316,0.0783,0.7833,0.0379,0.1147,0.0245,0.9884,0
12,gpu_thrust_uf,2,122460,30316,0.0858,2.0632,0.0829,0.1167,0.0340,2.2201,0
12,gpu_thrust_uf,3,122460,30316,0.0886,0.8015,0.0635,0.1792,0.0235,1.0864,0
12,gpu_thrust_uf,4,122460,30316,0.0770,0.7718,0.0604,0.1597,0.0192,1.0212,0
12,gpu_hash_uf,0,122460,30316,0.0769,0.2430,0.0614,0.1659,0.0232,0.5422,0
12,gpu_hash_uf,1,122460,30316,0.0771,0.2449,0.0881,0.1393,0.0262,0.5513,0
12,gpu_hash_uf,2,122460,30316,0.0782,0.2417,0.0604,0.1608,0.0273,0.5476,0
12,gpu_hash_uf,3,122460,30316,0.0768,0.2861,0.0584,0.1669,0.0195,0.5820,0
12,gpu_hash_uf,4,122460,30316,0.0770,0.2369,0.0614,0.1618,0.0291,0.5412,0
12,gpu_hash_prop,0,122460,30316,0.1151,1.4139,0.0317,10.3199,0.0285,10.9528,114
12,gpu_hash_prop,1,122460,30316,0.0781,0.4613,0.0328,10.5830,0.0484,10.2904,114
12,gpu_hash_prop,2,122460,30316,0.0886,0.4841,0.0922,12.5020,0.1036,12.1848,114
12,gpu_hash_prop,3,122460,30316,0.0780,0.3632,0.0304,10.4776,0.0214,10.0853,114
12,gpu_hash_prop,4,122460,30316,0.1492,1.1103,0.0389,5.9986,0.0243,6.7355,114
12,gpu_hash_prop16,0,122460,30316,0.0803,0.1842,0.0358,1.4336,0.0277,1.6369,128
12,gpu_hash_prop16,1,122460,30316,0.0781,0.2038,0.0307,1.5514,0.0270,1.7528,128
12,gpu_hash_prop16,2,122460,30316,0.0762,0.1990,0.0410,3.9424,0.1085,4.0221,128
12,gpu_hash_prop16,3,122460,30316,0.1135,0.3381,0.0962,5.7006,0.0293,6.0760,128
12,gpu_hash_prop16,4,122460,30316,0.0760,0.5053,0.0328,4.7258,0.1303,5.4926,128
13,cpu_t1,0,122566,30372,0,3.8899,1.4676,0.1392,0,5.4967,0
13,cpu_t1,1,122566,30372,0,4.1233,1.6737,0.1456,0,5.9425,0
13,cpu_t1,2,122566,30372,0,4.0467,1.4526,0.1398,0,5.6391,0
13,cpu_t1,3,122566,30372,0,3.9631,1.4298,0.1481,0,5.5410,0
13,cpu_t1,4,122566,30372,0,4.1243,1.6237,0.1403,0,5.8884,0
13,cpu_t2,0,122566,30372,0,2.1455,0.7388,0.1377,0,3.0219,0
13,cpu_t2,1,122566,30372,0,2.1687,0.7520,0.1357,0,3.0564,0
13,cpu_t2,2,122566,30372,0,2.1862,0.7762,0.1368,0,3.0992,0
13,cpu_t2,3,122566,30372,0,2.3255,0.7879,0.1702,0,3.2836,0
13,cpu_t2,4,122566,30372,0,2.2254,0.7989,0.1452,0,3.1695,0
13,cpu_t4,0,122566,30372,0,1.3117,0.4056,0.1372,0,1.8545,0
13,cpu_t4,1,122566,30372,0,1.2666,0.4006,0.1384,0,1.8056,0
13,cpu_t4,2,122566,30372,0,1.2317,0.4006,0.1563,0,1.7886,0
13,cpu_t4,3,122566,30372,0,1.2522,0.3913,0.1379,0,1.7814,0
13,cpu_t4,4,122566,30372,0,1.2941,0.4011,0.1416,0,1.8368,0
13,cpu_t8,0,122566,30372,0,1.0944,0.3905,0.1721,0,1.6570,0
13,cpu_t8,1,122566,30372,0,1.0427,0.3948,0.1388,0,1.5763,0
13,cpu_t8,2,122566,30372,0,1.0410,0.4046,0.1370,0,1.5826,0
13,cpu_t8,3,122566,30372,0,1.0945,0.4167,0.1376,0,1.6488,0
13,cpu_t8,4,122566,30372,0,1.0782,0.3839,0.1371,0,1.5992,0
13,cpu_t16,0,122566,30372,0,0.7712,0.2198,0.1864,0,1.1774,0
13,cpu_t16,1,122566,30372,0,0.7725,0.1988,0.1763,0,1.1476,0
13,cpu_t16,2,122566,30372,0,0.7703,0.1997,0.1756,0,1.1455,0
13,cpu_t16,3,122566,30372,0,0.7505,0.4341,0.1743,0,1.3588,0
13,cpu_t16,4,122566,30372,0,1.7033,0.3950,0.1766,0,2.2749,0
13,gpu_thrust_uf,0,122566,30372,0.0888,1.0329,0.0389,0.1157,0.0290,1.3470,0
13,gpu_thrust_uf,1,122566,30372,0.0804,0.6542,0.0358,0.1157,0.0295,0.9480,0
13,gpu_thrust_uf,2,122566,30372,0.0771,0.7699,0.0604,0.1505,0.0181,1.1056,0
13,gpu_thrust_uf,3,122566,30372,0.0799,0.7746,0.0982,0.2406,0.0332,1.2514,0
13,gpu_thrust_uf,4,122566,30372,0.0785,0.8328,0.0987,0.2413,0.0330,1.3123,0
13,gpu_hash_uf,0,122566,30372,0.0796,0.3499,0.0922,0.2171,0.0315,0.7979,0
13,gpu_hash_uf,1,122566,30372,0.0811,0.4732,0.0933,0.2180,0.0261,0.9146,0
13,gpu_hash_uf,2,122566,30372,0.0762,0.5331,0.1024,0.1176,0.0342,0.8855,0
13,gpu_hash_uf,3,122566,30372,0.0761,0.3670,0.0338,0.1669,0.0486,0.7139,0
13,gpu_hash_uf,4,122566,30372,0.0770,0.3724,0.0951,0.2089,0.0284,0.8093,0
13,gpu_hash_prop,0,122566,30372,0.0778,0.4323,0.0909,9.7669,0.1270,10.5176,86
13,gpu_hash_prop,1,122566,30372,0.0780,0.4296,0.0338,7.9033,0.0325,8.5034,86
13,gpu_hash_prop,2,122566,30372,0.0804,0.5104,0.0369,9.9945,0.1119,10.7598,86
13,gpu_hash_prop,3,122566,30372,0.1032,0.3352,0.1196,8.1295,0.1319,8.8493,86
13,gpu_hash_prop,4,122566,30372,0.0764,0.3637,0.1188,9.8017,0.1314,10.5144,86
13,gpu_hash_prop16,0,122566,30372,0.0763,0.4745,0.0592,5.0637,0.0610,5.7643,96
13,gpu_hash_prop16,1,122566,30372,0.0807,0.4838,0.0939,3.5791,0.1136,4.3825,96
13,gpu_hash_prop16,2,122566,30372,0.0772,0.4281,0.0905,3.6912,0.0600,4.3763,96
13,gpu_hash_prop16,3,122566,30372,0.0772,0.5291,0.1034,5.2449,0.0976,6.0785,96
13,gpu_hash_prop16,4,122566,30372,0.1135,1.6643,0.0317,3.0413,0.0946,4.9737,96
14,cpu_t1,0,122501,30406,0,4.0104,1.5989,0.1402,0,5.7495,0
14,cpu_t1,1,122501,30406,0,4.0241,1.5066,0.1337,0,5.6644,0
14,cpu_t1,2,122501,30406,0,4.0345,1.6361,0.1347,0,5.8054,0
14,cpu_t1,3,122501,30406,0,4.0076,1.4809,0.1327,0,5.6212,0
14,cpu_t1,4,122501,30406,0,4.0358,1.5753,0.1332,0,5.7442,0
14,cpu_t2,0,122501,30406,0,2.3894,0.7415,0.1341,0,3.2650,0
14,cpu_t2,1,122501,30406,0,2.1896,0.7464,0.1335,0,3.0694,0
14,cpu_t2,2,122501,30406,0,2.1261,0.7378,0.1318,0,2.9956,0
14,cpu_t2,3,122501,30406,0,2.1890,0.7533,0.1317,0,3.0741,0
14,cpu_t2,4,122501,30406,0,2.4067,0.9171,0.1913,0,3.5152,0
14,cpu_t4,0,122501,30406,0,1.3021,0.7657,0.1800,0,2.2477,0
14,cpu_t4,1,122501,30406,0,1.6246,0.4561,0.1321,0,2.2127,0
14,cpu_t4,2,122501,30406,0,1.3291,0.4017,0.1323,0,1.8631,0
14,cpu_t4,3,122501,30406,0,1.2660,0.4265,0.1326,0,1.8251,0
14,cpu_t4,4,122501,30406,0,1.3063,0.3866,0.1342,0,1.8271,0
14,cpu_t8,0,122501,30406,0,0.8557,0.2194,0.1333,0,1.2084,0
14,cpu_t8,1,122501,30406,0,0.9767,0.6483,0.1341,0,1.7591,0
14,cpu_t8,2,122501,30406,0,1.0856,0.4079,0.1315,0,1.6250,0
14,cpu_t8,3,122501,30406,0,1.0776,0.4340,0.1315,0,1.6432,0
14,cpu_t8,4,122501,30406,0,1.0801,0.4043,0.1312,0,1.6157,0
14,cpu_t16,0,122501,30406,0,0.8053,0.2103,0.1810,0,1.1966,0
14,cpu_t16,1,122501,30406,0,0.7581,0.2149,0.1710,0,1.1440,0
14,cpu_t16,2,122501,30406,0,0.8110,0.2109,0.1656,0,1.1875,0
14,cpu_t16,3,122501,30406,0,0.7981,0.2139,0.1686,0,1.1807,0
14,cpu_t16,4,122501,30406,0,0.7474,0.2171,0.1711,0,1.1356,0
14,gpu_thrust_uf,0,122501,30406,0.0783,0.9562,0.0369,0.1178,0.0344,1.2606,0
14,gpu_thrust_uf,1,122501,30406,0.0809,1.9938,0.0317,0.1219,0.0238,2.2864,0
14,gpu_thrust_uf,2,122501,30406,0.0782,0.9315,0.0369,0.1208,0.0345,1.2302,0
14,gpu_thrust_uf,3,122501,30406,0.0769,0.7682,0.0624,0.1546,0.0192,1.1096,0
14,gpu_thrust_uf,4,122501,30406,0.0772,0.8068,0.0614,0.1567,0.0200,1.1462,0
14,gpu_hash_uf,0,122501,30406,0.0768,0.2534,0.0799,0.1178,0.0297,0.5799,0
14,gpu_hash_uf,1,122501,30406,0.0769,0.2758,0.0338,0.1167,0.0206,0.5492,0
14,gpu_hash_uf,2,122501,30406,0.0768,0.2471,0.0758,0.1505,0.0202,0.5961,0
14,gpu_hash_uf,3,122501,30406,0.0771,0.2589,0.0809,0.1464,0.0193,0.6074,0
14,gpu_hash_uf,4,122501,30406,0.0769,0.2477,0.0604,0.1618,0.0338,0.6049,0
14,gpu_hash_prop,0,122501,30406,0.0802,0.2117,0.0573,6.1901,0.0235,6.5780,94
14,gpu_hash_prop,1,122501,30406,0.0793,0.2281,0.0614,5.9853,0.0195,6.3937,94
14,gpu_hash_prop,2,122501,30406,0.0770,0.2073,0.0328,6.7286,0.0344,7.1009,94
14,gpu_hash_prop,3,122501,30406,0.0772,0.2114,0.0420,6.2036,0.0449,6.6008,94
14,gpu_hash_prop,4,122501,30406,0.0840,0.2752,0.0399,4.9787,0.0204,5.4307,94
14,gpu_hash_prop16,0,122501,30406,0.0961,0.5966,0.0307,2.1780,0.0259,2.9446,96
14,gpu_hash_prop16,1,122501,30406,0.0787,0.1924,0.0328,2.1176,0.0658,2.5081,96
14,gpu_hash_prop16,2,122501,30406,0.0770,0.2497,0.0594,2.2610,0.0281,2.6954,96
14,gpu_hash_prop16,3,122501,30406,0.0773,0.2628,0.0399,2.3122,0.0314,2.7444,96
14,gpu_hash_prop16,4,122501,30406,0.0770,0.2810,0.0358,2.3337,0.0289,2.7771,96
15,cpu_t1,0,122455,30384,0,4.1349,1.4628,0.1468,0,5.7445,0
15,cpu_t1,1,122455,30384,0,4.1690,1.3675,0.1475,0,5.6840,0
15,cpu_t1,2,122455,30384,0,4.0082,1.3901,0.1474,0,5.5457,0
15,cpu_t1,3,122455,30384,0,4.0579,1.3948,0.1450,0,5.5977,0
15,cpu_t1,4,122455,30384,0,4.1238,1.4050,0.1565,0,5.6853,0
15,cpu_t2,0,122455,30384,0,2.4499,0.7412,0.1460,0,3.3371,0
15,cpu_t2,1,122455,30384,0,2.2749,0.7015,0.1423,0,3.1186,0
15,cpu_t2,2,122455,30384,0,2.2810,0.8109,0.1510,0,3.2430,0
15,cpu_t2,3,122455,30384,0,2.2584,0.7207,0.1475,0,3.1266,0
15,cpu_t2,4,122455,30384,0,2.2126,0.7408,0.1442,0,3.0976,0
15,cpu_t4,0,122455,30384,0,1.4389,0.3800,0.1435,0,1.9624,0
15,cpu_t4,1,122455,30384,0,1.2629,0.3677,0.1475,0,1.7782,0
15,cpu_t4,2,122455,30384,0,1.2563,0.3629,0.1696,0,1.7889,0
15,cpu_t4,3,122455,30384,0,1.5001,0.4729,0.1546,0,2.1277,0
15,cpu_t4,4,122455,30384,0,1.3279,0.3814,0.1434,0,1.8527,0
15,cpu_t8,0,122455,30384,0,1.0788,0.4218,0.1797,0,1.6803,0
15,cpu_t8,1,122455,30384,0,1.0832,0.3865,0.1798,0,1.6495,0
15,cpu_t8,2,122455,30384,0,1.0699,0.3878,0.1788,0,1.6365,0
15,cpu_t8,3,122455,30384,0,1.0975,0.3994,0.1850,0,1.6819,0
15,cpu_t8,4,122455,30384,0,1.0911,0.3922,0.1845,0,1.6678,0
15,cpu_t16,0,122455,30384,0,0.7592,0.2206,0.1795,0,1.1593,0
15,cpu_t16,1,122455,30384,0,1.1620,0.4566,0.2215,0,1.8401,0
15,cpu_t16,2,122455,30384,0,1.3618,0.3841,0.1759,0,1.9218,0
15,cpu_t16,3,122455,30384,0,1.3376,0.3777,0.1870,0,1.9022,0
15,cpu_t16,4,122455,30384,0,1.3392,0.3919,0.1887,0,1.9198,0
15,gpu_thrust_uf,0,122455,30384,0.0771,1.5240,0.0348,0.1382,0.0367,1.8457,0
15,gpu_thrust_uf,1,122455,30384,0.0888,0.6963,0.0369,0.1260,0.0278,1.0144,0
15,gpu_thrust_uf,2,122455,30384,0.0761,0.8010,0.0328,0.1270,0.0272,1.0937,0
15,gpu_thrust_uf,3,122455,30384,0.0782,0.7500,0.0695,0.1711,0.0291,1.1231,0
15,gpu_thrust_uf,4,122455,30384,0.0770,0.7594,0.0604,0.1669,0.0196,1.1079,0
15,gpu_hash_uf,0,122455,30384,0.0768,0.2484,0.0604,0.1690,0.0324,0.6094,0
15,gpu_hash_uf,1,122455,30384,0.0785,0.6468,0.1065,0.1829,0.0316,1.1889,0
15,gpu_hash_uf,2,122455,30384,0.0791,0.5704,0.0986,0.2383,0.0307,1.0418,0
15,gpu_hash_uf,3,122455,30384,0.0761,0.4593,0.0306,0.1393,0.0340,0.7609,0
15,gpu_hash_uf,4,122455,30384,0.0761,1.3394,0.0307,0.1260,0.0396,1.6374,0
15,gpu_hash_prop,0,122455,30384,0.0780,0.4397,0.0911,17.9907,0.0947,18.7156,179
15,gpu_hash_prop,1,122455,30384,0.0782,0.3709,0.0901,17.7062,0.1039,18.3707,179
15,gpu_hash_prop,2,122455,30384,0.0781,0.3229,0.0358,12.2972,0.0267,12.7843,179
15,gpu_hash_prop,3,122455,30384,0.0810,0.2440,0.0829,15.9969,0.0939,16.5158,179
15,gpu_hash_prop,4,122455,30384,0.0780,0.3524,0.0328,18.0443,0.0883,18.6186,179
15,gpu_hash_prop16,0,122455,30384,0.0842,0.5212,0.0919,7.7386,0.1048,8.5772,192
15,gpu_hash_prop16,1,122455,30384,0.0780,0.3085,0.1147,7.1680,0.0296,7.7250,192
15,gpu_hash_prop16,2,122455,30384,0.0975,1.4568,0.0307,2.8150,0.0252,4.4583,192
15,gpu_hash_prop16,3,122455,30384,0.0965,0.2393,0.0809,4.2506,0.0458,4.7375,192
15,gpu_hash_prop16,4,122455,30384,0.0772,0.2593,0.0772,3.4976,0.0481,3.9825,192
16,cpu_t1,0,122296,30595,0,4.0206,1.4920,0.1362,0,5.6488,0
16,cpu_t1,1,122296,30595,0,4.1459,1.4089,0.1378,0,5.6926,0
16,cpu_t1,2,122296,30595,0,8.1671,1.4144,0.1363,0,9.7178,0
16,cpu_t1,3,122296,30595,0,4.2156,1.4428,0.1391,0,5.7975,0
16,cpu_t1,4,122296,30595,0,4.0137,1.3859,0.1366,0,5.5362,0
16,cpu_t2,0,122296,30595,0,2.1887,0.7054,0.1349,0,3.0290,0
16,cpu_t2,1,122296,30595,0,2.3480,0.6940,0.1357,0,3.1777,0
16,cpu_t2,2,122296,30595,0,2.1559,0.7350,0.2309,0,3.1217,0
16,cpu_t2,3,122296,30595,0,2.1136,0.7035,0.1352,0,2.9523,0
16,cpu_t2,4,122296,30595,0,2.1229,0.6951,0.1340,0,2.9521,0
16,cpu_t4,0,122296,30595,0,1.5996,0.7822,0.1394,0,2.5212,0
16,cpu_t4,1,122296,30595,0,1.5984,0.7629,0.1372,0,2.4985,0
16,cpu_t4,2,122296,30595,0,1.5894,0.7642,0.1351,0,2.4888,0
16,cpu_t4,3,122296,30595,0,1.7460,0.7690,0.1806,0,2.6957,0
16,cpu_t4,4,122296,30595,0,1.8199,0.7727,0.2122,0,2.8049,0
16,cpu_t8,0,122296,30595,0,1.1464,0.4027,0.1991,0,1.7481,0
16,cpu_t8,1,122296,30595,0,1.1509,0.3987,0.1866,0,1.7362,0
16,cpu_t8,2,122296,30595,0,1.2114,0.3646,0.1763,0,1.7523,0
16,cpu_t8,3,122296,30595,0,1.2650,0.4549,0.1715,0,1.8914,0
16,cpu_t8,4,122296,30595,0,1.0826,0.3777,0.1964,0,1.6567,0
16,cpu_t16,0,122296,30595,0,1.4127,0.3515,0.2091,0,1.9733,0
16,cpu_t16,1,122296,30595,0,1.4147,0.4097,0.1771,0,2.0015,0
16,cpu_t16,2,122296,30595,0,1.4001,0.3963,0.1871,0,1.9835,0
16,cpu_t16,3,122296,30595,0,1.3652,0.4089,0.1885,0,1.9626,0
16,cpu_t16,4,122296,30595,0,1.0410,0.4212,0.1827,0,1.6449,0
16,gpu_thrust_uf,0,122296,30595,0.0847,0.8487,0.0389,0.1352,0.0294,1.1665,0
16,gpu_thrust_uf,1,122296,30595,0.0841,0.6998,0.0358,0.1341,0.0279,1.0178,0
16,gpu_thrust_uf,2,122296,30595,0.0813,0.6219,0.0369,0.1331,0.0278,0.9369,0
16,gpu_thrust_uf,3,122296,30595,0.0761,0.6150,0.0328,0.1331,0.0283,0.9108,0
16,gpu_thrust_uf,4,122296,30595,0.0787,0.6175,0.0369,0.1331,0.0292,0.9208,0
16,gpu_hash_uf,0,122296,30595,0.0759,0.2335,0.0882,0.2036,0.0236,0.6493,0
16,gpu_hash_uf,1,122296,30595,0.0768,0.2167,0.0369,0.1331,0.0230,0.5194,0
16,gpu_hash_uf,2,122296,30595,0.0784,0.2058,0.0338,0.1331,0.0229,0.5003,0
16,gpu_hash_uf,3,122296,30595,0.0759,0.2193,0.0338,0.1341,0.0254,0.5123,0
16,gpu_hash_uf,4,122296,30595,0.0788,0.2625,0.0328,0.1341,0.0188,0.5516,0
16,gpu_hash_prop,0,122296,30595,0.0889,0.5456,0.0314,18.2262,0.0477,18.9627,177
16,gpu_hash_prop,1,122296,30595,0.1227,0.1959,0.0338,16.3185,0.1033,16.8314,177
16,gpu_hash_prop,2,122296,30595,0.0780,0.3278,0.2499,18.6143,0.0208,19.3158,177
16,gpu_hash_prop,3,122296,30595,0.0776,0.6099,0.0338,17.5085,0.0943,18.3544,177
16,gpu_hash_prop,4,122296,30595,0.0780,0.3556,0.0337,17.4807,0.0291,18.0050,177
16,gpu_hash_prop16,0,122296,30595,0.0836,0.3207,0.0861,8.6561,0.0912,9.2590,192
16,gpu_hash_prop16,1,122296,30595,0.0780,0.3272,0.1137,6.5126,0.0303,7.0828,192
16,gpu_hash_prop16,2,122296,30595,0.1143,0.2217,0.0338,2.9450,0.0235,3.3664,192
16,gpu_hash_prop16,3,122296,30595,0.0793,0.2276,0.0408,5.3053,0.0295,5.7023,192
16,gpu_hash_prop16,4,122296,30595,0.0780,0.2482,0.0881,3.7181,0.0464,4.2023,192
17,cpu_t1,0,122260,30426,0,4.0044,1.5150,0.1643,0,5.6837,0
17,cpu_t1,1,122260,30426,0,4.6000,1.6937,0.1535,0,6.4471,0
17,cpu_t1,2,122260,30426,0,4.1011,1.5773,0.1499,0,5.8283,0
17,cpu_t1,3,122260,30426,0,3.9664,1.5038,0.1509,0,5.6211,0
17,cpu_t1,4,122260,30426,0,4.0951,1.5976,0.1526,0,5.8453,0
17,cpu_t2,0,122260,30426,0,2.2459,0.7186,0.1607,0,3.1252,0
17,cpu_t2,1,122260,30426,0,2.1648,0.7262,0.1509,0,3.0419,0
17,cpu_t2,2,122260,30426,0,2.1685,0.8336,0.2249,0,3.2270,0
17,cpu_t2,3,122260,30426,0,2.6894,0.8060,0.1541,0,3.6495,0
17,cpu_t2,4,122260,30426,0,2.2110,0.7180,0.1539,0,3.0829,0
17,cpu_t4,0,122260,30426,0,1.2651,0.3950,0.1523,0,1.8124,0
17,cpu_t4,1,122260,30426,0,1.2845,0.3953,0.1497,0,1.8294,0
17,cpu_t4,2,122260,30426,0,1.2737,0.3728,0.1527,0,1.7992,0
17,cpu_t4,3,122260,30426,0,1.3742,0.4042,0.1517,0,1.9302,0
17,cpu_t4,4,122260,30426,0,1.2694,0.3738,0.1655,0,1.8088,0
17,cpu_t8,0,122260,30426,0,1.0335,0.3580,0.1575,0,1.5490,0
17,cpu_t8,1,122260,30426,0,1.0276,0.3956,0.1508,0,1.5740,0
17,cpu_t8,2,122260,30426,0,1.0066,0.3408,0.1619,0,1.5093,0
17,cpu_t8,3,122260,30426,0,0.9639,0.3521,0.1610,0,1.4770,0
17,cpu_t8,4,122260,30426,0,1.0305,0.3380,0.1508,0,1.5193,0
17,cpu_t16,0,122260,30426,0,0.8082,0.2248,0.1902,0,1.2232,0
17,cpu_t16,1,122260,30426,0,0.8843,0.2029,0.1935,0,1.2806,0
17,cpu_t16,2,122260,30426,0,0.7572,0.2063,0.2274,0,1.1909,0
17,cpu_t16,3,122260,30426,0,0.7630,0.3344,0.1939,0,1.2913,0
17,cpu_t16,4,122260,30426,0,1.6344,0.3891,0.1873,0,2.2108,0
17,gpu_thrust_uf,0,122260,30426,0.0810,0.7785,0.0430,0.1394,0.0328,1.1106,0
17,gpu_thrust_uf,1,122260,30426,0.0814,0.7978,0.0358,0.1341,0.0334,1.1157,0
17,gpu_thrust_uf,2,122260,30426,0.0782,0.8670,0.0778,0.1741,0.0226,1.2455,0
17,gpu_thrust_uf,3,122260,30426,0.0810,0.8263,0.0672,0.1802,0.0199,1.2079,0
17,gpu_thrust_uf,4,122260,30426,0.0768,0.7457,0.0707,0.1556,0.0277,1.1011,0
17,gpu_hash_uf,0,122260,30426,0.1159,0.7092,0.0338,0.1352,0.0294,1.0472,0
17,gpu_hash_uf,1,122260,30426,0.0816,0.4379,0.0788,0.2202,0.0309,0.8732,0
17,gpu_hash_uf,2,122260,30426,0.0807,0.4433,0.0911,0.2580,0.0268,0.9289,0
17,gpu_hash_uf,3,122260,30426,0.0808,0.4155,0.0983,0.2396,0.0312,0.8925,0
17,gpu_hash_uf,4,122260,30426,0.0810,0.3914,0.0328,0.1782,0.0352,0.7440,0
17,gpu_hash_prop,0,122260,30426,0.0778,0.4242,0.0305,19.4744,0.0969,20.1271,190
17,gpu_hash_prop,1,122260,30426,0.0778,0.3225,0.1229,18.9604,0.0926,19.6020,190
17,gpu_hash_prop,2,122260,30426,0.0816,0.4342,0.0881,18.7535,0.0491,19.4360,190
17,gpu_hash_prop,3,122260,30426,0.0777,0.3815,0.0881,17.9538,0.0505,18.5781,190
17,gpu_hash_prop,4,122260,30426,0.0794,0.2566,0.0430,19.3198,0.0915,19.8146,190
17,gpu_hash_prop16,0,122260,30426,0.0803,0.3500,0.0881,6.8393,0.1056,7.4861,192
17,gpu_hash_prop16,1,122260,30426,0.0759,1.8494,0.0348,7.1475,0.0876,9.2242,192
17,gpu_hash_prop16,2,122260,30426,0.0775,0.3639,0.0328,6.9509,0.0740,7.5246,192
17,gpu_hash_prop16,3,122260,30426,0.0981,0.9342,0.0317,7.6544,0.1032,8.8486,192
17,gpu_hash_prop16,4,122260,30426,0.0777,0.3805,0.0935,5.9266,0.0476,6.5499,192
18,cpu_t1,0,122219,30323,0,4.7480,1.5927,0.1667,0,6.5075,0
18,cpu_t1,1,122219,30323,0,4.0659,1.4404,0.1318,0,5.6381,0
18,cpu_t1,2,122219,30323,0,4.0121,1.5199,0.1333,0,5.6654,0
18,cpu_t1,3,122219,30323,0,3.9903,1.6131,0.1587,0,5.7620,0
18,cpu_t1,4,122219,30323,0,3.9939,1.4669,0.1310,0,5.5918,0
18,cpu_t2,0,122219,30323,0,2.2051,0.7403,0.1293,0,3.0748,0
18,cpu_t2,1,122219,30323,0,2.1625,0.7712,0.1292,0,3.0630,0
18,cpu_t2,2,122219,30323,0,2.2879,0.7460,0.1575,0,3.1914,0
18,cpu_t2,3,122219,30323,0,2.2144,0.7319,0.1300,0,3.0764,0
18,cpu_t2,4,122219,30323,0,2.1838,0.8026,0.1298,0,3.1162,0
18,cpu_t4,0,122219,30323,0,1.4108,0.4978,0.1327,0,2.0414,0
18,cpu_t4,1,122219,30323,0,1.3082,0.4079,0.1326,0,1.8487,0
18,cpu_t4,2,122219,30323,0,1.2841,0.4102,0.1308,0,1.8250,0
18,cpu_t4,3,122219,30323,0,1.2403,0.3923,0.1295,0,1.7621,0
18,cpu_t4,4,122219,30323,0,1.2226,0.3917,0.1444,0,1.7587,0
18,cpu_t8,0,122219,30323,0,1.0023,0.4009,0.1441,0,1.5473,0
18,cpu_t8,1,122219,30323,0,0.8090,0.2032,0.1318,0,1.1439,0
18,cpu_t8,2,122219,30323,0,0.8464,0.2026,0.1323,0,1.1813,0
18,cpu_t8,3,122219,30323,0,0.8380,0.2280,0.1373,0,1.2032,0
18,cpu_t8,4,122219,30323,0,0.8154,0.2166,0.1435,0,1.1754,0
18,cpu_t16,0,122219,30323,0,0.7832,0.2279,0.1734,0,1.1845,0
18,cpu_t16,1,122219,30323,0,0.7794,0.2038,0.1679,0,1.1512,0
18,cpu_t16,2,122219,30323,0,0.9438,0.4271,0.1739,0,1.5448,0
18,cpu_t16,3,122219,30323,0,1.1026,0.2658,0.1739,0,1.5423,0
18,cpu_t16,4,122219,30323,0,0.7632,0.2108,0.1883,0,1.1623,0
18,gpu_thrust_uf,0,122219,30323,0.0792,0.8933,0.0430,0.1434,0.0324,1.2307,0
18,gpu_thrust_uf,1,122219,30323,0.0850,0.7050,0.0338,0.1372,0.0291,1.0224,0
18,gpu_thrust_uf,2,122219,30323,0.0783,0.7134,0.0924,0.2455,0.0334,1.1917,0
18,gpu_thrust_uf,3,122219,30323,0.0819,0.7644,0.0419,0.1444,0.0297,1.0884,0
18,gpu_thrust_uf,4,122219,30323,0.0791,0.7481,0.0594,0.1567,0.0274,1.0961,0
18,gpu_hash_uf,0,122219,30323,0.0784,0.2347,0.0584,0.1567,0.0278,0.5763,0
18,gpu_hash_uf,1,122219,30323,0.0798,0.2353,0.0369,0.1372,0.0244,0.5368,0
18,gpu_hash_uf,2,122219,30323,0.1096,0.2316,0.0584,0.1372,0.0379,0.5938,0
18,gpu_hash_uf,3,122219,30323,0.0768,0.2627,0.0390,0.1381,0.0249,0.5700,0
18,gpu_hash_uf,4,122219,30323,0.1054,0.2316,0.0584,0.1374,0.0272,0.5789,0
18,gpu_hash_prop,0,122219,30323,0.0773,0.5168,0.0897,16.6318,0.1050,17.4519,164
18,gpu_hash_prop,1,122219,30323,0.0812,0.3986,0.0860,17.7418,0.0901,18.4235,164
18,gpu_hash_prop,2,122219,30323,0.0788,0.5174,0.0337,16.5358,0.0882,17.2781,164
18,gpu_hash_prop,3,122219,30323,0.0884,0.5134,0.0338,16.2365,0.0300,16.9240,164
18,gpu_hash_prop,4,122219,30323,0.0885,0.2653,0.0338,13.4740,0.1046,14.0038,164
18,gpu_hash_prop16,0,122219,30323,0.0788,0.2016,0.0358,3.2196,0.0276,3.5850,176
18,gpu_hash_prop16,1,122219,30323,0.0770,0.1911,0.0451,2.5692,0.1245,3.0307,176
18,gpu_hash_prop16,2,122219,30323,0.0768,0.4706,0.0328,6.2351,0.0655,6.9026,176
18,gpu_hash_prop16,3,122219,30323,0.0947,0.3569,0.0922,7.0154,0.1025,7.6864,176
18,gpu_hash_prop16,4,122219,30323,0.0924,0.4324,0.0973,6.5363,0.0849,7.2830,176
19,cpu_t1,0,121870,30173,0,4.0452,1.4232,0.1532,0,5.6217,0
19,cpu_t1,1,121870,30173,0,4.0955,1.4748,0.1366,0,5.7069,0
19,cpu_t1,2,121870,30173,0,3.9489,1.4476,0.1361,0,5.5326,0
19,cpu_t1,3,121870,30173,0,3.9939,1.4641,0.1366,0,5.5947,0
19,cpu_t1,4,121870,30173,0,4.1804,1.5013,0.1362,0,5.8179,0
19,cpu_t2,0,121870,30173,0,2.4043,0.7298,0.1346,0,3.2687,0
19,cpu_t2,1,121870,30173,0,2.1078,0.7410,0.1342,0,2.9830,0
19,cpu_t2,2,121870,30173,0,2.2566,0.9051,0.1454,0,3.3071,0
19,cpu_t2,3,121870,30173,0,2.1942,0.7389,0.1334,0,3.0665,0
19,cpu_t2,4,121870,30173,0,2.0962,0.7297,0.1342,0,2.9601,0
19,cpu_t4,0,121870,30173,0,1.3316,0.3746,0.1353,0,1.8415,0
19,cpu_t4,1,121870,30173,0,1.2911,0.3828,0.1351,0,1.8090,0
19,cpu_t4,2,121870,30173,0,1.2663,0.4486,0.1347,0,1.8497,0
19,cpu_t4,3,121870,30173,0,1.2420,0.4079,0.1349,0,1.7848,0
19,cpu_t4,4,121870,30173,0,1.3898,0.4406,0.1409,0,1.9713,0
19,cpu_t8,0,121870,30173,0,1.0642,0.3911,0.1354,0,1.5907,0
19,cpu_t8,1,121870,30173,0,1.0448,0.3671,0.1356,0,1.5475,0
19,cpu_t8,2,121870,30173,0,1.0336,0.3550,0.1350,0,1.5236,0
19,cpu_t8,3,121870,30173,0,1.0249,0.3803,0.1457,0,1.5509,0
19,cpu_t8,4,121870,30173,0,1.0681,0.3698,0.1359,0,1.5737,0
19,cpu_t16,0,121870,30173,0,0.8561,0.2069,0.1713,0,1.2343,0
19,cpu_t16,1,121870,30173,0,0.7363,0.2202,0.1737,0,1.1303,0
19,cpu_t16,2,121870,30173,0,1.2244,0.4179,0.1677,0,1.8100,0
19,cpu_t16,3,121870,30173,0,0.7499,0.2569,0.1779,0,1.1847,0
19,cpu_t16,4,121870,30173,0,0.7294,0.2028,0.1671,0,1.0993,0
19,gpu_thrust_uf,0,121870,30173,0.0792,0.9805,0.0573,0.1536,0.0329,1.3408,0
19,gpu_thrust_uf,1,121870,30173,0.0778,0.7019,0.0369,0.1372,0.0264,1.0249,0
19,gpu_thrust_uf,2,121870,30173,0.0779,0.7306,0.0358,0.1884,0.0194,1.0809,0
19,gpu_thrust_uf,3,121870,30173,0.0783,0.7693,0.1014,0.2499,0.1305,1.3846,0
19,gpu_thrust_uf,4,121870,30173,0.1384,0.7607,0.0604,0.1751,0.0186,1.1803,0
19,gpu_hash_uf,0,121870,30173,0.1029,0.2536,0.0850,0.1587,0.0178,0.6523,0
19,gpu_hash_uf,1,121870,30173,0.0766,0.2494,0.0614,0.1597,0.0186,0.5899,0
19,gpu_hash_uf,2,121870,30173,0.0765,0.2482,0.0594,0.1812,0.0186,0.6075,0
19,gpu_hash_uf,3,121870,30173,0.0765,0.2419,0.0594,0.1823,0.0179,0.6017,0
19,gpu_hash_uf,4,121870,30173,0.0765,0.2506,0.0604,0.1608,0.0255,0.5971,0
19,gpu_hash_prop,0,121870,30173,0.0796,0.2478,0.0563,16.4485,0.0390,16.8908,150
19,gpu_hash_prop,1,121870,30173,0.0790,0.2222,0.0563,14.0810,0.0242,14.4828,150
19,gpu_hash_prop,2,121870,30173,0.0774,0.2418,0.0605,8.7500,0.0484,9.1983,150
19,gpu_hash_prop,3,121870,30173,0.0770,1.6833,0.0317,8.5801,0.0461,10.4463,150
19,gpu_hash_prop,4,121870,30173,0.0792,0.2569,0.0778,9.7126,0.0997,10.2514,150
19,gpu_hash_prop16,0,121870,30173,0.0802,0.6187,0.0922,10.5277,0.1199,11.4701,160
19,gpu_hash_prop16,1,121870,30173,0.0771,0.5134,0.0901,3.2256,0.0153,3.9499,160
19,gpu_hash_prop16,2,121870,30173,0.1079,0.2853,0.0348,2.8836,0.0282,3.3719,160
19,gpu_hash_prop16,3,121870,30173,0.0766,0.2503,0.0614,3.6362,0.0424,4.0854,160
19,gpu_hash_prop16,4,121870,30173,0.0801,1.7645,0.0317,2.0480,0.0335,3.9935,160
20,cpu_t1,0,121860,29998,0,4.0909,1.5003,0.1389,0,5.7300,0
20,cpu_t1,1,121860,29998,0,3.9806,1.4760,0.1368,0,5.5933,0
20,cpu_t1,2,121860,29998,0,3.9706,1.5294,0.1362,0,5.6362,0
20,cpu_t1,3,121860,29998,0,3.9773,1.4563,0.1510,0,5.5845,0
20,cpu_t1,4,121860,29998,0,3.9431,1.5169,0.1365,0,5.5965,0
20,cpu_t2,0,121860,29998,0,2.1473,0.8521,0.1344,0,3.1337,0
20,cpu_t2,1,121860,29998,0,2.1753,0.7626,0.1337,0,3.0716,0
20,cpu_t2,2,121860,29998,0,2.1441,0.7449,0.1340,0,3.0230,0
20,cpu_t2,3,121860,29998,0,2.1638,0.8237,0.1395,0,3.1270,0
20,cpu_t2,4,121860,29998,0,2.1628,0.7440,0.1395,0,3.0463,0
20,cpu_t4,0,121860,29998,0,1.3277,0.4872,0.1368,0,1.9518,0
20,cpu_t4,1,121860,29998,0,1.3026,0.4037,0.1350,0,1.8413,0
20,cpu_t4,2,121860,29998,0,1.2328,0.4378,0.1476,0,1.8182,0
20,cpu_t4,3,121860,29998,0,1.2665,0.4081,0.1350,0,1.8096,0
20,cpu_t4,4,121860,29998,0,1.2424,0.3895,0.1357,0,1.7676,0
20,cpu_t8,0,121860,29998,0,1.0585,0.4114,0.1368,0,1.6066,0
20,cpu_t8,1,121860,29998,0,1.0548,0.2599,0.1391,0,1.4538,0
20,cpu_t8,2,121860,29998,0,0.8701,0.2338,0.1385,0,1.2424,0
20,cpu_t8,3,121860,29998,0,0.8327,0.1994,0.1410,0,1.1731,0
20,cpu_t8,4,121860,29998,0,0.8201,0.2431,0.1387,0,1.2019,0
20,cpu_t16,0,121860,29998,0,0.7383,0.2039,0.1722,0,1.1145,0
20,cpu_t16,1,121860,29998,0,0.7891,0.2130,0.1816,0,1.1838,0
20,cpu_t16,2,121860,29998,0,0.8414,0.2154,0.1765,0,1.2334,0
20,cpu_t16,3,121860,29998,0,0.8067,0.2553,0.1781,0,1.2401,0
20,cpu_t16,4,121860,29998,0,0.8426,0.2267,0.1866,0,1.2559,0
20,gpu_thrust_uf,0,121860,29998,0.0826,0.8262,0.0410,0.1331,0.0311,1.1517,0
20,gpu_thrust_uf,1,121860,29998,0.0851,0.7303,0.0358,0.1229,0.0467,1.0591,0
20,gpu_thrust_uf,2,121860,29998,0.0813,0.7389,0.0584,0.1638,0.0200,1.0986,0
20,gpu_thrust_uf,3,121860,29998,0.0766,0.7791,0.1055,0.1823,0.1046,1.3014,0
20,gpu_thrust_uf,4,121860,29998,0.0780,0.8634,0.1004,0.2478,0.1541,1.4722,0
20,gpu_hash_uf,0,121860,29998,0.0788,0.6057,0.0910,0.2406,0.1304,1.1768,0
20,gpu_hash_uf,1,121860,29998,0.0757,0.5583,0.0901,0.1782,0.1070,1.0408,0
20,gpu_hash_uf,2,121860,29998,0.0790,0.5519,0.0891,0.1874,0.1374,1.0731,0
20,gpu_hash_uf,3,121860,29998,0.0771,0.5945,0.0850,0.1792,0.0876,1.0838,0
20,gpu_hash_uf,4,121860,29998,0.0759,0.4481,0.0604,0.1464,0.0195,0.7766,0
20,gpu_hash_prop,0,121860,29998,0.0788,0.2491,0.0799,6.0846,0.0276,6.5401,79
20,gpu_hash_prop,1,121860,29998,0.0797,0.2571,0.0369,4.2355,0.0225,4.6517,79
20,gpu_hash_prop,2,121860,29998,0.0764,0.2093,0.0389,4.0970,0.0260,4.4737,79
20,gpu_hash_prop,3,121860,29998,0.1022,0.2084,0.0358,5.1282,0.0219,5.5231,79
20,gpu_hash_prop,4,121860,29998,0.0788,0.9627,0.0307,4.0612,0.0377,5.1964,79
20,gpu_hash_prop16,0,121860,29998,0.0764,0.2467,0.0584,1.4510,0.0439,1.8971,80
20,gpu_hash_prop16,1,121860,29998,0.0767,0.2345,0.0399,1.0056,0.0261,1.4065,80
20,gpu_hash_prop16,2,121860,29998,0.0765,0.1976,0.0328,0.8980,0.0189,1.2453,80
20,gpu_hash_prop16,3,121860,29998,0.0804,0.2041,0.0410,1.0557,0.0265,1.4315,80
20,gpu_hash_prop16,4,121860,29998,0.0789,0.2437,0.0604,4.2680,0.0230,4.6951,80
21,cpu_t1,0,121514,30126,0,4.3441,1.5377,0.1439,0,6.0257,0
21,cpu_t1,1,121514,30126,0,3.9596,1.7975,0.1741,0,5.9312,0
21,cpu_t1,2,121514,30126,0,4.1525,1.4412,0.1417,0,5.7353,0
21,cpu_t1,3,121514,30126,0,3.9530,1.5010,0.1408,0,5.5948,0
21,cpu_t1,4,121514,30126,0,3.9309,1.5562,0.1414,0,5.6285,0
21,cpu_t2,0,121514,30126,0,2.1258,0.8419,0.1406,0,3.1083,0
21,cpu_t2,1,121514,30126,0,2.1503,0.7584,0.1393,0,3.0480,0
21,cpu_t2,2,121514,30126,0,2.1720,0.9058,0.1400,0,3.2179,0
21,cpu_t2,3,121514,30126,0,2.3556,0.7408,0.1398,0,3.2361,0
21,cpu_t2,4,121514,30126,0,2.2026,0.7004,0.1533,0,3.0563,0
21,cpu_t4,0,121514,30126,0,1.2756,0.4357,0.1709,0,1.8822,0
21,cpu_t4,1,121514,30126,0,1.4124,0.3836,0.1525,0,1.9486,0
21,cpu_t4,2,121514,30126,0,1.2714,0.3665,0.1413,0,1.7792,0
21,cpu_t4,3,121514,30126,0,1.2520,0.3579,0.1415,0,1.7515,0
21,cpu_t4,4,121514,30126,0,1.3059,0.3622,0.1417,0,1.8097,0
21,cpu_t8,0,121514,30126,0,1.0484,0.3832,0.1743,0,1.6058,0
21,cpu_t8,1,121514,30126,0,1.0167,0.3703,0.1822,0,1.5692,0
21,cpu_t8,2,121514,30126,0,1.0268,0.3798,0.1942,0,1.6008,0
21,cpu_t8,3,121514,30126,0,1.0362,0.3853,0.1764,0,1.5979,0
21,cpu_t8,4,121514,30126,0,1.0408,0.3776,0.1824,0,1.6008,0
21,cpu_t16,0,121514,30126,0,0.7524,0.2078,0.1857,0,1.1459,0
21,cpu_t16,1,121514,30126,0,0.7540,0.2115,0.1904,0,1.1559,0
21,cpu_t16,2,121514,30126,0,0.7480,0.2173,0.1778,0,1.1431,0
21,cpu_t16,3,121514,30126,0,0.8042,0.2134,0.1784,0,1.1960,0
21,cpu_t16,4,121514,30126,0,0.7410,0.2059,0.1877,0,1.1346,0
21,gpu_thrust_uf,0,121514,30126,0.0785,0.8351,0.0420,0.1249,0.0622,1.1809,0
21,gpu_thrust_uf,1,121514,30126,0.0783,0.7415,0.0358,0.1128,0.0321,1.0416,0
21,gpu_thrust_uf,2,121514,30126,0.0803,0.7385,0.0748,0.1536,0.0199,1.0987,0
21,gpu_thrust_uf,3,121514,30126,0.0764,0.8858,0.0614,0.1362,0.0191,1.2031,0
21,gpu_thrust_uf,4,121514,30126,0.0763,0.7575,0.0840,0.1331,0.0196,1.0952,0
21,gpu_hash_uf,0,121514,30126,0.0829,1.3024,0.0993,0.2140,0.0415,1.7805,0
21,gpu_hash_uf,1,121514,30126,0.0768,0.4171,0.0328,0.1843,0.0381,0.7746,0
21,gpu_hash_uf,2,121514,30126,0.0776,0.3257,0.0881,0.1874,0.0369,0.7416,0
21,gpu_hash_uf,3,121514,30126,0.0815,0.3782,0.0940,0.2058,0.0334,0.8208,0
21,gpu_hash_uf,4,121514,30126,0.0765,0.3136,0.0952,0.2140,0.0552,0.7754,0
21,gpu_hash_prop,0,121514,30126,0.1179,0.3836,0.0891,9.1515,0.1040,9.8820,86
21,gpu_hash_prop,1,121514,30126,0.0811,0.4412,0.1126,7.5950,0.0300,8.2854,86
21,gpu_hash_prop,2,121514,30126,0.0796,0.4638,0.0336,9.0983,0.0391,9.7355,86
21,gpu_hash_prop,3,121514,30126,0.0772,0.3536,0.0328,9.4669,0.0787,10.0336,86
21,gpu_hash_prop,4,121514,30126,0.0772,0.3398,0.0969,7.8060,0.0970,8.4421,86
21,gpu_hash_prop16,0,121514,30126,0.0755,0.5002,0.1280,4.7623,0.1035,5.5914,96
21,gpu_hash_prop16,1,121514,30126,0.0774,0.4368,0.0870,3.4232,0.0863,4.1345,96
21,gpu_hash_prop16,2,121514,30126,0.0795,0.3281,0.0955,3.1373,0.0835,3.7488,96
21,gpu_hash_prop16,3,121514,30126,0.0755,0.3678,0.0298,3.2155,0.1054,3.8178,96
21,gpu_hash_prop16,4,121514,30126,0.0764,0.4746,0.0336,4.5138,0.0457,5.1681,96
22,cpu_t1,0,121316,30185,0,4.7417,1.3505,0.1505,0,6.2427,0
22,cpu_t1,1,121316,30185,0,4.1059,1.3458,0.1520,0,5.6036,0
22,cpu_t1,2,121316,30185,0,4.0563,1.3507,0.1506,0,5.5576,0
22,cpu_t1,3,121316,30185,0,3.9375,1.4235,0.1501,0,5.5111,0
22,cpu_t1,4,121316,30185,0,3.9405,1.4006,0.1473,0,5.4884,0
22,cpu_t2,0,121316,30185,0,2.1276,0.6991,0.1483,0,2.9750,0
22,cpu_t2,1,121316,30185,0,2.1792,0.9618,0.2689,0,3.4098,0
22,cpu_t2,2,121316,30185,0,2.5152,0.7700,0.1505,0,3.4357,0
22,cpu_t2,3,121316,30185,0,2.1843,0.7260,0.1471,0,3.0574,0
22,cpu_t2,4,121316,30185,0,2.1941,0.8295,0.1855,0,3.2091,0
22,cpu_t4,0,121316,30185,0,1.2731,0.3522,0.1487,0,1.7740,0
22,cpu_t4,1,121316,30185,0,1.4986,0.4558,0.1966,0,2.1510,0
22,cpu_t4,2,121316,30185,0,1.2811,0.3651,0.1483,0,1.7944,0
22,cpu_t4,3,121316,30185,0,1.2483,0.3968,0.1485,0,1.7936,0
22,cpu_t4,4,121316,30185,0,1.2302,0.3636,0.1531,0,1.7468,0
22,cpu_t8,0,121316,30185,0,0.9994,0.3682,0.1500,0,1.5176,0
22,cpu_t8,1,121316,30185,0,1.0047,0.3621,0.1499,0,1.5167,0
22,cpu_t8,2,121316,30185,0,1.0126,0.3826,0.1489,0,1.5442,0
22,cpu_t8,3,121316,30185,0,1.0668,0.4041,0.2198,0,1.6907,0
22,cpu_t8,4,121316,30185,0,1.0370,0.3818,0.1536,0,1.5724,0
22,cpu_t16,0,121316,30185,0,0.8331,0.2187,0.1939,0,1.2457,0
22,cpu_t16,1,121316,30185,0,0.8934,0.2953,0.1917,0,1.3805,0
22,cpu_t16,2,121316,30185,0,0.8191,0.2246,0.1924,0,1.2361,0
22,cpu_t16,3,121316,30185,0,0.8735,0.2142,0.2104,0,1.2981,0
22,cpu_t16,4,121316,30185,0,0.8883,0.2327,0.2021,0,1.3230,0
22,gpu_thrust_uf,0,121316,30185,0.0783,1.0785,0.0367,0.1300,0.0343,1.3953,0
22,gpu_thrust_uf,1,121316,30185,0.0806,0.7543,0.0338,0.1300,0.0337,1.0668,0
22,gpu_thrust_uf,2,121316,30185,0.0780,1.5770,0.0307,0.1321,0.0231,1.8662,0
22,gpu_thrust_uf,3,121316,30185,0.0767,1.4427,0.0471,0.1608,0.0200,1.7764,0
22,gpu_thrust_uf,4,121316,30185,0.0767,0.7187,0.0379,0.1311,0.0280,1.0160,0
22,gpu_hash_uf,0,121316,30185,0.0763,0.2272,0.0358,0.1300,0.0194,0.5149,0
22,gpu_hash_uf,1,121316,30185,0.0781,0.1989,0.0364,0.1311,0.0186,0.4916,0
22,gpu_hash_uf,2,121316,30185,0.0797,0.1898,0.0398,0.1311,0.0187,0.4849,0
22,gpu_hash_uf,3,121316,30185,0.0790,0.1942,0.0420,0.1577,0.0261,0.5200,0
22,gpu_hash_uf,4,121316,30185,0.0796,0.1837,0.0819,0.1505,0.0187,0.5381,0
22,gpu_hash_prop,0,121316,30185,0.0789,0.2256,0.0440,7.4803,0.0553,7.9080,95
22,gpu_hash_prop,1,121316,30185,0.0796,0.2542,0.0758,5.6033,0.0215,6.0576,95
22,gpu_hash_prop,2,121316,30185,0.0789,0.1935,0.0399,5.1272,0.0239,5.4823,95
22,gpu_hash_prop,3,121316,30185,0.0795,0.2078,0.0328,7.0502,0.0279,7.4186,95
22,gpu_hash_prop,4,121316,30185,0.0802,0.2117,0.0334,5.6852,0.0188,6.0497,95
22,gpu_hash_prop16,0,121316,30185,0.0762,0.1972,0.0389,1.4694,0.0290,1.8309,96
22,gpu_hash_prop16,1,121316,30185,0.0906,0.9282,0.0328,2.0767,0.0213,3.1776,96
22,gpu_hash_prop16,2,121316,30185,0.0769,0.2177,0.0358,1.2923,0.0302,1.6700,96
22,gpu_hash_prop16,3,121316,30185,0.0762,0.1985,0.0399,1.2595,0.0238,1.6151,96
22,gpu_hash_prop16,4,121316,30185,0.0803,0.2066,0.0358,1.3569,0.0254,1.7262,96
23,cpu_t1,0,121321,30094,0,4.4615,1.4923,0.1343,0,6.0881,0
23,cpu_t1,1,121321,30094,0,3.9363,1.3782,0.1324,0,5.4468,0
23,cpu_t1,2,121321,30094,0,3.9483,1.4162,0.1317,0,5.4963,0
23,cpu_t1,3,121321,30094,0,3.9167,1.4114,0.1313,0,5.4594,0
23,cpu_t1,4,121321,30094,0,3.9309,1.4466,0.1322,0,5.5098,0
23,cpu_t2,0,121321,30094,0,2.2232,0.7343,0.1327,0,3.0901,0
23,cpu_t2,1,121321,30094,0,2.1210,0.6921,0.1442,0,2.9573,0
23,cpu_t2,2,121321,30094,0,2.1671,0.7409,0.1321,0,3.0402,0
23,cpu_t2,3,121321,30094,0,2.1359,0.7424,0.1324,0,3.0107,0
23,cpu_t2,4,121321,30094,0,2.1243,1.0445,0.1329,0,3.3018,0
23,cpu_t4,0,121321,30094,0,1.2732,0.4124,0.1319,0,1.8175,0
23,cpu_t4,1,121321,30094,0,1.4020,0.7573,0.1319,0,2.2911,0
23,cpu_t4,2,121321,30094,0,1.6278,0.7578,0.1379,0,2.5236,0
23,cpu_t4,3,121321,30094,0,1.6287,0.7406,0.1312,0,2.5005,0
23,cpu_t4,4,121321,30094,0,1.6074,0.7711,0.1318,0,2.5103,0
23,cpu_t8,0,121321,30094,0,1.0686,0.3790,0.1663,0,1.6139,0
23,cpu_t8,1,121321,30094,0,1.0855,0.3828,0.1774,0,1.6457,0
23,cpu_t8,2,121321,30094,0,1.0792,0.3909,0.1763,0,1.6464,0
23,cpu_t8,3,121321,30094,0,1.0604,0.3872,0.1706,0,1.6182,0
23,cpu_t8,4,121321,30094,0,1.0830,0.3991,0.1952,0,1.6773,0
23,cpu_t16,0,121321,30094,0,0.9498,0.5583,0.1775,0,1.6855,0
23,cpu_t16,1,121321,30094,0,1.2126,0.1991,0.1695,0,1.5812,0
23,cpu_t16,2,121321,30094,0,0.7801,0.2091,0.1750,0,1.1641,0
23,cpu_t16,3,121321,30094,0,0.7794,0.2808,0.1784,0,1.2387,0
23,cpu_t16,4,121321,30094,0,0.8175,0.2522,0.1757,0,1.2454,0
23,gpu_thrust_uf,0,121321,30094,0.0778,0.9628,0.0399,0.1485,0.0599,1.3288,0
23,gpu_thrust_uf,1,121321,30094,0.0784,0.8682,0.0328,0.1495,0.0221,1.1864,0
23,gpu_thrust_uf,2,121321,30094,0.0780,0.7293,0.0573,0.1567,0.0257,1.0735,0
23,gpu_thrust_uf,3,121321,30094,0.0801,0.8585,0.1065,0.2212,0.0845,1.4073,0
23,gpu_thrust_uf,4,121321,30094,0.0778,0.8580,0.0850,0.2662,0.0429,1.3854,0
23,gpu_hash_uf,0,121321,30094,0.0790,0.6736,0.5284,0.1485,0.0338,1.5165,0
23,gpu_hash_uf,1,121321,30094,0.0965,1.3888,0.0993,0.2652,0.0303,1.9353,0
23,gpu_hash_uf,2,121321,30094,0.0856,0.4916,0.0686,0.2621,0.0340,0.9956,0
23,gpu_hash_uf,3,121321,30094,0.0756,0.6183,0.0901,0.2058,0.0761,1.1248,0
23,gpu_hash_uf,4,121321,30094,0.0778,0.6251,0.0942,0.2222,0.0307,1.0987,0
23,gpu_hash_prop,0,121321,30094,0.0768,0.1899,0.0358,11.8794,0.0292,12.2292,169
23,gpu_hash_prop,1,121321,30094,0.0801,0.1813,0.0358,9.5570,0.0276,9.9036,169
23,gpu_hash_prop,2,121321,30094,0.0763,0.1860,0.0358,11.4637,0.0398,11.8220,169
23,gpu_hash_prop,3,121321,30094,0.0797,0.2215,0.0327,9.9750,0.0232,10.3523,169
23,gpu_hash_prop,4,121321,30094,0.0777,0.1842,0.0358,10.5646,0.0468,10.9305,169
23,gpu_hash_prop16,0,121321,30094,0.0786,1.6194,0.0307,3.1222,0.0240,4.9018,176
23,gpu_hash_prop16,1,121321,30094,0.0791,0.1882,0.0358,3.3700,0.0509,3.7431,176
23,gpu_hash_prop16,2,121321,30094,0.0762,0.2481,0.0553,3.8932,0.0220,4.3179,176
23,gpu_hash_prop16,3,121321,30094,0.0776,0.2280,0.0451,4.0468,0.0334,4.4532,176
23,gpu_hash_prop16,4,121321,30094,0.0922,0.8778,0.0532,3.3321,0.0260,4.4124,176
24,cpu_t1,0,121180,29986,0,4.0162,1.4216,0.1492,0,5.5870,0
24,cpu_t1,1,121180,29986,0,3.9585,1.4458,0.1520,0,5.5563,0
24,cpu_t1,2,121180,29986,0,3.9235,1.4217,0.1489,0,5.4941,0
24,cpu_t1,3,121180,29986,0,3.9315,1.4269,0.1593,0,5.5177,0
24,cpu_t1,4,121180,29986,0,3.9548,1.4714,0.1482,0,5.5744,0
24,cpu_t2,0,121180,29986,0,2.3129,0.8817,0.1588,0,3.3534,0
24,cpu_t2,1,121180,29986,0,2.1238,0.6977,0.1466,0,2.9680,0
24,cpu_t2,2,121180,29986,0,2.1966,0.7197,0.1582,0,3.0744,0
24,cpu_t2,3,121180,29986,0,2.1924,0.6882,0.1484,0,3.0291,0
24,cpu_t2,4,121180,29986,0,2.1752,0.7286,0.1499,0,3.0537,0
24,cpu_t4,0,121180,29986,0,1.6656,0.4790,0.2823,0,2.4268,0
24,cpu_t4,1,121180,29986,0,1.7810,0.4526,0.1845,0,2.4181,0
24,cpu_t4,2,121180,29986,0,1.4791,0.4147,0.1546,0,2.0483,0
24,cpu_t4,3,121180,29986,0,1.3321,0.3617,0.1476,0,1.8414,0
24,cpu_t4,4,121180,29986,0,1.3253,0.3623,0.1484,0,1.8360,0
24,cpu_t8,0,121180,29986,0,1.0741,0.4333,0.1728,0,1.6801,0
24,cpu_t8,1,121180,29986,0,0.9832,0.3918,0.1573,0,1.5323,0
24,cpu_t8,2,121180,29986,0,0.9514,0.6142,0.2236,0,1.7893,0
24,cpu_t8,3,121180,29986,0,1.1939,0.4234,0.1524,0,1.7697,0
24,cpu_t8,4,121180,29986,0,1.2275,0.4306,0.1679,0,1.8260,0
24,cpu_t16,0,121180,29986,0,1.4663,0.2940,0.2558,0,2.0161,0
24,cpu_t16,1,121180,29986,0,1.1501,0.4776,0.1947,0,1.8225,0
24,cpu_t16,2,121180,29986,0,1.4721,0.3630,0.2201,0,2.0552,0
24,cpu_t16,3,121180,29986,0,1.4715,0.3039,0.2238,0,1.9993,0
24,cpu_t16,4,121180,29986,0,1.3440,0.4049,0.2526,0,2.0016,0
24,gpu_thrust_uf,0,121180,29986,0.0822,2.1168,0.0410,0.1208,0.0323,2.4248,0
24,gpu_thrust_uf,1,121180,29986,0.0770,0.7992,0.0369,0.1198,0.0284,1.0881,0
24,gpu_thrust_uf,2,121180,29986,0.0778,0.7036,0.0799,0.1434,0.0287,1.0694,0
24,gpu_thrust_uf,3,121180,29986,0.0805,0.7764,0.0576,0.1532,0.0185,1.1193,0
24,gpu_thrust_uf,4,121180,29986,0.0761,0.7639,0.0338,0.1239,0.0334,1.0560,0
24,gpu_hash_uf,0,121180,29986,0.0806,0.1885,0.0358,0.1198,0.0215,0.4756,0
24,gpu_hash_uf,1,121180,29986,0.0948,0.2354,0.0553,0.1485,0.0178,0.5764,0
24,gpu_hash_uf,2,121180,29986,0.0763,0.2255,0.0584,0.1372,0.0280,0.5493,0
24,gpu_hash_uf,3,121180,29986,0.1120,0.2136,0.0584,0.1536,0.0180,0.5788,0
24,gpu_hash_uf,4,121180,29986,0.0760,0.2417,0.0635,0.1198,0.0222,0.5471,0
24,gpu_hash_prop,0,121180,29986,0.0802,0.2648,0.0553,7.8438,0.0293,8.2944,172
24,gpu_hash_prop,1,121180,29986,0.0837,0.1885,0.0349,13.9018,0.1357,14.3707,172
24,gpu_hash_prop,2,121180,29986,0.1189,0.7362,0.0902,13.0897,0.0483,14.1118,172
24,gpu_hash_prop,3,121180,29986,0.0792,0.2899,0.0336,11.2937,0.0414,11.7615,172
24,gpu_hash_prop,4,121180,29986,0.0800,0.2452,0.0399,9.2017,0.0460,9.6360,172
24,gpu_hash_prop16,0,121180,29986,0.0908,0.6307,0.1300,9.9871,0.1058,10.9736,176
24,gpu_hash_prop16,1,121180,29986,0.0772,0.4233,0.0304,6.5652,0.0927,7.2155,176
24,gpu_hash_prop16,2,121180,29986,0.0803,0.5356,0.0327,8.1591,0.1108,8.9401,176
24,gpu_hash_prop16,3,121180,29986,0.0782,0.4906,0.0303,6.1891,0.1148,6.9281,176
24,gpu_hash_prop16,4,121180,29986,0.0753,0.4078,0.0295,7.9933,0.0880,8.6248,176
25,cpu_t1,0,121376,29955,0,4.2780,1.5342,0.1453,0,5.9575,0
25,cpu_t1,1,121376,29955,0,4.1455,1.5279,0.1425,0,5.8160,0
25,cpu_t1,2,121376,29955,0,3.9723,2.0211,0.1418,0,6.1351,0
25,cpu_t1,3,121376,29955,0,4.0225,1.6461,0.1420,0,5.8107,0
25,cpu_t1,4,121376,29955,0,3.9816,1.7446,0.1436,0,5.8698,0
25,cpu_t2,0,121376,29955,0,3.4606,0.8189,0.1731,0,4.4527,0
25,cpu_t2,1,121376,29955,0,2.1195,0.7492,0.1407,0,3.0094,0
25,cpu_t2,2,121376,29955,0,2.2080,0.7598,0.1409,0,3.1088,0
25,cpu_t2,3,121376,29955,0,2.1750,0.7621,0.1421,0,3.0792,0
25,cpu_t2,4,121376,29955,0,2.1863,0.8690,0.1465,0,3.2018,0
25,cpu_t4,0,121376,29955,0,1.3737,0.8000,0.1784,0,2.3520,0
25,cpu_t4,1,121376,29955,0,1.2484,0.4279,0.1430,0,1.8192,0
25,cpu_t4,2,121376,29955,0,1.2807,0.3750,0.1411,0,1.7967,0
25,cpu_t4,3,121376,29955,0,1.2639,0.4283,0.1423,0,1.8344,0
25,cpu_t4,4,121376,29955,0,1.2677,0.3822,0.1398,0,1.7897,0
25,cpu_t8,0,121376,29955,0,1.0735,0.4217,0.1791,0,1.6744,0
25,cpu_t8,1,121376,29955,0,1.1487,0.4215,0.1951,0,1.7652,0
25,cpu_t8,2,121376,29955,0,1.1310,0.4262,0.2584,0,1.8156,0
25,cpu_t8,3,121376,29955,0,1.1475,0.4231,0.1980,0,1.7686,0
25,cpu_t8,4,121376,29955,0,1.1249,0.4025,0.1812,0,1.7086,0
25,cpu_t16,0,121376,29955,0,1.2962,0.2194,0.1874,0,1.7031,0
25,cpu_t16,1,121376,29955,0,0.7873,0.2105,0.1803,0,1.1782,0
25,cpu_t16,2,121376,29955,0,0.8472,0.6455,0.1985,0,1.6912,0
25,cpu_t16,3,121376,29955,0,1.5143,0.4452,0.1850,0,2.1445,0
25,cpu_t16,4,121376,29955,0,1.3660,0.4341,0.1865,0,1.9866,0
25,gpu_thrust_uf,0,121376,29955,0.0819,0.7252,0.0307,0.1495,0.0299,1.0553,0
25,gpu_thrust_uf,1,121376,29955,0.0810,1.0074,0.0625,0.1894,0.0199,1.3925,0
25,gpu_thrust_uf,2,121376,29955,0.0768,0.6652,0.0451,0.1495,0.0206,0.9824,0
25,gpu_thrust_uf,3,121376,29955,0.0756,0.6055,0.0379,0.1536,0.0202,0.9169,0
25,gpu_thrust_uf,4,121376,29955,0.0754,0.7711,0.0635,0.1710,0.0200,1.1251,0
25,gpu_hash_uf,0,121376,29955,0.0769,0.2545,0.0594,0.1485,0.0196,0.5802,0
25,gpu_hash_uf,1,121376,29955,0.0756,0.2464,0.0625,0.1956,0.0190,0.6232,0
25,gpu_hash_uf,2,121376,29955,0.0791,0.3485,0.0584,0.1505,0.0313,0.6915,0
25,gpu_hash_uf,3,121376,29955,0.0803,0.3300,0.0307,0.1690,0.0316,0.6694,0
25,gpu_hash_uf,4,121376,29955,0.0817,1.4536,0.0317,0.1495,0.0261,1.7671,0
25,gpu_hash_prop,0,121376,29955,0.0772,0.2081,0.0563,6.6826,0.0426,7.0872,116
25,gpu_hash_prop,1,121376,29955,0.0798,1.7109,0.0307,16.1362,0.0350,18.0085,116
25,gpu_hash_prop,2,121376,29955,0.1012,0.4812,0.0297,11.2701,0.0353,11.9539,116
25,gpu_hash_prop,3,121376,29955,0.0754,0.4206,0.0666,12.9597,0.0361,13.5877,116
25,gpu_hash_prop,4,121376,29955,0.0769,0.4692,0.0346,11.9932,0.0917,12.6924,116
25,gpu_hash_prop16,0,121376,29955,0.0755,0.4389,0.0304,7.2602,0.0876,7.9415,128
25,gpu_hash_prop16,1,121376,29955,0.0772,0.4706,0.0297,5.1190,0.1476,5.8706,128
25,gpu_hash_prop16,2,121376,29955,0.0768,0.2334,0.0604,2.2939,0.0303,2.7256,128
25,gpu_hash_prop16,3,121376,29955,0.0800,0.2666,0.0389,2.5293,0.1324,3.0758,128
25,gpu_hash_prop16,4,121376,29955,0.0809,0.2764,0.2232,2.3839,0.0356,3.0345,128
26,cpu_t1,0,121544,30015,0,5.2375,1.5413,0.1841,0,6.9630,0
26,cpu_t1,1,121544,30015,0,4.7146,1.4101,0.1493,0,6.2741,0
26,cpu_t1,2,121544,30015,0,4.1574,1.5150,0.1649,0,5.8373,0
26,cpu_t1,3,121544,30015,0,4.0821,1.4980,0.1494,0,5.7296,0
26,cpu_t1,4,121544,30015,0,4.1957,1.4202,0.1708,0,5.7868,0
26,cpu_t2,0,121544,30015,0,2.5555,0.7363,0.1493,0,3.4411,0
26,cpu_t2,1,121544,30015,0,2.1731,0.7761,0.1510,0,3.1002,0
26,cpu_t2,2,121544,30015,0,2.2074,0.7094,0.1494,0,3.0662,0
26,cpu_t2,3,121544,30015,0,2.3485,1.4800,0.1875,0,4.0161,0
26,cpu_t2,4,121544,30015,0,2.9216,1.5713,0.1964,0,4.6893,0
26,cpu_t4,0,121544,30015,0,1.7678,0.8068,0.1930,0,2.7676,0
26,cpu_t4,1,121544,30015,0,1.5948,0.7464,0.1882,0,2.5295,0
26,cpu_t4,2,121544,30015,0,1.4321,0.4374,0.1484,0,2.0179,0
26,cpu_t4,3,121544,30015,0,1.2664,0.3759,0.1468,0,1.7891,0
26,cpu_t4,4,121544,30015,0,1.2973,0.3744,0.1465,0,1.8183,0
26,cpu_t8,0,121544,30015,0,1.1146,0.4176,0.1964,0,1.7286,0
26,cpu_t8,1,121544,30015,0,1.0787,0.3614,0.1497,0,1.5899,0
26,cpu_t8,2,121544,30015,0,1.0630,0.3899,0.1841,0,1.6370,0
26,cpu_t8,3,121544,30015,0,1.0029,0.3640,0.1879,0,1.5548,0
26,cpu_t8,4,121544,30015,0,1.0381,0.3704,0.1858,0,1.5944,0
26,cpu_t16,0,121544,30015,0,1.4277,0.4003,0.1895,0,2.0175,0
26,cpu_t16,1,121544,30015,0,1.3592,0.5094,0.2008,0,2.0694,0
26,cpu_t16,2,121544,30015,0,1.3809,0.4631,0.1888,0,2.0328,0
26,cpu_t16,3,121544,30015,0,2.6206,0.8899,0.1888,0,3.6994,0
26,cpu_t16,4,121544,30015,0,1.4939,0.3942,0.1890,0,2.0772,0
26,gpu_thrust_uf,0,121544,30015,0.0771,0.9612,0.0338,0.1577,0.0408,1.3084,0
26,gpu_thrust_uf,1,121544,30015,0.1283,1.0398,0.0884,0.1553,0.0333,1.4835,0
26,gpu_thrust_uf,2,121544,30015,0.0772,0.8751,0.0900,0.2130,0.0332,1.3174,0
26,gpu_thrust_uf,3,121544,30015,0.0756,0.7860,0.0369,0.1341,0.0205,1.0757,0
26,gpu_thrust_uf,4,121544,30015,0.0755,0.7527,0.0635,0.1772,0.0307,1.1259,0
26,gpu_hash_uf,0,121544,30015,0.0772,0.2506,0.0676,0.1812,0.0310,0.6306,0
26,gpu_hash_uf,1,121544,30015,0.0805,0.2454,0.0614,0.1331,0.0269,0.5794,0
26,gpu_hash_uf,2,121544,30015,0.0757,0.1812,0.0328,0.1331,0.0272,0.4748,0
26,gpu_hash_uf,3,121544,30015,0.0755,0.2430,0.0369,0.1372,0.0183,0.5435,0
26,gpu_hash_uf,4,121544,30015,0.0800,0.3012,0.0338,0.1331,0.0341,0.6102,0
26,gpu_hash_prop,0,121544,30015,0.0808,0.2179,0.0594,13.4103,0.0300,13.8297,119
26,gpu_hash_prop,1,121544,30015,0.0757,0.3679,0.0303,10.3383,0.0148,10.8497,119
26,gpu_hash_prop,2,121544,30015,0.0807,0.7304,0.0307,8.2432,0.0257,9.1389,119
26,gpu_hash_prop,3,121544,30015,0.0755,0.1938,0.0338,9.2191,0.0331,9.5756,119
26,gpu_hash_prop,4,121544,30015,0.0813,0.1916,0.0369,7.7588,0.0243,8.1244,119
26,gpu_hash_prop16,0,121544,30015,0.0757,0.2169,0.0334,1.9128,0.0261,2.2857,128
26,gpu_hash_prop16,1,121544,30015,0.0772,0.2034,0.0338,2.5129,0.0389,2.8919,128
26,gpu_hash_prop16,2,121544,30015,0.0772,0.6445,0.0307,1.9108,0.0227,2.7088,128
26,gpu_hash_prop16,3,121544,30015,0.0798,0.2414,0.0379,1.9046,0.0214,2.3077,128
26,gpu_hash_prop16,4,121544,30015,0.0771,0.2275,0.0340,1.9679,0.0347,2.3657,128
27,cpu_t1,0,121556,29915,0,4.0211,1.4075,0.1364,0,5.5649,0
27,cpu_t1,1,121556,29915,0,4.0121,1.3828,0.1464,0,5.5412,0
27,cpu_t1,2,121556,29915,0,4.0102,1.4205,0.1332,0,5.5638,0
27,cpu_t1,3,121556,29915,0,4.2094,1.4919,0.1358,0,5.8371,0
27,cpu_t1,4,121556,29915,0,4.0346,1.4106,0.1599,0,5.6051,0
27,cpu_t2,0,121556,29915,0,2.1282,0.7585,0.1325,0,3.0192,0
27,cpu_t2,1,121556,29915,0,2.1647,0.7598,0.1320,0,3.0565,0
27,cpu_t2,2,121556,29915,0,2.1585,0.7389,0.1321,0,3.0294,0
27,cpu_t2,3,121556,29915,0,2.1324,0.7293,0.1504,0,3.0121,0
27,cpu_t2,4,121556,29915,0,2.1980,0.7341,0.1336,0,3.0657,0
27,cpu_t4,0,121556,29915,0,1.4354,0.7240,0.1660,0,2.3254,0
27,cpu_t4,1,121556,29915,0,1.7836,0.7292,0.1652,0,2.6780,0
27,cpu_t4,2,121556,29915,0,1.6474,0.7334,0.1643,0,2.5451,0
27,cpu_t4,3,121556,29915,0,1.6188,0.7221,0.1909,0,2.5318,0
27,cpu_t4,4,121556,29915,0,1.5812,0.7277,0.1755,0,2.4844,0
27,cpu_t8,0,121556,29915,0,1.1172,0.3874,0.1638,0,1.6684,0
27,cpu_t8,1,121556,29915,0,1.0682,0.3795,0.1666,0,1.6144,0
27,cpu_t8,2,121556,29915,0,1.0674,0.3824,0.1800,0,1.6298,0
27,cpu_t8,3,121556,29915,0,1.0655,0.3735,0.1775,0,1.6166,0
27,cpu_t8,4,121556,29915,0,1.0379,0.3726,0.1745,0,1.5850,0
27,cpu_t16,0,121556,29915,0,1.4276,0.5137,0.1809,0,2.1222,0
27,cpu_t16,1,121556,29915,0,1.4591,0.4682,0.1846,0,2.1118,0
27,cpu_t16,2,121556,29915,0,1.4611,0.3554,0.1692,0,1.9857,0
27,cpu_t16,3,121556,29915,0,1.4103,0.4015,0.1658,0,1.9776,0
27,cpu_t16,4,121556,29915,0,1.3715,0.3996,0.1808,0,1.9519,0
27,gpu_thrust_uf,0,121556,29915,0.0828,1.3046,0.0369,0.1362,0.0402,1.6567,0
27,gpu_thrust_uf,1,121556,29915,0.0770,0.9870,0.0369,0.1372,0.0326,1.3081,0
27,gpu_thrust_uf,2,121556,29915,0.0770,0.9516,0.1413,0.1556,0.0281,1.3842,0
27,gpu_thrust_uf,3,121556,29915,0.0757,0.9051,0.0901,0.2079,0.0317,1.3357,0
27,gpu_thrust_uf,4,121556,29915,0.0772,0.8691,0.0737,0.1597,0.0182,1.2220,0
27,gpu_hash_uf,0,121556,29915,0.0772,0.2507,0.0881,0.1638,0.0332,0.6359,0
27,gpu_hash_uf,1,121556,29915,0.0812,0.2007,0.0358,0.1362,0.0234,0.5096,0
27,gpu_hash_uf,2,121556,29915,0.0791,0.2025,0.0368,0.1372,0.0225,0.5043,0
27,gpu_hash_uf,3,121556,29915,0.0808,0.1913,0.0471,0.1372,0.0233,0.5116,0
27,gpu_hash_uf,4,121556,29915,0.0772,0.2112,0.0328,0.1362,0.0255,0.5076,0
27,gpu_hash_prop,0,121556,29915,0.0771,0.2080,0.0338,7.7824,0.0240,8.1458,114
27,gpu_hash_prop,1,121556,29915,0.0770,0.2903,0.0330,8.4570,0.0223,8.9068,114
27,gpu_hash_prop,2,121556,29915,0.0811,0.2189,0.0491,7.7649,0.0209,8.1608,114
27,gpu_hash_prop,3,121556,29915,0.0809,0.2301,0.0366,7.9493,0.0217,8.3407,114
27,gpu_hash_prop,4,121556,29915,0.0757,0.1945,0.0369,8.4912,0.0246,8.8473,114
27,gpu_hash_prop16,0,121556,29915,0.0790,0.2087,0.0410,2.3890,0.0343,2.7733,128
27,gpu_hash_prop16,1,121556,29915,0.0771,0.2344,0.0348,1.9487,0.0285,2.3490,128
27,gpu_hash_prop16,2,121556,29915,0.0756,0.2407,0.0369,1.7961,0.0343,2.2032,128
27,gpu_hash_prop16,3,121556,29915,0.0770,0.2179,0.0379,1.8825,0.0287,2.2685,128
27,gpu_hash_prop16,4,121556,29915,0.0755,0.2481,0.0338,2.4914,0.0331,2.9043,128
28,cpu_t1,0,121524,29967,0,4.1004,1.3587,0.1459,0,5.6050,0
28,cpu_t1,1,121524,29967,0,4.0358,1.4901,0.1417,0,5.6676,0
28,cpu_t1,2,121524,29967,0,4.0122,1.4118,0.1404,0,5.5644,0
28,cpu_t1,3,121524,29967,0,4.0191,1.3662,0.1412,0,5.5265,0
28,cpu_t1,4,121524,29967,0,3.9853,1.4481,0.1410,0,5.5745,0
28,cpu_t2,0,121524,29967,0,2.1502,0.7232,0.1714,0,3.0448,0
28,cpu_t2,1,121524,29967,0,2.1530,0.7284,0.1397,0,3.0210,0
28,cpu_t2,2,121524,29967,0,2.1779,0.7114,0.1391,0,3.0284,0
28,cpu_t2,3,121524,29967,0,2.1482,0.7894,0.1414,0,3.0790,0
28,cpu_t2,4,121524,29967,0,2.1699,0.7500,0.1402,0,3.0601,0
28,cpu_t4,0,121524,29967,0,1.2836,0.3804,0.1590,0,1.8230,0
28,cpu_t4,1,121524,29967,0,1.2625,0.3957,0.1415,0,1.7997,0
28,cpu_t4,2,121524,29967,0,1.2241,0.3610,0.1408,0,1.7258,0
28,cpu_t4,3,121524,29967,0,1.2519,0.3601,0.1409,0,1.7529,0
28,cpu_t4,4,121524,29967,0,1.4468,0.4812,0.1806,0,2.1086,0
28,cpu_t8,0,121524,29967,0,1.1628,0.3700,0.1663,0,1.6991,0
28,cpu_t8,1,121524,29967,0,1.0744,0.2868,0.1773,0,1.5384,0
28,cpu_t8,2,121524,29967,0,1.0488,0.3694,0.1806,0,1.5988,0
28,cpu_t8,3,121524,29967,0,1.0486,0.3846,0.1749,0,1.6081,0
28,cpu_t8,4,121524,29967,0,1.1139,0.3815,0.2054,0,1.7008,0
28,cpu_t16,0,121524,29967,0,1.3035,0.3592,0.1765,0,1.8392,0
28,cpu_t16,1,121524,29967,0,1.3278,0.3642,0.1762,0,1.8683,0
28,cpu_t16,2,121524,29967,0,1.3271,0.3616,0.1757,0,1.8644,0
28,cpu_t16,3,121524,29967,0,1.3383,0.3571,0.1760,0,1.8714,0
28,cpu_t16,4,121524,29967,0,1.3159,0.3659,0.1729,0,1.8547,0
28,gpu_thrust_uf,0,121524,29967,0.0770,0.9601,0.0369,0.1485,0.0360,1.2958,0
28,gpu_thrust_uf,1,121524,29967,0.0825,0.7150,0.0369,0.1485,0.0450,1.0689,0
28,gpu_thrust_uf,2,121524,29967,0.0770,0.6764,0.0360,0.1483,0.0492,1.0166,0
28,gpu_thrust_uf,3,121524,29967,0.0812,0.9137,0.0307,0.1495,0.0396,1.2499,0
28,gpu_thrust_uf,4,121524,29967,0.0812,0.7379,0.0369,0.1587,0.0283,1.0754,0
28,gpu_hash_uf,0,121524,29967,0.1005,0.2286,0.0614,0.1925,0.0335,0.6493,0
28,gpu_hash_uf,1,121524,29967,0.0770,0.3861,0.0328,0.2314,0.0319,0.7972,0
28,gpu_hash_uf,2,121524,29967,0.0756,0.5009,0.0369,0.1475,0.0324,0.8163,0
28,gpu_hash_uf,3,121524,29967,0.0755,0.4008,0.1139,0.1523,0.0345,0.8006,0
28,gpu_hash_uf,4,121524,29967,0.0812,0.4763,0.0306,0.2365,0.0364,0.9039,0
28,gpu_hash_prop,0,121524,29967,0.0757,0.4691,0.0297,11.4033,0.0301,12.0318,118
28,gpu_hash_prop,1,121524,29967,0.0805,0.7565,0.0307,8.4419,0.0312,9.3740,118
28,gpu_hash_prop,2,121524,29967,0.0756,0.4202,0.0338,10.4991,0.1073,11.1675,118
28,gpu_hash_prop,3,121524,29967,0.0770,0.3333,0.0297,11.5896,0.1078,12.1728,118
28,gpu_hash_prop,4,121524,29967,0.0932,0.6625,0.0983,12.0484,0.0340,12.9763,118
28,gpu_hash_prop16,0,121524,29967,0.0955,0.4812,0.1075,4.9819,0.0994,5.7917,128
28,gpu_hash_prop16,1,121524,29967,0.0755,0.5140,0.0297,5.4511,0.0803,6.1768,128
28,gpu_hash_prop16,2,121524,29967,0.0756,0.5440,0.1290,5.6548,0.1089,6.5347,128
28,gpu_hash_prop16,3,121524,29967,0.0835,0.5020,0.0942,4.3377,0.0282,5.0726,128
28,gpu_hash_prop16,4,121524,29967,0.0769,0.2212,0.0358,2.6829,0.0306,3.0821,128
29,cpu_t1,0,121340,30043,0,4.1966,1.6297,0.1762,0,6.0024,0
29,cpu_t1,1,121340,30043,0,4.2480,1.3934,0.1356,0,5.7770,0
29,cpu_t1,2,121340,30043,0,4.0175,1.4635,0.1301,0,5.6111,0
29,cpu_t1,3,121340,30043,0,4.1344,1.4591,0.1306,0,5.7242,0
29,cpu_t1,4,121340,30043,0,4.1259,1.5173,0.1312,0,5.7745,0
29,cpu_t2,0,121340,30043,0,2.7894,1.0245,0.1482,0,3.9621,0
29,cpu_t2,1,121340,30043,0,2.4710,0.8928,0.1829,0,3.5466,0
29,cpu_t2,2,121340,30043,0,3.0828,0.7630,0.1563,0,4.0021,0
29,cpu_t2,3,121340,30043,0,2.1680,0.7388,0.1297,0,3.0365,0
29,cpu_t2,4,121340,30043,0,2.5871,0.7885,0.1324,0,3.5079,0
29,cpu_t4,0,121340,30043,0,1.5700,0.5081,0.1295,0,2.2076,0
29,cpu_t4,1,121340,30043,0,1.6250,0.5283,0.1302,0,2.2835,0
29,cpu_t4,2,121340,30043,0,1.6426,0.5278,0.1586,0,2.3290,0
29,cpu_t4,3,121340,30043,0,1.6100,0.5407,0.1327,0,2.2835,0
29,cpu_t4,4,121340,30043,0,1.5728,0.5527,0.1555,0,2.2810,0
29,cpu_t8,0,121340,30043,0,1.1076,0.3749,0.1350,0,1.6175,0
29,cpu_t8,1,121340,30043,0,1.0250,0.3568,0.1403,0,1.5221,0
29,cpu_t8,2,121340,30043,0,0.9597,0.3663,0.1589,0,1.4850,0
29,cpu_t8,3,121340,30043,0,1.0220,0.3823,0.1321,0,1.5363,0
29,cpu_t8,4,121340,30043,0,1.0311,0.3509,0.1318,0,1.5139,0
29,cpu_t16,0,121340,30043,0,1.3091,0.3448,0.2016,0,1.8554,0
29,cpu_t16,1,121340,30043,0,1.4062,0.3668,0.1632,0,1.9361,0
29,cpu_t16,2,121340,30043,0,1.4267,0.3363,0.1638,0,1.9268,0
29,cpu_t16,3,121340,30043,0,1.4599,0.5981,0.2157,0,2.2736,0
29,cpu_t16,4,121340,30043,0,1.4276,0.3504,0.1738,0,1.9518,0
29,gpu_thrust_uf,0,121340,30043,0.0814,0.8190,0.0676,0.1608,0.0321,1.1991,0
29,gpu_thrust_uf,1,121340,30043,0.0769,0.8022,0.0369,0.1485,0.0359,1.1422,0
29,gpu_thrust_uf,2,121340,30043,0.0768,0.7869,0.0369,0.1495,0.0223,1.1043,0
29,gpu_thrust_uf,3,121340,30043,0.0769,0.7433,0.0360,0.1494,0.0243,1.0601,0
29,gpu_thrust_uf,4,121340,30043,0.0796,0.6995,0.0338,0.1485,0.0213,1.0083,0
29,gpu_hash_uf,0,121340,30043,0.0754,0.1933,0.0369,0.1495,0.0232,0.5014,0
29,gpu_hash_uf,1,121340,30043,0.0754,0.2267,0.0369,0.1485,0.4565,0.9686,0
29,gpu_hash_uf,2,121340,30043,0.0792,0.2255,0.0338,0.1495,0.0252,0.5356,0
29,gpu_hash_uf,3,121340,30043,0.0756,0.2201,0.0379,0.1485,0.0229,0.5298,0
29,gpu_hash_uf,4,121340,30043,0.0770,0.2662,0.0358,0.1485,0.0241,0.5779,0
29,gpu_hash_prop,0,121340,30043,0.0756,0.2082,0.0410,6.8352,0.0213,7.2019,123
29,gpu_hash_prop,1,121340,30043,0.0771,0.2207,0.0358,9.0286,0.0310,9.4280,123
29,gpu_hash_prop,2,121340,30043,0.0772,0.2882,0.0635,7.8019,0.0560,8.3184,123
29,gpu_hash_prop,3,121340,30043,0.0822,0.2123,0.0358,9.3860,0.0224,9.7709,123
29,gpu_hash_prop,4,121340,30043,0.0772,0.2316,0.0338,8.7040,0.0250,9.0972,123
29,gpu_hash_prop16,0,121340,30043,0.0755,0.2207,0.0307,1.8668,0.0362,2.2516,128
29,gpu_hash_prop16,1,121340,30043,0.0805,0.2112,0.0369,2.3101,0.0499,2.7107,128
29,gpu_hash_prop16,2,121340,30043,0.1028,0.2300,0.0891,2.6737,0.0472,3.1805,128
29,gpu_hash_prop16,3,121340,30043,0.0962,0.2499,0.0369,1.8575,0.0331,2.2984,128
29,gpu_hash_prop16,4,121340,30043,0.1000,0.2836,0.0387,2.6892,0.0489,3.2050,128
30,cpu_t1,0,121129,29969,0,4.5923,1.7051,0.1444,0,6.4419,0
30,cpu_t1,1,121129,29969,0,3.9871,1.4406,0.1417,0,5.5694,0
30,cpu_t1,2,121129,29969,0,4.0250,1.3900,0.1409,0,5.5558,0
30,cpu_t1,3,121129,29969,0,6.0496,1.4933,0.1439,0,7.6868,0
30,cpu_t1,4,121129,29969,0,4.0539,1.3910,0.1445,0,5.5894,0
30,cpu_t2,0,121129,29969,0,2.4389,0.7063,0.1531,0,3.2983,0
30,cpu_t2,1,121129,29969,0,2.1740,0.7005,0.1419,0,3.0164,0
30,cpu_t2,2,121129,29969,0,2.1219,0.7541,0.1591,0,3.0351,0
30,cpu_t2,3,121129,29969,0,2.1156,0.7029,0.1401,0,2.9586,0
30,cpu_t2,4,121129,29969,0,2.1677,0.7346,0.1444,0,3.0467,0
30,cpu_t4,0,121129,29969,0,1.9343,0.5597,0.1842,0,2.6782,0
30,cpu_t4,1,121129,29969,0,1.6625,0.7499,0.1771,0,2.5895,0
30,cpu_t4,2,121129,29969,0,1.6579,0.7660,0.1791,0,2.6030,0
30,cpu_t4,3,121129,29969,0,1.6320,0.7474,0.1748,0,2.5543,0
30,cpu_t4,4,121129,29969,0,1.6607,0.7332,0.1735,0,2.5674,0
30,cpu_t8,0,121129,29969,0,1.1222,0.3797,0.1773,0,1.6791,0
30,cpu_t8,1,121129,29969,0,1.2409,0.3954,0.1759,0,1.8122,0
30,cpu_t8,2,121129,29969,0,1.0656,0.3511,0.1862,0,1.6029,0
30,cpu_t8,3,121129,29969,0,1.0330,0.3457,0.1740,0,1.5527,0
30,cpu_t8,4,121129,29969,0,1.0208,0.3488,0.1741,0,1.5437,0
30,cpu_t16,0,121129,29969,0,1.5118,0.4085,0.1931,0,2.1134,0
30,cpu_t16,1,121129,29969,0,1.4113,0.3901,0.1776,0,1.9790,0
30,cpu_t16,2,121129,29969,0,1.3788,0.4039,0.1858,0,1.9685,0
30,cpu_t16,3,121129,29969,0,1.3662,0.3832,0.1847,0,1.9341,0
30,cpu_t16,4,121129,29969,0,1.4692,0.3937,0.2300,0,2.0930,0
30,gpu_thrust_uf,0,121129,29969,0.0780,1.1366,0.4035,0.3593,0.2797,2.4418,0
30,gpu_thrust_uf,1,121129,29969,0.1247,1.4138,0.1239,0.3246,0.0284,2.0746,0
30,gpu_thrust_uf,2,121129,29969,0.0805,1.2420,0.1365,0.3561,0.0331,1.9107,0
30,gpu_thrust_uf,3,121129,29969,0.0762,0.8919,0.0594,0.2099,0.0281,1.3016,0
30,gpu_thrust_uf,4,121129,29969,0.0760,0.8359,0.0809,0.2099,0.0392,1.2793,0
30,gpu_hash_uf,0,121129,29969,0.0811,0.2337,0.0850,0.2099,0.0270,0.6654,0
30,gpu_hash_uf,1,121129,29969,0.0777,0.2777,0.0553,0.2109,0.0354,0.6822,0
30,gpu_hash_uf,2,121129,29969,0.0756,0.2640,0.1014,0.2099,0.0511,0.7315,0
30,gpu_hash_uf,3,121129,29969,0.0804,0.2199,0.0512,0.2099,0.0314,0.6254,0
30,gpu_hash_uf,4,121129,29969,0.0779,0.2673,0.0594,0.2109,0.0316,0.6697,0
30,gpu_hash_prop,0,121129,29969,0.0831,0.7635,0.0696,14.9821,0.0236,15.9547,116
30,gpu_hash_prop,1,121129,29969,0.0778,0.2984,0.0573,6.9212,0.0294,7.4067,116
30,gpu_hash_prop,2,121129,29969,0.0757,0.2798,0.0573,9.6707,0.0251,10.1320,116
30,gpu_hash_prop,3,121129,29969,0.0812,0.2401,0.0522,16.1167,0.1394,16.6909,116
30,gpu_hash_prop,4,121129,29969,0.0976,0.6203,0.1137,12.5471,0.0342,13.4424,116
30,gpu_hash_prop16,0,121129,29969,0.0803,0.6676,0.1116,7.4885,0.1384,8.5469,128
30,gpu_hash_prop16,1,121129,29969,0.0973,0.5515,0.1034,7.9636,0.0262,8.8309,128
30,gpu_hash_prop16,2,121129,29969,0.0779,0.2737,0.0604,2.2477,0.0592,2.7413,128
30,gpu_hash_prop16,3,121129,29969,0.0757,0.2758,0.0563,2.4207,0.0293,2.8836,128
30,gpu_hash_prop16,4,121129,29969,0.0835,0.3191,0.0563,2.1064,0.0188,2.6059,128
31,cpu_t1,0,121214,29809,0,4.1597,1.4042,0.1331,0,5.6971,0
31,cpu_t1,1,121214,29809,0,4.2821,1.3954,0.1316,0,5.8090,0
31,cpu_t1,2,121214,29809,0,4.0081,1.4165,0.1334,0,5.5580,0
31,cpu_t1,3,121214,29809,0,4.0296,1.4944,0.1886,0,5.7125,0
31,cpu_t1,4,121214,29809,0,4.3582,1.3566,0.1309,0,5.8457,0
31,cpu_t2,0,121214,29809,0,2.3578,0.7026,0.1361,0,3.1966,0
31,cpu_t2,1,121214,29809,0,2.1756,0.6721,0.1328,0,2.9805,0
31,cpu_t2,2,121214,29809,0,2.4131,0.7506,0.1341,0,3.2979,0
31,cpu_t2,3,121214,29809,0,2.1417,0.6714,0.1307,0,2.9439,0
31,cpu_t2,4,121214,29809,0,2.4690,0.9257,0.1307,0,3.5255,0
31,cpu_t4,0,121214,29809,0,1.5836,0.4653,0.1522,0,2.2012,0
31,cpu_t4,1,121214,29809,0,1.5987,0.4811,0.1328,0,2.2126,0
31,cpu_t4,2,121214,29809,0,1.5696,0.5202,0.1387,0,2.2286,0
31,cpu_t4,3,121214,29809,0,1.3882,0.3688,0.1305,0,1.8875,0
31,cpu_t4,4,121214,29809,0,1.2727,0.3559,0.1336,0,1.7623,0
31,cpu_t8,0,121214,29809,0,1.0385,0.3461,0.1636,0,1.5482,0
31,cpu_t8,1,121214,29809,0,1.0825,0.3607,0.1624,0,1.6055,0
31,cpu_t8,2,121214,29809,0,1.0563,0.3571,0.1631,0,1.5764,0
31,cpu_t8,3,121214,29809,0,1.0834,0.3718,0.1703,0,1.6255,0
31,cpu_t8,4,121214,29809,0,1.0741,0.3874,0.1618,0,1.6232,0
31,cpu_t16,0,121214,29809,0,1.3669,0.3527,0.1627,0,1.8823,0
31,cpu_t16,1,121214,29809,0,1.3505,0.3710,0.1748,0,1.8963,0
31,cpu_t16,2,121214,29809,0,1.3177,1.1884,0.1664,0,2.6725,0
31,cpu_t16,3,121214,29809,0,1.3282,0.3627,0.1622,0,1.8532,0
31,cpu_t16,4,121214,29809,0,1.3435,0.3542,0.1626,0,1.8603,0
31,gpu_thrust_uf,0,121214,29809,0.0810,0.9317,0.0655,0.2079,0.0356,1.3840,0
31,gpu_thrust_uf,1,121214,29809,0.0780,1.3593,0.0594,0.2079,0.0306,1.7775,0
31,gpu_thrust_uf,2,121214,29809,0.0779,1.0745,0.1002,0.2673,0.0352,1.5864,0
31,gpu_thrust_uf,3,121214,29809,0.0762,0.9220,0.1402,0.2079,0.0303,1.4052,0
31,gpu_thrust_uf,4,121214,29809,0.0758,0.9154,0.1239,0.2068,0.0364,1.3884,0
31,gpu_hash_uf,0,121214,29809,0.0778,0.5393,0.1014,0.2396,0.0310,1.0198,0
31,gpu_hash_uf,1,121214,29809,0.0773,0.3916,0.1000,0.2744,0.0284,0.9056,0
31,gpu_hash_uf,2,121214,29809,0.0779,0.4280,0.0993,0.2591,0.0307,0.9238,0
31,gpu_hash_uf,3,121214,29809,0.0760,0.4218,0.0552,0.2427,0.0309,0.8551,0
31,gpu_hash_uf,4,121214,29809,0.0783,0.3917,0.0983,0.2529,0.0487,0.9000,0
31,gpu_hash_prop,0,121214,29809,0.0826,0.3395,0.1280,8.2627,0.0715,8.9096,83
31,gpu_hash_prop,1,121214,29809,0.0779,1.2611,0.0563,7.9145,0.1004,9.4434,83
31,gpu_hash_prop,2,121214,29809,0.0759,0.4303,0.0550,8.9736,0.1120,9.6754,83
31,gpu_hash_prop,3,121214,29809,0.0758,0.4211,0.0590,8.0282,0.0887,8.7004,83
31,gpu_hash_prop,4,121214,29809,0.0762,0.3555,0.1023,9.3491,0.0589,9.9696,83
31,gpu_hash_prop16,0,121214,29809,0.0778,0.4732,0.0543,3.8175,0.0894,4.5372,96
31,gpu_hash_prop16,1,121214,29809,0.0759,0.3749,0.1001,4.3489,0.1079,5.0313,96
31,gpu_hash_prop16,2,121214,29809,0.0761,0.4947,0.0553,3.6413,0.0913,4.3863,96
31,gpu_hash_prop16,3,121214,29809,0.1206,0.3431,0.1004,3.3137,0.0917,3.9996,96
31,gpu_hash_prop16,4,121214,29809,0.0758,0.3640,0.0973,3.5533,0.0948,4.2118,96
32,cpu_t1,0,121239,29666,0,4.4488,1.9779,0.2056,0,6.6323,0
32,cpu_t1,1,121239,29666,0,5.5680,1.7832,0.1418,0,7.4930,0
32,cpu_t1,2,121239,29666,0,4.1479,1.8109,0.1958,0,6.1545,0
32,cpu_t1,3,121239,29666,0,5.5593,1.8292,0.1839,0,7.5724,0
32,cpu_t1,4,121239,29666,0,5.6320,1.8402,0.1824,0,7.6545,0
32,cpu_t2,0,121239,29666,0,2.9372,0.8574,0.1890,0,3.9837,0
32,cpu_t2,1,121239,29666,0,2.8864,0.8563,0.1799,0,3.9226,0
32,cpu_t2,2,121239,29666,0,2.8979,0.9575,0.1296,0,3.9850,0
32,cpu_t2,3,121239,29666,0,2.2557,0.6815,0.1325,0,3.0698,0
32,cpu_t2,4,121239,29666,0,2.1996,0.7193,0.1360,0,3.0549,0
32,cpu_t4,0,121239,29666,0,1.5661,0.4528,0.1312,0,2.1501,0
32,cpu_t4,1,121239,29666,0,1.5060,0.4539,0.1285,0,2.0884,0
32,cpu_t4,2,121239,29666,0,1.5117,0.6673,0.1439,0,2.3230,0
32,cpu_t4,3,121239,29666,0,1.4674,0.4506,0.1373,0,2.0552,0
32,cpu_t4,4,121239,29666,0,1.4567,0.4521,0.1273,0,2.0361,0
32,cpu_t8,0,121239,29666,0,1.2471,0.3614,0.1304,0,1.7390,0
32,cpu_t8,1,121239,29666,0,0.9934,0.3427,0.1298,0,1.4659,0
32,cpu_t8,2,121239,29666,0,0.9976,0.3897,0.1277,0,1.5150,0
32,cpu_t8,3,121239,29666,0,0.9986,0.3509,0.1271,0,1.4767,0
32,cpu_t8,4,121239,29666,0,0.9932,0.3424,0.1317,0,1.4673,0
32,cpu_t16,0,121239,29666,0,1.3907,0.3111,0.1586,0,1.8605,0
32,cpu_t16,1,121239,29666,0,1.4103,0.3375,0.1801,0,1.9278,0
32,cpu_t16,2,121239,29666,0,1.5275,0.5611,0.2130,0,2.3016,0
32,cpu_t16,3,121239,29666,0,2.0806,0.3443,0.1935,0,2.6184,0
32,cpu_t16,4,121239,29666,0,1.4222,0.3365,0.1816,0,1.9403,0
32,gpu_thrust_uf,0,121239,29666,0.2966,0.8420,0.0584,0.2365,0.0404,1.5140,0
32,gpu_thrust_uf,1,121239,29666,0.2901,0.7292,0.0625,0.2355,0.0412,1.3895,0
32,gpu_thrust_uf,2,121239,29666,0.2892,0.7248,0.0584,0.2365,0.0410,1.3775,0
32,gpu_thrust_uf,3,121239,29666,0.2899,0.7266,0.0625,0.2365,0.0400,1.3867,0
32,gpu_thrust_uf,4,121239,29666,0.2917,0.7796,0.0584,0.2365,0.0432,1.4378,0
32,gpu_hash_uf,0,121239,29666,0.2897,0.2556,0.0584,0.2365,0.0404,0.9077,0
32,gpu_hash_uf,1,121239,29666,0.2896,0.2488,0.0584,0.2365,0.0614,0.9228,0
32,gpu_hash_uf,2,121239,29666,0.2898,0.2673,0.0625,0.2365,0.0401,0.9336,0
32,gpu_hash_uf,3,121239,29666,0.2945,0.8078,0.0584,0.2365,0.0407,1.4838,0
32,gpu_hash_uf,4,121239,29666,0.2899,0.2550,0.0584,0.2365,0.0432,0.9150,0
32,gpu_hash_prop,0,121239,29666,0.2961,0.3085,0.0584,8.8883,0.0270,9.6037,107
32,gpu_hash_prop,1,121239,29666,0.2896,0.2666,0.0584,7.9350,0.0383,8.6141,107
32,gpu_hash_prop,2,121239,29666,0.2943,0.2582,0.0573,8.4849,0.0294,9.1530,107
32,gpu_hash_prop,3,121239,29666,0.2963,0.2506,0.0625,8.1633,0.0276,8.8324,107
32,gpu_hash_prop,4,121239,29666,0.2917,0.2789,0.0584,9.1453,0.0275,9.8293,107
32,gpu_hash_prop16,0,121239,29666,0.2898,0.2894,0.0635,1.9231,0.0241,2.6137,112
32,gpu_hash_prop16,1,121239,29666,0.2953,0.2680,0.0625,2.2548,0.0344,2.9443,112
32,gpu_hash_prop16,2,121239,29666,0.2951,0.8852,0.0625,2.3173,0.0304,3.6208,112
32,gpu_hash_prop16,3,121239,29666,0.2898,0.2832,0.0870,2.3122,0.0239,3.0214,112
32,gpu_hash_prop16,4,121239,29666,0.2916,0.2763,0.0573,2.3470,0.0234,3.0226,112
33,cpu_t1,0,121237,29492,0,3.9541,1.3894,0.1435,0,5.4870,0
33,cpu_t1,1,121237,29492,0,3.9792,1.3850,0.1273,0,5.4915,0
33,cpu_t1,2,121237,29492,0,3.8228,1.2891,0.1174,0,5.2293,0
33,cpu_t1,3,121237,29492,0,3.6023,1.2975,0.1165,0,5.0164,0
33,cpu_t1,4,121237,29492,0,3.7214,1.2839,0.1163,0,5.1216,0
33,cpu_t2,0,121237,29492,0,1.9180,0.6996,0.1160,0,2.7336,0
33,cpu_t2,1,121237,29492,0,2.0037,0.6504,0.1149,0,2.7690,0
33,cpu_t2,2,121237,29492,0,2.3371,0.6494,0.1187,0,3.1052,0
33,cpu_t2,3,121237,29492,0,2.1373,0.7375,0.1180,0,2.9928,0
33,cpu_t2,4,121237,29492,0,1.9852,0.6489,0.1164,0,2.7505,0
33,cpu_t4,0,121237,29492,0,1.1309,0.3439,0.1160,0,1.5908,0
33,cpu_t4,1,121237,29492,0,1.1383,0.3715,0.1560,0,1.6658,0
33,cpu_t4,2,121237,29492,0,1.1872,0.6570,0.1460,0,1.9902,0
33,cpu_t4,3,121237,29492,0,1.4916,0.7112,0.1501,0,2.3529,0
33,cpu_t4,4,121237,29492,0,1.4670,0.6447,0.1444,0,2.2561,0
33,cpu_t8,0,121237,29492,0,1.0903,0.3337,0.1451,0,1.5691,0
33,cpu_t8,1,121237,29492,0,0.9378,0.3378,0.1441,0,1.4198,0
33,cpu_t8,2,121237,29492,0,0.9614,0.3346,0.1438,0,1.4398,0
33,cpu_t8,3,121237,29492,0,0.9513,0.3315,0.1441,0,1.4269,0
33,cpu_t8,4,121237,29492,0,0.9815,0.3229,0.1823,0,1.4867,0
33,cpu_t16,0,121237,29492,0,1.3274,0.3351,0.1577,0,1.8202,0
33,cpu_t16,1,121237,29492,0,1.2333,0.3269,0.1452,0,1.7055,0
33,cpu_t16,2,121237,29492,0,1.2478,0.3208,0.1491,0,1.7176,0
33,cpu_t16,3,121237,29492,0,1.2230,0.3279,0.1514,0,1.7023,0
33,cpu_t16,4,121237,29492,0,1.2564,0.3389,0.1592,0,1.7545,0
33,gpu_thrust_uf,0,121237,29492,0.2946,0.7191,0.0604,0.2478,0.0464,1.2955,0
33,gpu_thrust_uf,1,121237,29492,0.2899,0.6600,0.0983,0.2478,0.0329,1.2551,0
33,gpu_thrust_uf,2,121237,29492,0.2898,0.7062,0.0942,0.2478,0.0331,1.2873,0
33,gpu_thrust_uf,3,121237,29492,0.2899,0.7021,0.0655,0.2499,0.0386,1.2637,0
33,gpu_thrust_uf,4,121237,29492,0.2940,1.4349,0.0922,0.2478,0.0335,1.9681,0
33,gpu_hash_uf,0,121237,29492,0.2897,0.5106,0.0604,0.2591,0.0339,1.0979,0
33,gpu_hash_uf,1,121237,29492,0.2897,0.3831,0.1014,0.2970,0.0319,1.0478,0
33,gpu_hash_uf,2,121237,29492,0.2963,0.5368,0.1085,0.2468,0.0333,1.1515,0
33,gpu_hash_uf,3,121237,29492,0.2896,0.3995,0.1065,0.2806,0.0327,1.0470,0
33,gpu_hash_uf,4,121237,29492,0.2917,0.5325,0.1034,0.2703,0.0480,1.1748,0
33,gpu_hash_prop,0,121237,29492,0.2919,0.3803,0.0942,11.9788,0.1083,11.8451,111
33,gpu_hash_prop,1,121237,29492,0.3094,0.4350,0.0983,11.6767,0.0360,11.5784,111
33,gpu_hash_prop,2,121237,29492,0.2896,0.3561,0.1055,8.4234,0.0315,8.4905,111
33,gpu_hash_prop,3,121237,29492,0.2896,0.3152,0.0952,9.0808,0.0347,9.0572,111
33,gpu_hash_prop,4,121237,29492,0.2896,0.4796,0.0614,11.1043,0.0550,11.0510,111
33,gpu_hash_prop16,0,121237,29492,0.2896,0.3789,0.1004,3.8318,0.0365,4.2930,112
33,gpu_hash_prop16,1,121237,29492,0.2968,0.4456,0.0911,4.0909,0.0364,4.5857,112
33,gpu_hash_prop16,2,121237,29492,0.2897,0.3228,0.1260,1.8862,0.0286,2.4627,112
33,gpu_hash_prop16,3,121237,29492,0.2897,0.2682,0.0655,2.4709,0.0416,2.9053,112
33,gpu_hash_prop16,4,121237,29492,0.2897,0.3931,0.1075,4.1134,0.1155,4.6379,112
34,cpu_t1,0,121266,29210,0,3.6898,1.1657,0.1198,0,4.9753,0
34,cpu_t1,1,121266,29210,0,3.6893,1.2129,0.1187,0,5.0210,0
34,cpu_t1,2,121266,29210,0,3.7711,1.2311,0.1213,0,5.1235,0
34,cpu_t1,3,121266,29210,0,3.7176,1.1854,0.1186,0,5.0216,0
34,cpu_t1,4,121266,29210,0,3.6468,1.2758,0.1487,0,5.0713,0
34,cpu_t2,0,121266,29210,0,1.9892,0.6676,0.1261,0,2.7829,0
34,cpu_t2,1,121266,29210,0,1.9545,0.5988,0.1181,0,2.6714,0
34,cpu_t2,2,121266,29210,0,2.0386,0.6125,0.1190,0,2.7701,0
34,cpu_t2,3,121266,29210,0,1.9444,0.7629,0.1321,0,2.8393,0
34,cpu_t2,4,121266,29210,0,1.9824,0.6018,0.1225,0,2.7067,0
34,cpu_t4,0,121266,29210,0,1.2750,0.3094,0.1211,0,1.7054,0
34,cpu_t4,1,121266,29210,0,1.4134,0.4344,0.1233,0,1.9711,0
34,cpu_t4,2,121266,29210,0,1.1552,0.3212,0.1185,0,1.5949,0
34,cpu_t4,3,121266,29210,0,1.1530,0.3356,0.1351,0,1.6237,0
34,cpu_t4,4,121266,29210,0,1.1635,0.3386,0.1196,0,1.6217,0
34,cpu_t8,0,121266,29210,0,0.9325,0.3307,0.1234,0,1.3865,0
34,cpu_t8,1,121266,29210,0,0.9375,0.3101,0.1205,0,1.3680,0
34,cpu_t8,2,121266,29210,0,0.9490,0.3279,0.1219,0,1.3988,0
34,cpu_t8,3,121266,29210,0,0.9469,0.3536,0.1212,0,1.4217,0
34,cpu_t8,4,121266,29210,0,1.0700,0.3447,0.1193,0,1.5341,0
34,cpu_t16,0,121266,29210,0,1.2002,0.3447,0.1485,0,1.6935,0
34,cpu_t16,1,121266,29210,0,1.2537,0.3406,0.1529,0,1.7473,0
34,cpu_t16,2,121266,29210,0,1.1935,0.3270,0.1501,0,1.6707,0
34,cpu_t16,3,121266,29210,0,1.3681,0.3534,0.1511,0,1.8726,0
34,cpu_t16,4,121266,29210,0,1.1571,0.3445,0.1531,0,1.6547,0
34,gpu_thrust_uf,0,121266,29210,0.2947,0.8885,0.0666,0.2437,0.0321,1.4418,0
34,gpu_thrust_uf,1,121266,29210,0.2919,0.7136,0.1075,0.2796,0.0349,1.3473,0
34,gpu_thrust_uf,2,121266,29210,0.2896,0.7292,0.1034,0.3174,0.0347,1.3842,0
34,gpu_thrust_uf,3,121266,29210,0.2898,0.7011,0.1065,0.2488,0.0333,1.2993,0
34,gpu_thrust_uf,4,121266,29210,0.2898,0.6858,0.1034,0.2734,0.0341,1.3025,0
34,gpu_hash_uf,0,121266,29210,0.2898,0.4761,0.1075,0.3185,0.0334,1.1505,0
34,gpu_hash_uf,1,121266,29210,0.2920,1.1699,0.0625,0.2447,0.0316,1.6840,0
34,gpu_hash_uf,2,121266,29210,0.2918,0.4761,0.1075,0.2427,0.0336,1.1000,0
34,gpu_hash_uf,3,121266,29210,0.2898,0.4872,0.1372,0.2427,0.0314,1.1249,0
34,gpu_hash_uf,4,121266,29210,0.2897,0.5052,0.0993,0.2437,0.0328,1.1054,0
34,gpu_hash_prop,0,121266,29210,0.2921,0.4683,0.1065,10.3158,0.1022,10.4103,111
34,gpu_hash_prop,1,121266,29210,0.2899,0.3840,0.1137,10.8206,0.1106,10.8093,111
34,gpu_hash_prop,2,121266,29210,0.2896,0.4806,0.1085,10.6383,0.0320,10.6499,111
34,gpu_hash_prop,3,121266,29210,0.2896,0.2532,0.0666,9.8223,0.1001,9.7146,111
34,gpu_hash_prop,4,121266,29210,0.2896,0.4064,0.1147,10.8892,0.0529,10.8325,111
34,gpu_hash_prop16,0,121266,29210,0.3079,0.4061,0.0655,4.6909,0.0370,5.1000,112
34,gpu_hash_prop16,1,121266,29210,0.3086,0.5018,0.1157,4.3254,0.0371,4.8906,112
34,gpu_hash_prop16,2,121266,29210,0.2896,0.4856,0.1116,4.0172,0.0216,4.5524,112
34,gpu_hash_prop16,3,121266,29210,0.2943,0.3298,0.1260,2.8047,0.0308,3.3218,112
34,gpu_hash_prop16,4,121266,29210,0.2944,0.7470,0.0666,2.7884,0.0317,3.6441,112
35,cpu_t1,0,121210,29303,0,3.7792,1.1992,0.1289,0,5.1074,0
35,cpu_t1,1,121210,29303,0,3.6493,1.2454,0.1280,0,5.0227,0
35,cpu_t1,2,121210,29303,0,3.6733,1.2528,0.1275,0,5.0536,0
35,cpu_t1,3,121210,29303,0,3.7875,1.2434,0.1234,0,5.1543,0
35,cpu_t1,4,121210,29303,0,3.6842,1.2865,0.1258,0,5.0965,0
35,cpu_t2,0,121210,29303,0,1.9683,0.6978,0.1270,0,2.7931,0
35,cpu_t2,1,121210,29303,0,2.0016,0.6243,0.1375,0,2.7634,0
35,cpu_t2,2,121210,29303,0,2.1088,0.6023,0.1233,0,2.8344,0
35,cpu_t2,3,121210,29303,0,1.9918,0.6172,0.1240,0,2.7330,0
35,cpu_t2,4,121210,29303,0,1.9792,0.6342,0.1485,0,2.7619,0
35,cpu_t4,0,121210,29303,0,1.1923,0.6162,0.1440,0,1.9525,0
35,cpu_t4,1,121210,29303,0,1.4545,0.4412,0.1824,0,2.0780,0
35,cpu_t4,2,121210,29303,0,1.2414,0.3204,0.1239,0,1.6856,0
35,cpu_t4,3,121210,29303,0,1.1921,0.3182,0.1227,0,1.6330,0
35,cpu_t4,4,121210,29303,0,1.1311,0.3129,0.1223,0,1.5664,0
35,cpu_t8,0,121210,29303,0,1.0755,0.3110,0.1560,0,1.5425,0
35,cpu_t8,1,121210,29303,0,0.9967,0.3141,0.1532,0,1.4639,0
35,cpu_t8,2,121210,29303,0,0.9878,0.3171,0.1520,0,1.4570,0
35,cpu_t8,3,121210,29303,0,0.9553,0.3240,0.1259,0,1.4053,0
35,cpu_t8,4,121210,29303,0,1.0092,0.3322,0.1587,0,1.5002,0
35,cpu_t16,0,121210,29303,0,1.4908,0.4255,0.1568,0,2.0732,0
35,cpu_t16,1,121210,29303,0,1.3264,0.4500,0.1565,0,1.9328,0
35,cpu_t16,2,121210,29303,0,1.3253,0.4098,0.1669,0,1.9019,0
35,cpu_t16,3,121210,29303,0,1.4080,0.3367,0.1580,0,1.9027,0
35,cpu_t16,4,121210,29303,0,1.2376,0.3343,0.1556,0,1.7275,0
35,gpu_thrust_uf,0,121210,29303,0.2959,0.8994,0.0891,0.2765,0.0666,1.5369,0
35,gpu_thrust_uf,1,121210,29303,0.2959,0.6686,0.0686,0.2755,0.0408,1.2781,0
35,gpu_thrust_uf,2,121210,29303,0.2946,0.6396,0.0696,0.2755,0.0537,1.2587,0
35,gpu_thrust_uf,3,121210,29303,0.2905,1.4096,0.0666,0.2744,0.0431,1.9482,0
35,gpu_thrust_uf,4,121210,29303,0.2896,0.7632,0.0727,0.2744,0.0621,1.3755,0
35,gpu_hash_uf,0,121210,29303,0.2937,0.5853,0.0655,0.2755,0.0412,1.1881,0
35,gpu_hash_uf,1,121210,29303,0.2997,0.2758,0.0686,0.2744,0.0312,0.8996,0
35,gpu_hash_uf,2,121210,29303,0.2925,0.3015,0.0993,0.2734,0.0421,0.9525,0
35,gpu_hash_uf,3,121210,29303,0.2896,0.3784,0.1413,0.2744,0.0488,1.0697,0
35,gpu_hash_uf,4,121210,29303,0.3420,0.2658,0.0666,0.2744,0.0581,0.9696,0
35,gpu_hash_prop,0,121210,29303,0.2930,0.7893,0.1434,16.5304,0.1078,16.4616,111
35,gpu_hash_prop,1,121210,29303,0.3087,0.5552,0.1044,14.6760,0.0357,14.4534,111
35,gpu_hash_prop,2,121210,29303,0.2951,0.3081,0.0676,6.2228,0.0238,6.3869,111
35,gpu_hash_prop,3,121210,29303,0.2907,0.2390,0.0655,11.7197,0.0300,11.3767,111
35,gpu_hash_prop,4,121210,29303,0.2985,0.3688,0.0717,14.1353,0.0342,13.7397,111
35,gpu_hash_prop16,0,121210,29303,0.3249,0.5912,0.0655,1.9026,0.0369,2.7185,112
35,gpu_hash_prop16,1,121210,29303,0.2933,0.3236,0.0696,7.9903,0.0254,8.0349,112
35,gpu_hash_prop16,2,121210,29303,0.2908,0.4006,0.0707,1.6609,0.0220,2.2721,112
35,gpu_hash_prop16,3,121210,29303,0.2952,0.2536,0.0686,1.8647,0.0380,2.3468,112
35,gpu_hash_prop16,4,121210,29303,0.2949,0.2813,0.0696,6.1041,0.0355,6.2757,112
36,cpu_t1,0,121194,29470,0,3.6328,1.2840,0.1254,0,5.0422,0
36,cpu_t1,1,121194,29470,0,3.5942,1.3177,0.1205,0,5.0324,0
36,cpu_t1,2,121194,29470,0,4.0177,1.4836,0.1226,0,5.6239,0
36,cpu_t1,3,121194,29470,0,3.7727,1.3032,0.1204,0,5.1963,0
36,cpu_t1,4,121194,29470,0,3.6801,1.3093,0.1202,0,5.1096,0
36,cpu_t2,0,121194,29470,0,1.9627,0.6863,0.1186,0,2.7676,0
36,cpu_t2,1,121194,29470,0,2.1461,0.7123,0.1278,0,2.9862,0
36,cpu_t2,2,121194,29470,0,1.9720,0.7019,0.1390,0,2.8129,0
36,cpu_t2,3,121194,29470,0,1.9668,0.6662,0.1184,0,2.7514,0
36,cpu_t2,4,121194,29470,0,2.0871,0.6693,0.1204,0,2.8768,0
36,cpu_t4,0,121194,29470,0,1.2936,0.3537,0.1202,0,1.7675,0
36,cpu_t4,1,121194,29470,0,1.1812,0.3555,0.1305,0,1.6673,0
36,cpu_t4,2,121194,29470,0,1.1567,0.3658,0.1254,0,1.6479,0
36,cpu_t4,3,121194,29470,0,1.1342,0.3467,0.1362,0,1.6170,0
36,cpu_t4,4,121194,29470,0,1.1462,0.3945,0.1453,0,1.6861,0
36,cpu_t8,0,121194,29470,0,0.8840,0.3491,0.1221,0,1.3551,0
36,cpu_t8,1,121194,29470,0,0.9220,0.3273,0.1226,0,1.3718,0
36,cpu_t8,2,121194,29470,0,0.8893,0.3339,0.1208,0,1.3440,0
36,cpu_t8,3,121194,29470,0,0.8820,0.3504,0.1191,0,1.3515,0
36,cpu_t8,4,121194,29470,0,0.8898,0.3426,0.1195,0,1.3520,0
36,cpu_t16,0,121194,29470,0,0.6831,0.2012,0.1584,0,1.0427,0
36,cpu_t16,1,121194,29470,0,0.6697,0.1889,0.1604,0,1.0190,0
36,cpu_t16,2,121194,29470,0,0.6702,0.2030,0.1560,0,1.0291,0
36,cpu_t16,3,121194,29470,0,0.6866,0.2004,0.1526,0,1.0396,0
36,cpu_t16,4,121194,29470,0,0.6823,0.1918,0.1640,0,1.0382,0
36,gpu_thrust_uf,0,121194,29470,0.2941,0.7940,0.1352,0.2662,0.0267,1.4118,0
36,gpu_thrust_uf,1,121194,29470,0.2903,1.1277,0.1014,0.2847,0.0457,1.7254,0
36,gpu_thrust_uf,2,121194,29470,0.2897,0.8892,0.1126,0.3287,0.0320,1.5471,0
36,gpu_thrust_uf,3,121194,29470,0.2895,0.6869,0.1105,0.3011,0.0313,1.3375,0
36,gpu_thrust_uf,4,121194,29470,0.2965,0.7435,0.1106,0.3287,0.0310,1.4196,0
36,gpu_hash_uf,0,121194,29470,0.3380,5.8244,0.0686,0.2744,0.0596,6.0772,0
36,gpu_hash_uf,1,121194,29470,0.2912,0.3535,0.0676,0.2847,0.0316,0.9797,0
36,gpu_hash_uf,2,121194,29470,0.2895,0.4697,0.1178,0.2847,0.0330,1.1257,0
36,gpu_hash_uf,3,121194,29470,0.2894,0.5004,0.1137,0.2888,0.0306,1.1535,0
36,gpu_hash_uf,4,121194,29470,0.2894,0.4224,0.1065,0.2847,0.0488,1.0862,0
36,gpu_hash_prop,0,121194,29470,0.2922,0.5002,0.0952,14.1046,0.0299,13.8385,110
36,gpu_hash_prop,1,121194,29470,0.2949,0.3876,0.0737,14.4558,0.0785,14.0944,110
36,gpu_hash_prop,2,121194,29470,0.2904,0.4355,0.0840,16.4106,0.1080,15.9649,110
36,gpu_hash_prop,3,121194,29470,0.2910,0.4521,0.1403,16.3185,0.0366,15.8831,110
36,gpu_hash_prop,4,121194,29470,0.2899,0.3738,0.1137,16.3062,0.0334,15.7674,110
36,gpu_hash_prop16,0,121194,29470,0.2980,6.0062,0.0676,4.5066,0.0348,10.0777,112
36,gpu_hash_prop16,1,121194,29470,0.2912,0.4475,0.0860,4.1912,0.1008,4.7277,112
36,gpu_hash_prop16,2,121194,29470,0.3368,5.9172,0.0666,4.0346,0.1306,9.6726,112
36,gpu_hash_prop16,3,121194,29470,0.2899,0.4396,0.0655,4.6561,0.1042,5.1388,112
36,gpu_hash_prop16,4,121194,29470,0.3198,0.4892,0.0932,9.4219,0.1095,9.6247,112
37,cpu_t1,0,121197,29519,0,3.6214,1.3228,0.1280,0,5.0722,0
37,cpu_t1,1,121197,29519,0,3.5926,1.3646,0.1255,0,5.0827,0
37,cpu_t1,2,121197,29519,0,3.5972,1.4071,0.1258,0,5.1302,0
37,cpu_t1,3,121197,29519,0,3.6418,1.3497,0.1250,0,5.1165,0
37,cpu_t1,4,121197,29519,0,3.5922,1.4046,0.1297,0,5.1266,0
37,cpu_t2,0,121197,29519,0,2.0321,0.6620,0.1221,0,2.8162,0
37,cpu_t2,1,121197,29519,0,1.9864,0.7186,0.1256,0,2.8306,0
37,cpu_t2,2,121197,29519,0,1.9787,0.6643,0.1226,0,2.7656,0
37,cpu_t2,3,121197,29519,0,2.0008,0.6754,0.1231,0,2.7993,0
37,cpu_t2,4,121197,29519,0,2.1468,0.7624,0.1252,0,3.0344,0
37,cpu_t4,0,121197,29519,0,1.3352,0.4612,0.1332,0,1.9296,0
37,cpu_t4,1,121197,29519,0,1.1071,0.3678,0.1258,0,1.6007,0
37,cpu_t4,2,121197,29519,0,1.0945,0.3355,0.1396,0,1.5696,0
37,cpu_t4,3,121197,29519,0,1.1562,0.3386,0.1246,0,1.6194,0
37,cpu_t4,4,121197,29519,0,1.1162,0.3362,0.1241,0,1.5765,0
37,cpu_t8,0,121197,29519,0,0.9341,0.2910,0.1674,0,1.3926,0
37,cpu_t8,1,121197,29519,0,0.9465,0.2118,0.1295,0,1.2878,0
37,cpu_t8,2,121197,29519,0,0.7699,0.1801,0.1261,0,1.0762,0
37,cpu_t8,3,121197,29519,0,0.7462,0.1792,0.1271,0,1.0525,0
37,cpu_t8,4,121197,29519,0,0.7397,0.1848,0.1260,0,1.0506,0
37,cpu_t16,0,121197,29519,0,1.2691,0.3782,0.1801,0,1.8273,0
37,cpu_t16,1,121197,29519,0,1.2574,0.3127,0.1595,0,1.7296,0
37,cpu_t16,2,121197,29519,0,1.2031,0.2982,0.1582,0,1.6595,0
37,cpu_t16,3,121197,29519,0,1.3045,0.3235,0.1558,0,1.7839,0
37,cpu_t16,4,121197,29519,0,1.2318,0.2837,0.1684,0,1.6839,0
37,gpu_thrust_uf,0,121197,29519,0.2901,0.7959,0.0676,0.2273,0.0432,1.3470,0
37,gpu_thrust_uf,1,121197,29519,0.2896,0.7094,0.0993,0.2273,0.0443,1.2888,0
37,gpu_thrust_uf,2,121197,29519,0.2897,0.6942,0.0686,0.2273,0.0275,1.2331,0
37,gpu_thrust_uf,3,121197,29519,0.2969,2.8407,0.1249,0.2304,0.0289,3.2707,0
37,gpu_thrust_uf,4,121197,29519,0.2898,0.7773,0.1095,0.2744,0.0333,1.3908,0
37,gpu_hash_uf,0,121197,29519,0.2896,0.5222,0.1085,0.2744,0.0322,1.1582,0
37,gpu_hash_uf,1,121197,29519,0.2896,0.4446,0.1413,0.2273,0.0348,1.0756,0
37,gpu_hash_uf,2,121197,29519,0.2898,0.4076,0.0655,0.2273,0.0374,0.9744,0
37,gpu_hash_uf,3,121197,29519,0.2895,0.3051,0.0932,0.2273,0.0428,0.9180,0
37,gpu_hash_uf,4,121197,29519,0.2939,0.3083,0.0881,0.2284,0.0398,0.9154,0
37,gpu_hash_prop,0,121197,29519,0.2895,0.4984,0.1106,6.8096,0.0304,7.1460,110
37,gpu_hash_prop,1,121197,29519,0.2894,0.2680,0.0707,8.2043,0.0334,8.1796,110
37,gpu_hash_prop,2,121197,29519,0.2926,0.2829,0.0666,13.3601,0.0236,12.9265,110
37,gpu_hash_prop,3,121197,29519,0.3020,0.3231,0.0748,8.5596,0.0284,8.5738,110
37,gpu_hash_prop,4,121197,29519,0.2894,0.3202,0.0666,9.3757,0.0276,9.2936,110
37,gpu_hash_prop16,0,121197,29519,0.2905,0.3048,0.0666,1.9958,0.0273,2.4912,112
37,gpu_hash_prop16,1,121197,29519,0.2894,0.2753,0.0666,3.4857,0.0294,3.8354,112
37,gpu_hash_prop16,2,121197,29519,0.3741,3.4402,0.0676,5.1693,0.1084,8.4536,112
37,gpu_hash_prop16,3,121197,29519,0.2909,0.4461,0.1116,4.8518,0.1101,5.3713,112
37,gpu_hash_prop16,4,121197,29519,0.3116,1.1872,0.0676,9.0614,0.0568,9.8585,112
38,cpu_t1,0,121378,29578,0,3.7040,1.3196,0.1234,0,5.1470,0
38,cpu_t1,1,121378,29578,0,3.8323,1.3226,0.1214,0,5.2764,0
38,cpu_t1,2,121378,29578,0,3.7212,1.2726,0.1212,0,5.1149,0
38,cpu_t1,3,121378,29578,0,3.7157,1.2671,0.1239,0,5.1066,0
38,cpu_t1,4,121378,29578,0,3.6732,1.4298,0.1223,0,5.2253,0
38,cpu_t2,0,121378,29578,0,2.3036,0.6278,0.1291,0,3.0604,0
38,cpu_t2,1,121378,29578,0,2.0392,0.6442,0.1197,0,2.8030,0
38,cpu_t2,2,121378,29578,0,1.9636,0.9242,0.1299,0,3.0176,0
38,cpu_t2,3,121378,29578,0,1.9470,0.6276,0.1188,0,2.6935,0
38,cpu_t2,4,121378,29578,0,1.9940,0.6364,0.1264,0,2.7568,0
38,cpu_t4,0,121378,29578,0,1.1447,0.3433,0.1193,0,1.6073,0
38,cpu_t4,1,121378,29578,0,1.1231,0.3462,0.1230,0,1.5923,0
38,cpu_t4,2,121378,29578,0,1.1898,0.3304,0.1185,0,1.6387,0
38,cpu_t4,3,121378,29578,0,1.1338,0.3435,0.1187,0,1.5961,0
38,cpu_t4,4,121378,29578,0,1.2448,0.3626,0.1191,0,1.7265,0
38,cpu_t8,0,121378,29578,0,0.9391,0.2988,0.1195,0,1.3573,0
38,cpu_t8,1,121378,29578,0,0.9468,0.3467,0.1300,0,1.4235,0
38,cpu_t8,2,121378,29578,0,0.9579,0.3472,0.1193,0,1.4244,0
38,cpu_t8,3,121378,29578,0,0.9576,0.3522,0.1506,0,1.4604,0
38,cpu_t8,4,121378,29578,0,0.9521,0.4367,0.1356,0,1.5243,0
38,cpu_t16,0,121378,29578,0,1.5928,0.5608,0.1690,0,2.3225,0
38,cpu_t16,1,121378,29578,0,1.7104,0.3705,0.1500,0,2.2310,0
38,cpu_t16,2,121378,29578,0,1.2753,0.4245,0.1564,0,1.8562,0
38,cpu_t16,3,121378,29578,0,2.3056,1.1529,0.1585,0,3.6169,0
38,cpu_t16,4,121378,29578,0,2.8433,0.5095,0.1587,0,3.5116,0
38,gpu_thrust_uf,0,121378,29578,0.2908,0.8858,0.0748,0.2929,0.0616,1.5139,0
38,gpu_thrust_uf,1,121378,29578,0.2942,0.7988,0.0707,0.2929,0.0444,1.4133,0
38,gpu_thrust_uf,2,121378,29578,0.2944,0.7342,0.1014,0.2929,0.0454,1.3833,0
38,gpu_thrust_uf,3,121378,29578,0.2899,0.7385,0.0717,0.2929,0.0457,1.3525,0
38,gpu_thrust_uf,4,121378,29578,0.2956,2.9696,0.0717,0.3021,0.0424,3.4167,0
38,gpu_hash_uf,0,121378,29578,0.2930,0.6230,0.1106,0.3676,0.0550,1.3864,0
38,gpu_hash_uf,1,121378,29578,1.9267,2.9654,0.0686,0.2949,0.0379,4.9273,0
38,gpu_hash_uf,2,121378,29578,0.2902,0.5732,0.0799,0.4116,0.0420,1.3339,0
38,gpu_hash_uf,3,121378,29578,0.3117,0.5381,0.0788,0.4485,0.0373,1.3528,0
38,gpu_hash_uf,4,121378,29578,0.2899,0.7233,0.0911,0.3820,0.0348,1.4728,0
38,gpu_hash_prop,0,121378,29578,0.2938,0.5129,0.1116,18.2313,0.1095,17.7388,112
38,gpu_hash_prop,1,121378,29578,0.3012,3.7605,0.0696,17.2740,0.0690,19.7780,112
38,gpu_hash_prop,2,121378,29578,0.2944,0.5660,0.1116,11.2466,0.1135,11.3723,112
38,gpu_hash_prop,3,121378,29578,0.8499,5.1356,0.0707,16.6994,0.1104,21.0681,112
38,gpu_hash_prop,4,121378,29578,0.2915,0.5066,0.1096,21.3207,0.0277,20.4994,112
38,gpu_hash_prop16,0,121378,29578,0.3239,0.3270,0.0707,6.1143,0.0313,6.3435,112
38,gpu_hash_prop16,1,121378,29578,0.2943,0.4392,0.0758,2.5108,0.0419,3.1177,112
38,gpu_hash_prop16,2,121378,29578,0.2899,0.2839,0.0666,5.2961,0.0350,5.5153,112
38,gpu_hash_prop16,3,121378,29578,0.2904,0.2564,0.0707,5.6074,0.0430,5.7881,112
38,gpu_hash_prop16,4,121378,29578,0.2943,0.3679,0.0686,1.6251,0.0351,2.2207,112
39,cpu_t1,0,121535,29707,0,3.6468,1.4029,0.1279,0,5.1777,0
39,cpu_t1,1,121535,29707,0,3.8840,1.3251,0.1233,0,5.3325,0
39,cpu_t1,2,121535,29707,0,3.6837,1.3112,0.1235,0,5.1184,0
39,cpu_t1,3,121535,29707,0,3.6551,1.2821,0.1260,0,5.0633,0
39,cpu_t1,4,121535,29707,0,3.6995,1.2537,0.1220,0,5.0753,0
39,cpu_t2,0,121535,29707,0,2.1255,0.7078,0.1434,0,2.9767,0
39,cpu_t2,1,121535,29707,0,2.0058,0.6569,0.1221,0,2.7848,0
39,cpu_t2,2,121535,29707,0,2.0530,0.6410,0.1242,0,2.8182,0
39,cpu_t2,3,121535,29707,0,2.0053,0.6500,0.1223,0,2.7776,0
39,cpu_t2,4,121535,29707,0,2.0805,0.6377,0.1479,0,2.8660,0
39,cpu_t4,0,121535,29707,0,1.3249,0.6759,0.1371,0,2.1378,0
39,cpu_t4,1,121535,29707,0,1.4315,0.3292,0.1328,0,1.8936,0
39,cpu_t4,2,121535,29707,0,1.1324,0.3400,0.1224,0,1.5949,0
39,cpu_t4,3,121535,29707,0,1.1181,0.4101,0.1536,0,1.6818,0
39,cpu_t4,4,121535,29707,0,1.3330,0.3742,0.1245,0,1.8317,0
39,cpu_t8,0,121535,29707,0,0.9793,0.3566,0.1223,0,1.4582,0
39,cpu_t8,1,121535,29707,0,0.9419,0.3613,0.1317,0,1.4348,0
39,cpu_t8,2,121535,29707,0,1.0382,0.3968,0.1934,0,1.6283,0
39,cpu_t8,3,121535,29707,0,1.0802,0.3534,0.1449,0,1.5785,0
39,cpu_t8,4,121535,29707,0,0.9191,0.3509,0.1229,0,1.3929,0
39,cpu_t16,0,121535,29707,0,1.3718,0.6478,0.1637,0,2.1833,0
39,cpu_t16,1,121535,29707,0,1.6814,0.3971,0.1903,0,2.2687,0
39,cpu_t16,2,121535,29707,0,1.2688,0.3837,0.1723,0,1.8248,0
39,cpu_t16,3,121535,29707,0,1.2000,0.3765,0.1629,0,1.7395,0
39,cpu_t16,4,121535,29707,0,1.2924,0.3858,0.1616,0,1.8399,0
39,gpu_thrust_uf,0,121535,29707,0.2957,0.6905,0.0778,0.2427,0.0330,1.2672,0
39,gpu_thrust_uf,1,121535,29707,0.2919,0.6939,0.0553,0.2417,0.0420,1.2453,0
39,gpu_thrust_uf,2,121535,29707,0.2907,0.6701,0.0584,0.2427,0.0404,1.2512,0
39,gpu_thrust_uf,3,121535,29707,0.2909,0.8012,0.0563,0.2427,0.0448,1.3518,0
39,gpu_thrust_uf,4,121535,29707,0.2966,2.4562,0.0584,0.2509,0.0420,2.8911,0
39,gpu_hash_uf,0,121535,29707,0.2933,0.2741,0.0553,0.2417,0.0404,0.8552,0
39,gpu_hash_uf,1,121535,29707,0.2903,0.2742,0.0553,0.2417,0.0434,0.8588,0
39,gpu_hash_uf,2,121535,29707,0.2951,0.2530,0.0911,0.2417,0.0449,0.8817,0
39,gpu_hash_uf,3,121535,29707,0.2948,0.2792,0.0553,0.2417,0.0428,0.8723,0
39,gpu_hash_uf,4,121535,29707,0.2951,0.2898,0.0963,0.2417,0.0252,0.9042,0
39,gpu_hash_prop,0,121535,29707,0.2903,0.2614,0.0563,8.0957,0.0269,8.0560,108
39,gpu_hash_prop,1,121535,29707,0.2953,0.2656,0.0563,10.0557,0.0317,9.8721,108
39,gpu_hash_prop,2,121535,29707,0.2917,0.2596,0.0553,8.2381,0.0255,8.1894,108
39,gpu_hash_prop,3,121535,29707,0.2906,0.2791,0.0553,12.7529,0.0274,12.3520,108
39,gpu_hash_prop,4,121535,29707,0.2906,0.3226,0.0563,11.2118,0.0259,10.9745,108
39,gpu_hash_prop16,0,121535,29707,0.2915,0.2688,0.0553,2.0060,0.0446,2.4786,112
39,gpu_hash_prop16,1,121535,29707,0.2903,0.2697,0.0563,1.9251,0.0268,2.3889,112
39,gpu_hash_prop16,2,121535,29707,0.3225,0.4682,0.1239,3.9393,0.0281,4.5157,112
39,gpu_hash_prop16,3,121535,29707,0.2954,0.3086,0.0594,1.9671,0.0292,2.4719,112
39,gpu_hash_prop16,4,121535,29707,0.2901,0.2461,0.0563,1.7715,0.0288,2.2320,112
40,cpu_t1,0,121587,29718,0,3.6019,1.2829,0.1286,0,5.0134,0
40,cpu_t1,1,121587,29718,0,3.6525,1.3369,0.1332,0,5.1226,0
40,cpu_t1,2,121587,29718,0,3.6899,1.3648,0.1367,0,5.1913,0
40,cpu_t1,3,121587,29718,0,3.6676,1.3290,0.1223,0,5.1189,0
40,cpu_t1,4,121587,29718,0,3.6567,1.3239,0.1242,0,5.1049,0
40,cpu_t2,0,121587,29718,0,2.0915,0.6339,0.1217,0,2.8471,0
40,cpu_t2,1,121587,29718,0,1.9577,0.7107,0.1213,0,2.7897,0
40,cpu_t2,2,121587,29718,0,1.9622,0.6301,0.1254,0,2.7176,0
40,cpu_t2,3,121587,29718,0,1.9841,0.6257,0.1218,0,2.7315,0
40,cpu_t2,4,121587,29718,0,2.3699,0.7038,0.1396,0,3.2133,0
40,cpu_t4,0,121587,29718,0,1.1342,0.3786,0.1255,0,1.6384,0
40,cpu_t4,1,121587,29718,0,1.1470,0.3659,0.1211,0,1.6341,0
40,cpu_t4,2,121587,29718,0,1.1513,0.3487,0.1579,0,1.6580,0
40,cpu_t4,3,121587,29718,0,1.1735,0.3410,0.1213,0,1.6358,0
40,cpu_t4,4,121587,29718,0,1.1575,0.3425,0.1208,0,1.6207,0
40,cpu_t8,0,121587,29718,0,0.9519,0.3207,0.1782,0,1.4508,0
40,cpu_t8,1,121587,29718,0,0.9555,0.3254,0.1238,0,1.4048,0
40,cpu_t8,2,121587,29718,0,0.9625,0.3389,0.1255,0,1.4269,0
40,cpu_t8,3,121587,29718,0,0.9356,0.3590,0.1215,0,1.4161,0
40,cpu_t8,4,121587,29718,0,1.0749,0.3575,0.1577,0,1.5900,0
40,cpu_t16,0,121587,29718,0,0.7197,0.1868,0.1652,0,1.0716,0
40,cpu_t16,1,121587,29718,0,0.7806,0.2343,0.1565,0,1.1715,0
40,cpu_t16,2,121587,29718,0,0.6860,0.6466,0.1813,0,1.5139,0
40,cpu_t16,3,121587,29718,0,1.1201,0.2622,0.1609,0,1.5432,0
40,cpu_t16,4,121587,29718,0,0.8745,0.3925,0.1621,0,1.4292,0
40,gpu_thrust_uf,0,121587,29718,0.2913,0.7429,0.1014,0.3144,0.0401,1.4093,0
40,gpu_thrust_uf,1,121587,29718,0.2915,0.6608,0.0625,0.2621,0.0359,1.2414,0
40,gpu_thrust_uf,2,121587,29718,0.2915,0.8177,0.0973,0.3185,0.0348,1.4584,0
40,gpu_thrust_uf,3,121587,29718,0.2909,0.6918,0.0891,0.2621,0.0340,1.2870,0
40,gpu_thrust_uf,4,121587,29718,0.2906,0.6540,0.1106,0.2621,0.0381,1.2721,0
40,gpu_hash_uf,0,121587,29718,0.2961,4.9239,0.0563,0.2662,0.0283,5.1533,0
40,gpu_hash_uf,1,121587,29718,0.2968,0.2267,0.0553,0.2621,0.0329,0.8397,0
40,gpu_hash_uf,2,121587,29718,0.2904,0.2640,0.0666,0.2621,0.0342,0.8706,0
40,gpu_hash_uf,3,121587,29718,0.2904,0.2303,0.0553,0.2621,0.0395,0.8430,0
40,gpu_hash_uf,4,121587,29718,0.2904,0.3122,0.0594,0.2621,0.0316,0.9110,0
40,gpu_hash_prop,0,121587,29718,0.2958,0.3644,0.0594,6.6099,0.0420,6.8108,103
40,gpu_hash_prop,1,121587,29718,0.2908,0.3326,0.0594,13.2864,0.0523,12.9270,103
40,gpu_hash_prop,2,121587,29718,0.2977,0.3892,0.0635,9.6492,0.0247,9.6091,103
40,gpu_hash_prop,3,121587,29718,0.2924,0.4102,0.0573,17.3107,0.0353,16.6765,103
40,gpu_hash_prop,4,121587,29718,0.2986,0.4163,0.0901,6.4522,0.0762,6.7781,103
40,gpu_hash_prop16,0,121587,29718,0.2964,0.2673,0.0594,1.7244,0.0229,2.2058,112
40,gpu_hash_prop16,1,121587,29718,0.2916,0.2442,0.0625,2.0830,0.1374,2.6201,112
40,gpu_hash_prop16,2,121587,29718,0.2918,0.4818,0.1300,11.3869,0.0921,11.4123,112
40,gpu_hash_prop16,3,121587,29718,0.2930,0.4532,0.1034,5.1569,0.0979,5.6377,112
40,gpu_hash_prop16,4,121587,29718,0.3023,6.7637,0.0707,3.2952,0.0264,9.6411,112
41,cpu_t1,0,121467,29516,0,3.8751,1.2904,0.1262,0,5.2917,0
41,cpu_t1,1,121467,29516,0,3.7338,1.4601,0.1254,0,5.3193,0
41,cpu_t1,2,121467,29516,0,3.7077,1.2608,0.1238,0,5.0923,0
41,cpu_t1,3,121467,29516,0,3.7420,1.2649,0.1231,0,5.1300,0
41,cpu_t1,4,121467,29516,0,3.7610,1.5867,0.1374,0,5.4851,0
41,cpu_t2,0,121467,29516,0,2.0934,0.6600,0.1407,0,2.8941,0
41,cpu_t2,1,121467,29516,0,2.0042,0.6663,0.1296,0,2.8002,0
41,cpu_t2,2,121467,29516,0,1.9393,0.6717,0.1204,0,2.7314,0
41,cpu_t2,3,121467,29516,0,2.0442,0.7408,0.1355,0,2.9206,0
41,cpu_t2,4,121467,29516,0,2.0914,0.6488,0.1208,0,2.8610,0
41,cpu_t4,0,121467,29516,0,1.3721,0.7335,0.1623,0,2.2679,0
41,cpu_t4,1,121467,29516,0,1.5220,0.7527,0.1602,0,2.4349,0
41,cpu_t4,2,121467,29516,0,1.5189,0.7159,0.1596,0,2.3944,0
41,cpu_t4,3,121467,29516,0,1.4709,0.4075,0.1224,0,2.0008,0
41,cpu_t4,4,121467,29516,0,1.3164,0.3999,0.1464,0,1.8627,0
41,cpu_t8,0,121467,29516,0,1.6908,0.5909,0.1601,0,2.4417,0
41,cpu_t8,1,121467,29516,0,0.9188,0.3362,0.1227,0,1.3777,0
41,cpu_t8,2,121467,29516,0,0.9465,0.3314,0.1206,0,1.3985,0
41,cpu_t8,3,121467,29516,0,0.9143,0.3420,0.1206,0,1.3769,0
41,cpu_t8,4,121467,29516,0,1.1265,0.3225,0.1745,0,1.6235,0
41,cpu_t16,0,121467,29516,0,1.3671,0.3036,0.1591,0,1.8298,0
41,cpu_t16,1,121467,29516,0,2.0656,0.3485,0.1577,0,2.5717,0
41,cpu_t16,2,121467,29516,0,1.3572,0.1856,0.1593,0,1.7021,0
41,cpu_t16,3,121467,29516,0,0.6755,0.2048,0.1588,0,1.0391,0
41,cpu_t16,4,121467,29516,0,0.6852,0.2381,0.1577,0,1.0810,0
41,gpu_thrust_uf,0,121467,29516,0.0770,0.9474,0.0492,0.1812,0.0343,1.2188,0
41,gpu_thrust_uf,1,121467,29516,0.0826,1.1953,0.0471,0.1710,0.0258,1.4358,0
41,gpu_thrust_uf,2,121467,29516,0.0784,0.8580,0.0553,0.1741,0.0542,1.1490,0
41,gpu_thrust_uf,3,121467,29516,0.0804,0.7588,0.0796,0.2724,0.0358,1.1594,0
41,gpu_thrust_uf,4,121467,29516,0.0941,0.7813,0.0788,0.1833,0.0260,1.1047,0
41,gpu_hash_uf,0,121467,29516,0.0802,1.6599,0.0451,0.4526,0.0354,2.1331,0
41,gpu_hash_uf,1,121467,29516,0.0806,1.8865,0.0461,0.2099,0.0291,2.1027,0
41,gpu_hash_uf,2,121467,29516,0.0772,0.4130,0.0451,0.1894,0.0286,0.7212,0
41,gpu_hash_uf,3,121467,29516,0.0762,0.4356,0.0930,0.1710,0.0391,0.7697,0
41,gpu_hash_uf,4,121467,29516,0.0772,0.3696,0.0460,0.1925,0.0393,0.7017,0
41,gpu_hash_prop,0,121467,29516,0.0775,0.3645,0.0451,11.4524,0.0348,11.0365,99
41,gpu_hash_prop,1,121467,29516,0.1057,0.8230,0.0451,9.3676,0.0868,9.6191,99
41,gpu_hash_prop,2,121467,29516,0.0772,0.4996,0.0901,11.9204,0.0884,11.6829,99
41,gpu_hash_prop,3,121467,29516,0.0773,0.3966,0.0461,9.9113,0.0889,9.6967,99
41,gpu_hash_prop,4,121467,29516,0.0773,0.3936,0.0737,11.7252,0.1031,11.4064,99
41,gpu_hash_prop16,0,121467,29516,0.0798,0.3461,0.0735,4.1196,0.0280,4.2947,112
41,gpu_hash_prop16,1,121467,29516,0.0806,0.2712,0.0532,6.3468,0.0252,6.2583,112
41,gpu_hash_prop16,2,121467,29516,0.0772,0.4783,0.0490,3.9301,0.0306,4.2243,112
41,gpu_hash_prop16,3,121467,29516,0.0759,0.5477,0.0459,5.5183,0.1003,5.8042,112
41,gpu_hash_prop16,4,121467,29516,0.0772,0.4200,0.0532,4.3520,0.0214,4.5543,112
42,cpu_t1,0,121387,29455,0,3.8045,1.3712,0.1617,0,5.3375,0
42,cpu_t1,1,121387,29455,0,3.9185,1.3314,0.1305,0,5.3803,0
42,cpu_t1,2,121387,29455,0,3.7096,1.3104,0.1306,0,5.1507,0
42,cpu_t1,3,121387,29455,0,4.2725,1.3791,0.1319,0,5.7835,0
42,cpu_t1,4,121387,29455,0,3.6857,1.3505,0.1382,0,5.1745,0
42,cpu_t2,0,121387,29455,0,2.2664,0.7068,0.1302,0,3.1034,0
42,cpu_t2,1,121387,29455,0,1.9515,0.6640,0.1293,0,2.7448,0
42,cpu_t2,2,121387,29455,0,1.9413,0.6972,0.1282,0,2.7668,0
42,cpu_t2,3,121387,29455,0,2.0198,0.7388,0.1649,0,2.9235,0
42,cpu_t2,4,121387,29455,0,2.1420,0.6994,0.1524,0,2.9937,0
42,cpu_t4,0,121387,29455,0,1.1413,0.3264,0.2212,0,1.6889,0
42,cpu_t4,1,121387,29455,0,1.4522,0.3851,0.1326,0,1.9699,0
42,cpu_t4,2,121387,29455,0,1.1987,0.3519,0.1301,0,1.6807,0
42,cpu_t4,3,121387,29455,0,1.2125,0.3489,0.1358,0,1.6972,0
42,cpu_t4,4,121387,29455,0,1.1961,0.3313,0.1363,0,1.6636,0
42,cpu_t8,0,121387,29455,0,0.8557,0.2426,0.1559,0,1.2542,0
42,cpu_t8,1,121387,29455,0,0.8000,0.1782,0.1303,0,1.1085,0
42,cpu_t8,2,121387,29455,0,0.8236,0.2016,0.1303,0,1.1554,0
42,cpu_t8,3,121387,29455,0,0.8802,0.2052,0.1314,0,1.2168,0
42,cpu_t8,4,121387,29455,0,0.7718,0.1779,0.1298,0,1.0795,0
42,cpu_t16,0,121387,29455,0,0.7600,0.2467,0.1636,0,1.1703,0
42,cpu_t16,1,121387,29455,0,0.6883,0.1926,0.1748,0,1.0557,0
42,cpu_t16,2,121387,29455,0,0.7021,0.1969,0.1696,0,1.0685,0
42,cpu_t16,3,121387,29455,0,0.7927,0.1817,0.1639,0,1.1383,0
42,cpu_t16,4,121387,29455,0,0.7299,0.1918,0.1633,0,1.0850,0
42,gpu_thrust_uf,0,121387,29455,0.0823,0.9894,0.0522,0.1679,0.0386,1.2672,0
42,gpu_thrust_uf,1,121387,29455,0.0772,0.8295,0.0502,0.1690,0.0327,1.0959,0
42,gpu_thrust_uf,2,121387,29455,0.0819,2.6244,0.0492,0.1679,0.0275,2.7441,0
42,gpu_thrust_uf,3,121387,29455,0.0772,0.8228,0.0768,0.1659,0.0260,1.1011,0
42,gpu_thrust_uf,4,121387,29455,0.0798,0.7132,0.0727,0.1669,0.0318,1.0030,0
42,gpu_hash_uf,0,121387,29455,0.0796,0.2710,0.0522,0.1669,0.0275,0.5704,0
42,gpu_hash_uf,1,121387,29455,0.0769,0.2458,0.0737,0.2048,0.0260,0.6002,0
42,gpu_hash_uf,2,121387,29455,0.0761,0.2700,0.0737,0.1669,0.0266,0.5866,0
42,gpu_hash_uf,3,121387,29455,0.0770,0.2502,0.0799,0.2140,0.0264,0.6224,0
42,gpu_hash_uf,4,121387,29455,0.0795,0.2678,0.0532,0.1669,0.0267,0.5687,0
42,gpu_hash_prop,0,121387,29455,0.1150,2.6245,0.0471,9.3645,0.0993,11.3020,100
42,gpu_hash_prop,1,121387,29455,0.1330,0.3235,0.0451,11.9204,0.1051,11.5480,100
42,gpu_hash_prop,2,121387,29455,0.0776,0.3454,0.1166,10.8985,0.1923,10.7200,100
42,gpu_hash_prop,3,121387,29455,0.0771,0.4401,0.0870,9.7093,0.0510,9.5564,100
42,gpu_hash_prop,4,121387,29455,0.0800,0.2316,0.0328,11.2466,0.1012,10.7799,100
42,gpu_hash_prop16,0,121387,29455,0.0766,0.5145,0.0328,5.4825,0.0284,5.6724,112
42,gpu_hash_prop16,1,121387,29455,0.0760,0.3637,0.0326,3.8146,0.1038,4.0608,112
42,gpu_hash_prop16,2,121387,29455,0.0763,0.3957,0.0788,4.3339,0.1039,4.6105,112
42,gpu_hash_prop16,3,121387,29455,0.0782,0.5204,0.0328,5.8327,0.0345,6.0025,112
42,gpu_hash_prop16,4,121387,29455,0.0766,0.3309,0.0757,3.8625,0.1023,4.1165,112
43,cpu_t1,0,121230,29463,0,3.6521,1.3070,0.1314,0,5.0905,0
43,cpu_t1,1,121230,29463,0,3.7490,1.3536,0.1259,0,5.2285,0
43,cpu_t1,2,121230,29463,0,3.9429,1.2668,0.1250,0,5.3347,0
43,cpu_t1,3,121230,29463,0,3.5739,1.3264,0.1279,0,5.0281,0
43,cpu_t1,4,121230,29463,0,3.5684,1.3002,0.1249,0,4.9936,0
43,cpu_t2,0,121230,29463,0,2.1862,0.7661,0.1785,0,3.1308,0
43,cpu_t2,1,121230,29463,0,2.2887,0.7799,0.1236,0,3.1922,0
43,cpu_t2,2,121230,29463,0,1.9864,0.6775,0.1227,0,2.7866,0
43,cpu_t2,3,121230,29463,0,2.0718,0.6606,0.1269,0,2.8593,0
43,cpu_t2,4,121230,29463,0,2.2550,1.3858,0.1602,0,3.8010,0
43,cpu_t4,0,121230,29463,0,1.5048,0.6800,0.1544,0,2.3391,0
43,cpu_t4,1,121230,29463,0,1.4777,0.6921,0.1545,0,2.3243,0
43,cpu_t4,2,121230,29463,0,1.5196,0.6779,0.1296,0,2.3271,0
43,cpu_t4,3,121230,29463,0,1.3990,0.6501,0.1217,0,2.1708,0
43,cpu_t4,4,121230,29463,0,1.4584,0.6125,0.1295,0,2.2005,0
43,cpu_t8,0,121230,29463,0,0.9291,0.3718,0.1224,0,1.4233,0
43,cpu_t8,1,121230,29463,0,0.9692,0.3561,0.1226,0,1.4478,0
43,cpu_t8,2,121230,29463,0,0.9484,0.3587,0.1216,0,1.4287,0
43,cpu_t8,3,121230,29463,0,0.9240,0.3562,0.1516,0,1.4317,0
43,cpu_t8,4,121230,29463,0,0.9478,0.3647,0.1262,0,1.4387,0
43,cpu_t16,0,121230,29463,0,11.8394,0.1998,0.1648,0,12.2040,0
43,cpu_t16,1,121230,29463,0,0.7703,0.1953,0.1589,0,1.1245,0
43,cpu_t16,2,121230,29463,0,0.7136,0.2572,0.1711,0,1.1419,0
43,cpu_t16,3,121230,29463,0,1.2960,0.3544,0.1565,0,1.8069,0
43,cpu_t16,4,121230,29463,0,0.7101,0.2279,0.1664,0,1.1045,0
43,gpu_thrust_uf,0,121230,29463,0.0762,0.8268,0.0397,0.1464,0.0286,1.0611,0
43,gpu_thrust_uf,1,121230,29463,0.0851,0.6828,0.0358,0.1464,0.0301,0.9407,0
43,gpu_thrust_uf,2,121230,29463,0.0762,0.7324,0.1134,0.1700,0.0224,1.0570,0
43,gpu_thrust_uf,3,121230,29463,0.0797,0.8646,0.0584,0.1659,0.0195,1.1161,0
43,gpu_thrust_uf,4,121230,29463,0.0765,0.9014,0.0297,0.2540,0.0344,1.2293,0
43,gpu_hash_uf,0,121230,29463,0.0776,0.4990,0.0940,0.2394,0.0309,0.8924,0
43,gpu_hash_uf,1,121230,29463,0.0753,0.2966,0.0327,0.1833,0.0324,0.5911,0
43,gpu_hash_uf,2,121230,29463,0.0754,0.4502,0.0416,0.1464,0.0201,0.6950,0
43,gpu_hash_uf,3,121230,29463,0.0762,0.2004,0.0410,0.1761,0.0197,0.5023,0
43,gpu_hash_uf,4,121230,29463,0.0790,0.2080,0.0430,0.1679,0.0268,0.5067,0
43,gpu_hash_prop,0,121230,29463,0.0757,0.3399,0.0707,19.6915,0.1062,18.6809,200
43,gpu_hash_prop,1,121230,29463,0.0754,0.5169,0.0328,19.7317,0.0813,18.8223,200
43,gpu_hash_prop,2,121230,29463,0.0791,0.3321,0.0922,19.5215,0.0809,18.5160,200
43,gpu_hash_prop,3,121230,29463,0.0762,0.3744,0.0328,19.8350,0.0823,18.7864,200
43,gpu_hash_prop,4,121230,29463,0.0797,0.3962,0.0328,17.8237,0.1122,16.9959,200
43,gpu_hash_prop16,0,121230,29463,0.0809,0.1765,0.0328,2.7269,0.0318,2.8381,208
43,gpu_hash_prop16,1,121230,29463,0.0777,0.1955,0.0358,3.0188,0.0302,3.1109,208
43,gpu_hash_prop16,2,121230,29463,0.0794,0.1804,0.0328,3.0947,0.0304,3.1642,208
43,gpu_hash_prop16,3,121230,29463,0.0789,0.1933,0.0369,3.2700,0.0341,3.3468,208
43,gpu_hash_prop16,4,121230,29463,0.0788,0.1803,0.0328,2.8559,0.0308,2.9401,208
44,cpu_t1,0,121149,29480,0,3.9947,1.3434,0.2526,0,5.5907,0
44,cpu_t1,1,121149,29480,0,3.7755,1.3805,0.1228,0,5.2788,0
44,cpu_t1,2,121149,29480,0,4.1613,1.2624,0.1208,0,5.5445,0
44,cpu_t1,3,121149,29480,0,3.6551,1.3282,0.1205,0,5.1038,0
44,cpu_t1,4,121149,29480,0,3.7212,1.4944,0.1542,0,5.3699,0
44,cpu_t2,0,121149,29480,0,1.9652,0.6650,0.1235,0,2.7537,0
44,cpu_t2,1,121149,29480,0,1.9787,0.9344,0.1457,0,3.0588,0
44,cpu_t2,2,121149,29480,0,2.0820,0.7010,0.1212,0,2.9043,0
44,cpu_t2,3,121149,29480,0,1.9710,0.6348,0.2330,0,2.8388,0
44,cpu_t2,4,121149,29480,0,2.2012,0.6241,0.1229,0,2.9482,0
44,cpu_t4,0,121149,29480,0,1.4357,0.6878,0.1223,0,2.2458,0
44,cpu_t4,1,121149,29480,0,1.4736,0.7281,0.1207,0,2.3224,0
44,cpu_t4,2,121149,29480,0,1.4631,0.7061,0.1200,0,2.2892,0
44,cpu_t4,3,121149,29480,0,1.4615,0.4109,0.1426,0,2.0149,0
44,cpu_t4,4,121149,29480,0,1.1408,0.3368,0.1300,0,1.6076,0
44,cpu_t8,0,121149,29480,0,0.9738,0.3613,0.1231,0,1.4581,0
44,cpu_t8,1,121149,29480,0,0.9261,0.3537,0.1232,0,1.4030,0
44,cpu_t8,2,121149,29480,0,0.9210,0.3522,0.1216,0,1.3948,0
44,cpu_t8,3,121149,29480,0,0.9095,0.3547,0.1207,0,1.3849,0
44,cpu_t8,4,121149,29480,0,0.9193,0.3398,0.1352,0,1.3942,0
44,cpu_t16,0,121149,29480,0,1.9673,0.2566,0.1669,0,2.3909,0
44,cpu_t16,1,121149,29480,0,0.6632,0.1883,0.1576,0,1.0092,0
44,cpu_t16,2,121149,29480,0,0.6820,0.1884,0.1583,0,1.0287,0
44,cpu_t16,3,121149,29480,0,0.6998,0.2903,0.1544,0,1.1446,0
44,cpu_t16,4,121149,29480,0,1.0844,0.2052,0.1567,0,1.4463,0
44,gpu_thrust_uf,0,121149,29480,0.0846,1.4365,0.1321,0.2017,0.0297,1.7665,0
44,gpu_thrust_uf,1,121149,29480,0.0876,0.8349,0.0819,0.2099,0.0829,1.2475,0
44,gpu_thrust_uf,2,121149,29480,0.0762,0.7604,0.0327,0.1884,0.0183,1.0177,0
44,gpu_thrust_uf,3,121149,29480,0.0794,0.7465,0.0614,0.1915,0.0193,1.0302,0
44,gpu_thrust_uf,4,121149,29480,0.0790,0.7151,0.0440,0.1690,0.0188,0.9670,0
44,gpu_hash_uf,0,121149,29480,0.0795,0.2605,0.0492,0.1495,0.0253,0.5361,0
44,gpu_hash_uf,1,121149,29480,0.0951,0.1912,0.0319,0.1483,0.0380,0.4916,0
44,gpu_hash_uf,2,121149,29480,0.0832,1.0469,0.0307,0.1485,0.0291,1.2636,0
44,gpu_hash_uf,3,121149,29480,0.0795,0.2000,0.0297,0.2222,0.0180,0.5432,0
44,gpu_hash_uf,4,121149,29480,0.0802,0.1855,0.0328,0.1485,0.0190,0.4572,0
44,gpu_hash_prop,0,121149,29480,0.0795,0.1899,0.0358,5.5839,0.0183,5.4496,103
44,gpu_hash_prop,1,121149,29480,0.0763,0.2198,0.0512,7.6453,0.0297,7.3979,103
44,gpu_hash_prop,2,121149,29480,0.0772,0.1879,0.0410,4.8568,0.0183,4.7875,103
44,gpu_hash_prop,3,121149,29480,0.0778,0.1986,0.0451,8.0312,0.0537,7.7524,103
44,gpu_hash_prop,4,121149,29480,0.0765,0.1927,0.0358,5.5163,0.0238,5.3981,103
44,gpu_hash_prop16,0,121149,29480,0.0793,0.2363,0.0399,2.0337,0.0457,2.2580,112
44,gpu_hash_prop16,1,121149,29480,0.0784,0.2360,0.0338,3.8820,0.0306,3.9405,112
44,gpu_hash_prop16,2,121149,29480,0.0801,0.2477,0.0737,2.5651,0.0453,2.7881,112
44,gpu_hash_prop16,3,121149,29480,0.0793,0.2436,0.0799,2.4668,0.0266,2.6812,112
44,gpu_hash_prop16,4,121149,29480,0.0793,0.2540,0.0410,2.4166,0.0422,2.6237,112
45,cpu_t1,0,121226,29592,0,3.7217,1.3444,0.1500,0,5.2160,0
45,cpu_t1,1,121226,29592,0,4.1816,1.4843,0.1298,0,5.7956,0
45,cpu_t1,2,121226,29592,0,3.6304,1.3683,0.1293,0,5.1281,0
45,cpu_t1,3,121226,29592,0,3.6615,1.3330,0.1429,0,5.1374,0
45,cpu_t1,4,121226,29592,0,4.3460,1.3634,0.1306,0,5.8401,0
45,cpu_t2,0,121226,29592,0,2.5114,0.7607,0.1313,0,3.4035,0
45,cpu_t2,1,121226,29592,0,1.9513,0.6471,0.1302,0,2.7285,0
45,cpu_t2,2,121226,29592,0,2.1677,0.9637,0.1305,0,3.2619,0
45,cpu_t2,3,121226,29592,0,2.0289,0.6630,0.1298,0,2.8217,0
45,cpu_t2,4,121226,29592,0,1.9643,0.6561,0.1498,0,2.7703,0
45,cpu_t4,0,121226,29592,0,1.3857,0.3320,0.1399,0,1.8576,0
45,cpu_t4,1,121226,29592,0,1.1689,0.3320,0.1302,0,1.6311,0
45,cpu_t4,2,121226,29592,0,1.1259,0.3365,0.1329,0,1.5953,0
45,cpu_t4,3,121226,29592,0,1.3244,0.3985,0.1300,0,1.8529,0
45,cpu_t4,4,121226,29592,0,1.4439,0.3543,0.1678,0,1.9659,0
45,cpu_t8,0,121226,29592,0,0.9108,0.3480,0.1298,0,1.3885,0
45,cpu_t8,1,121226,29592,0,0.9133,0.3796,0.1630,0,1.4560,0
45,cpu_t8,2,121226,29592,0,1.0744,0.3547,0.1749,0,1.6041,0
45,cpu_t8,3,121226,29592,0,0.9654,0.3642,0.1686,0,1.4982,0
45,cpu_t8,4,121226,29592,0,0.9731,0.3553,0.1618,0,1.4901,0
45,cpu_t16,0,121226,29592,0,0.7216,0.3624,0.1719,0,1.2559,0
45,cpu_t16,1,121226,29592,0,0.6768,0.1856,0.1659,0,1.0284,0
45,cpu_t16,2,121226,29592,0,0.7258,0.1962,0.1635,0,1.0855,0
45,cpu_t16,3,121226,29592,0,1.1825,0.3939,0.2645,0,1.8408,0
45,cpu_t16,4,121226,29592,0,1.3360,0.1962,0.1704,0,1.7025,0
45,gpu_thrust_uf,0,121226,29592,0.0810,0.8018,0.0532,0.1311,0.0333,1.0461,0
45,gpu_thrust_uf,1,121226,29592,0.0795,0.8126,0.0358,0.1290,0.0408,1.0476,0
45,gpu_thrust_uf,2,121226,29592,0.0792,0.6412,0.0420,0.1352,0.0254,0.8776,0
45,gpu_thrust_uf,3,121226,29592,0.0762,0.8904,0.0901,0.1884,0.1168,1.2786,0
45,gpu_thrust_uf,4,121226,29592,0.0764,0.9112,0.0809,0.1864,0.1489,1.3576,0
45,gpu_hash_uf,0,121226,29592,0.0775,0.6186,0.0810,0.1924,0.1270,1.0639,0
45,gpu_hash_uf,1,121226,29592,0.0790,0.6611,0.1444,0.1864,0.1762,1.1728,0
45,gpu_hash_uf,2,121226,29592,0.0762,0.6443,0.0932,0.1884,0.1831,1.1214,0
45,gpu_hash_uf,3,121226,29592,0.0852,1.2939,0.0307,0.1280,0.0334,1.5058,0
45,gpu_hash_uf,4,121226,29592,0.0767,1.6340,0.0923,0.2456,0.1000,2.0362,0
45,gpu_hash_prop,0,121226,29592,0.0799,0.6447,0.1024,27.1770,0.1304,25.9340,190
45,gpu_hash_prop,1,121226,29592,0.0795,0.6595,0.0901,24.8740,0.0350,23.7010,190
45,gpu_hash_prop,2,121226,29592,0.0835,1.2347,0.0338,10.7837,0.0487,11.2276,190
45,gpu_hash_prop,3,121226,29592,0.1111,0.2857,0.0790,20.0969,0.0384,18.9808,190
45,gpu_hash_prop,4,121226,29592,0.0848,1.6824,0.0881,20.6653,0.0461,20.7850,190
45,gpu_hash_prop16,0,121226,29592,0.0764,0.5841,0.0922,9.8550,0.1388,9.9431,192
45,gpu_hash_prop16,1,121226,29592,0.0805,0.6163,0.0819,7.0503,0.0374,7.2637,192
45,gpu_hash_prop16,2,121226,29592,0.0764,0.3051,0.0440,4.7811,0.0334,4.8361,192
45,gpu_hash_prop16,3,121226,29592,0.0790,0.2195,0.0461,2.6317,0.0327,2.7879,192
45,gpu_hash_prop16,4,121226,29592,0.0762,0.1887,0.0327,2.7423,0.0312,2.8439,192
46,cpu_t1,0,121463,29593,0,4.0681,1.2829,0.1290,0,5.4800,0
46,cpu_t1,1,121463,29593,0,3.9393,1.3351,0.1684,0,5.4429,0
46,cpu_t1,2,121463,29593,0,3.6498,1.3923,0.1461,0,5.1881,0
46,cpu_t1,3,121463,29593,0,3.6900,1.3917,0.1294,0,5.2112,0
46,cpu_t1,4,121463,29593,0,4.0830,1.3955,0.1286,0,5.6071,0
46,cpu_t2,0,121463,29593,0,2.0445,0.6718,0.1255,0,2.8418,0
46,cpu_t2,1,121463,29593,0,2.0389,0.6624,0.1251,0,2.8263,0
46,cpu_t2,2,121463,29593,0,2.2108,0.9474,0.1880,0,3.3461,0
46,cpu_t2,3,121463,29593,0,2.6547,0.9197,0.1771,0,3.7516,0
46,cpu_t2,4,121463,29593,0,2.6267,0.9290,0.1908,0,3.7466,0
46,cpu_t4,0,121463,29593,0,1.4936,0.4807,0.1780,0,2.1523,0
46,cpu_t4,1,121463,29593,0,1.4455,0.4612,0.1962,0,2.1029,0
46,cpu_t4,2,121463,29593,0,1.5633,0.4895,0.1637,0,2.2165,0
46,cpu_t4,3,121463,29593,0,1.5289,0.7186,0.1648,0,2.4123,0
46,cpu_t4,4,121463,29593,0,1.4855,0.7029,0.1665,0,2.3548,0
46,cpu_t8,0,121463,29593,0,1.0785,0.3694,0.1694,0,1.6173,0
46,cpu_t8,1,121463,29593,0,0.9957,0.3694,0.1676,0,1.5326,0
46,cpu_t8,2,121463,29593,0,1.0042,0.3822,0.1670,0,1.5533,0
46,cpu_t8,3,121463,29593,0,0.9674,0.3792,0.1665,0,1.5131,0
46,cpu_t8,4,121463,29593,0,0.9604,0.3763,0.1270,0,1.4637,0
46,cpu_t16,0,121463,29593,0,1.3265,0.3878,0.1618,0,1.8761,0
46,cpu_t16,1,121463,29593,0,1.2344,0.3499,0.1578,0,1.7421,0
46,cpu_t16,2,121463,29593,0,1.2794,0.4161,0.2433,0,1.9388,0
46,cpu_t16,3,121463,29593,0,1.5023,0.4795,0.2170,0,2.1988,0
46,cpu_t16,4,121463,29593,0,1.3472,0.3718,0.1721,0,1.8910,0
46,gpu_thrust_uf,0,121463,29593,0.0784,0.8373,0.0461,0.1464,0.0306,1.0830,0
46,gpu_thrust_uf,1,121463,29593,0.0817,0.7999,0.0328,0.1116,0.0307,1.0075,0
46,gpu_thrust_uf,2,121463,29593,0.0811,0.7145,0.0614,0.1556,0.0194,0.9802,0
46,gpu_thrust_uf,3,121463,29593,0.0763,0.8009,0.0614,0.1505,0.0187,1.0414,0
46,gpu_thrust_uf,4,121463,29593,0.1057,0.9192,0.0829,0.1792,0.1146,1.3116,0
46,gpu_hash_uf,0,121463,29593,0.0756,0.6866,0.0912,0.2386,0.1004,1.1502,0
46,gpu_hash_uf,1,121463,29593,0.0841,0.4960,0.0369,0.1106,0.0424,0.7342,0
46,gpu_hash_uf,2,121463,29593,0.0821,0.1902,0.0338,0.1106,0.0194,0.4331,0
46,gpu_hash_uf,3,121463,29593,0.0780,0.1952,0.0358,0.1106,0.0234,0.4291,0
46,gpu_hash_uf,4,121463,29593,0.0755,0.2019,0.0328,0.2284,0.1458,0.6795,0
46,gpu_hash_prop,0,121463,29593,0.0791,0.2074,0.0328,12.4641,0.1190,11.8881,112
46,gpu_hash_prop,1,121463,29593,0.0769,0.6043,0.0901,13.0888,0.0306,12.8023,112
46,gpu_hash_prop,2,121463,29593,0.0772,0.3735,0.1022,8.4818,0.0466,8.3737,112
46,gpu_hash_prop,3,121463,29593,0.0762,0.2091,0.0399,8.5220,0.0280,8.1796,112
46,gpu_hash_prop,4,121463,29593,0.0802,0.1961,0.0348,6.6755,0.0506,6.4914,112
46,gpu_hash_prop16,0,121463,29593,0.0807,0.2160,0.0356,1.6200,0.0200,1.8340,112
46,gpu_hash_prop16,1,121463,29593,0.0763,0.2075,0.0399,3.4693,0.0279,3.5302,112
46,gpu_hash_prop16,2,121463,29593,0.0811,0.2850,0.0584,2.4719,0.0304,2.7157,112
46,gpu_hash_prop16,3,121463,29593,0.0766,0.2542,0.0840,2.4668,0.0287,2.6988,112
46,gpu_hash_prop16,4,121463,29593,0.0788,0.2336,0.0604,2.4975,0.0556,2.7093,112
47,cpu_t1,0,121505,29350,0,3.6262,1.3363,0.1264,0,5.0889,0
47,cpu_t1,1,121505,29350,0,3.6750,1.3615,0.1272,0,5.1637,0
47,cpu_t1,2,121505,29350,0,3.6319,1.3429,0.1264,0,5.1012,0
47,cpu_t1,3,121505,29350,0,3.6084,1.3570,0.1252,0,5.0905,0
47,cpu_t1,4,121505,29350,0,4.0409,1.4365,0.1284,0,5.6057,0
47,cpu_t2,0,121505,29350,0,2.6785,1.4904,0.1550,0,4.3239,0
47,cpu_t2,1,121505,29350,0,2.6641,1.1613,0.1381,0,3.9636,0
47,cpu_t2,2,121505,29350,0,2.1460,0.7058,0.1263,0,2.9781,0
47,cpu_t2,3,121505,29350,0,2.2476,0.7205,0.1243,0,3.0924,0
47,cpu_t2,4,121505,29350,0,2.0330,0.6652,0.1240,0,2.8223,0
47,cpu_t4,0,121505,29350,0,1.1900,0.3654,0.1255,0,1.6810,0
47,cpu_t4,1,121505,29350,0,1.1307,0.3475,0.1471,0,1.6253,0
47,cpu_t4,2,121505,29350,0,1.4338,0.3923,0.1273,0,1.9534,0
47,cpu_t4,3,121505,29350,0,1.1447,0.3390,0.1267,0,1.6105,0
47,cpu_t4,4,121505,29350,0,1.1218,0.3581,0.1639,0,1.6437,0
47,cpu_t8,0,121505,29350,0,0.9628,0.3749,0.1265,0,1.4642,0
47,cpu_t8,1,121505,29350,0,0.9080,0.3417,0.1262,0,1.3759,0
47,cpu_t8,2,121505,29350,0,0.9977,0.3627,0.1265,0,1.4869,0
47,cpu_t8,3,121505,29350,0,0.9512,0.3514,0.1337,0,1.4363,0
47,cpu_t8,4,121505,29350,0,0.9726,0.3634,0.1262,0,1.4621,0
47,cpu_t16,0,121505,29350,0,0.7364,0.1981,0.1605,0,1.0949,0
47,cpu_t16,1,121505,29350,0,1.6303,0.2987,0.1611,0,2.0901,0
47,cpu_t16,2,121505,29350,0,0.7459,0.2310,0.1609,0,1.1379,0
47,cpu_t16,3,121505,29350,0,0.7057,0.1925,0.1783,0,1.0764,0
47,cpu_t16,4,121505,29350,0,0.6796,0.2464,0.1611,0,1.0871,0
47,gpu_thrust_uf,0,121505,29350,0.0807,0.9059,0.1147,0.1802,0.0336,1.2442,0
47,gpu_thrust_uf,1,121505,29350,0.0778,0.7569,0.1130,0.1819,0.0396,1.1128,0
47,gpu_thrust_uf,2,121505,29350,0.0780,0.7896,0.0584,0.1331,0.0195,1.0250,0
47,gpu_thrust_uf,3,121505,29350,0.0767,0.6930,0.0580,0.1423,0.0172,0.9307,0
47,gpu_thrust_uf,4,121505,29350,0.0766,0.7604,0.0625,0.1126,0.0283,0.9801,0
47,gpu_hash_uf,0,121505,29350,0.0993,0.2386,0.0573,0.1126,0.0275,0.5229,0
47,gpu_hash_uf,1,121505,29350,0.0803,0.1909,0.0369,0.1126,0.0287,0.4356,0
47,gpu_hash_uf,2,121505,29350,0.0787,0.2614,0.0389,0.1137,0.0173,0.4916,0
47,gpu_hash_uf,3,121505,29350,0.1037,0.3273,0.0328,0.1126,0.0334,0.5794,0
47,gpu_hash_uf,4,121505,29350,0.0986,0.7728,0.0307,0.1126,0.0239,0.9831,0
47,gpu_hash_prop,0,121505,29350,0.0809,0.2011,0.0307,6.2689,0.0440,6.1096,116
47,gpu_hash_prop,1,121505,29350,0.0790,0.2398,0.0338,8.4193,0.0273,8.1154,116
47,gpu_hash_prop,2,121505,29350,0.0772,0.2434,0.0727,14.7661,0.0273,13.9877,116
47,gpu_hash_prop,3,121505,29350,0.0783,0.1808,0.0369,6.9652,0.0369,6.7355,116
47,gpu_hash_prop,4,121505,29350,0.1265,0.8631,0.0922,16.4844,0.1064,16.2934,116
47,gpu_hash_prop16,0,121505,29350,0.1196,0.2917,0.1188,3.0679,0.0199,3.3724,128
47,gpu_hash_prop16,1,121505,29350,0.1122,0.6259,0.1824,3.0739,0.0510,3.7587,128
47,gpu_hash_prop16,2,121505,29350,0.1138,0.3683,0.0686,4.6697,0.0287,4.8616,128
47,gpu_hash_prop16,3,121505,29350,0.0797,0.2226,0.0399,1.9958,0.0267,2.1930,128
47,gpu_hash_prop16,4,121505,29350,0.1164,0.7251,0.0328,4.7148,0.0550,5.2221,128
48,cpu_t1,0,121607,29268,0,5.4870,2.2227,0.1540,0,7.8637,0
48,cpu_t1,1,121607,29268,0,4.5542,1.5142,0.1642,0,6.2326,0
48,cpu_t1,2,121607,29268,0,4.5720,1.6938,0.1537,0,6.4195,0
48,cpu_t1,3,121607,29268,0,4.9407,1.5240,0.1574,0,6.6221,0
48,cpu_t1,4,121607,29268,0,4.5092,1.4788,0.1513,0,6.1393,0
48,cpu_t2,0,121607,29268,0,1.9914,0.6381,0.1483,0,2.7778,0
48,cpu_t2,1,121607,29268,0,1.9890,0.6584,0.1207,0,2.7681,0
48,cpu_t2,2,121607,29268,0,2.0661,0.6224,0.1197,0,2.8081,0
48,cpu_t2,3,121607,29268,0,1.9899,0.7629,0.1223,0,2.8750,0
48,cpu_t2,4,121607,29268,0,2.1644,0.6245,0.1200,0,2.9090,0
48,cpu_t4,0,121607,29268,0,1.3938,0.6058,0.1652,0,2.1648,0
48,cpu_t4,1,121607,29268,0,1.4101,0.3918,0.1305,0,1.9323,0
48,cpu_t4,2,121607,29268,0,1.3963,0.3997,0.1183,0,1.9144,0
48,cpu_t4,3,121607,29268,0,1.3990,0.4418,0.1251,0,1.9660,0
48,cpu_t4,4,121607,29268,0,1.4640,0.5922,0.1434,0,2.1996,0
48,cpu_t8,0,121607,29268,0,0.9157,0.2206,0.1193,0,1.2556,0
48,cpu_t8,1,121607,29268,0,0.9722,0.3352,0.1697,0,1.4772,0
48,cpu_t8,2,121607,29268,0,1.0165,0.3370,0.1198,0,1.4733,0
48,cpu_t8,3,121607,29268,0,0.8912,0.3365,0.1219,0,1.3495,0
48,cpu_t8,4,121607,29268,0,0.9258,0.3534,0.1189,0,1.3982,0
48,cpu_t16,0,121607,29268,0,1.3322,0.3564,0.1534,0,1.8419,0
48,cpu_t16,1,121607,29268,0,1.2481,0.3678,0.1539,0,1.7698,0
48,cpu_t16,2,121607,29268,0,1.2575,0.3372,0.1521,0,1.7468,0
48,cpu_t16,3,121607,29268,0,1.3429,0.3718,0.1587,0,1.8734,0
48,cpu_t16,4,121607,29268,0,1.3546,0.3690,0.1580,0,1.8815,0
48,gpu_thrust_uf,0,121607,29268,0.1363,0.9179,0.0358,0.1167,0.0320,1.1748,0
48,gpu_thrust_uf,1,121607,29268,0.0764,0.6970,0.0328,0.1157,0.0250,0.8998,0
48,gpu_thrust_uf,2,121607,29268,0.0764,1.0351,0.0358,0.1167,0.0257,1.2707,0
48,gpu_thrust_uf,3,121607,29268,0.0792,1.7395,0.0358,0.1157,0.0266,1.8600,0
48,gpu_thrust_uf,4,121607,29268,0.0802,0.7062,0.0348,0.1157,0.0255,0.9111,0
48,gpu_hash_uf,0,121607,29268,0.0757,0.2249,0.0348,0.1157,0.0262,0.4622,0
48,gpu_hash_uf,1,121607,29268,0.0776,0.2213,0.0512,0.1147,0.0267,0.4747,0
48,gpu_hash_uf,2,121607,29268,0.0755,0.1970,0.0512,0.1157,0.0249,0.4499,0
48,gpu_hash_uf,3,121607,29268,0.0776,0.3385,0.0328,0.1157,0.0360,0.5756,0
48,gpu_hash_uf,4,121607,29268,0.0763,0.2266,0.0338,0.1423,0.0241,0.4916,0
48,gpu_hash_prop,0,121607,29268,0.0758,0.2181,0.0349,9.2231,0.0288,8.8317,120
48,gpu_hash_prop,1,121607,29268,0.0788,0.5930,0.0655,11.1985,0.0459,11.0589,120
48,gpu_hash_prop,2,121607,29268,0.0777,0.2257,0.0584,7.2356,0.0280,7.0323,120
48,gpu_hash_prop,3,121607,29268,0.0777,0.2496,0.0604,8.4890,0.0250,8.2073,120
48,gpu_hash_prop,4,121607,29268,0.0769,0.1880,0.0358,5.5368,0.0218,5.4091,120
48,gpu_hash_prop16,0,121607,29268,0.0764,0.1728,0.0328,1.8934,0.0274,2.0448,128
48,gpu_hash_prop16,1,121607,29268,0.0764,0.1900,0.0328,1.6868,0.0290,1.8730,128
48,gpu_hash_prop16,2,121607,29268,0.0797,0.6002,0.0399,3.3454,0.0293,3.7883,128
48,gpu_hash_prop16,3,121607,29268,0.0781,0.2893,0.0358,1.9016,0.0282,2.1674,128
48,gpu_hash_prop16,4,121607,29268,0.0812,0.2263,0.0328,1.6589,0.0251,1.8984,128
49,cpu_t1,0,121875,29357,0,3.6630,1.3239,0.1254,0,5.1123,0
49,cpu_t1,1,121875,29357,0,3.6077,1.3806,0.1240,0,5.1123,0
49,cpu_t1,2,121875,29357,0,3.6575,1.3377,0.1243,0,5.1195,0
49,cpu_t1,3,121875,29357,0,3.6704,1.3315,0.1246,0,5.1265,0
49,cpu_t1,4,121875,29357,0,3.6365,1.3485,0.1243,0,5.1093,0
49,cpu_t2,0,121875,29357,0,2.3181,0.7308,0.1244,0,3.1733,0
49,cpu_t2,1,121875,29357,0,2.2148,0.6769,0.1235,0,3.0152,0
49,cpu_t2,2,121875,29357,0,2.0773,0.7402,0.1236,0,2.9412,0
49,cpu_t2,3,121875,29357,0,1.9661,0.6944,0.1221,0,2.7825,0
49,cpu_t2,4,121875,29357,0,2.1884,0.6749,0.1269,0,2.9901,0
49,cpu_t4,0,121875,29357,0,1.2392,0.3489,0.1285,0,1.7166,0
49,cpu_t4,1,121875,29357,0,1.1921,0.4159,0.1243,0,1.7323,0
49,cpu_t4,2,121875,29357,0,1.2048,0.3848,0.1241,0,1.7137,0
49,cpu_t4,3,121875,29357,0,1.1493,0.3457,0.1236,0,1.6185,0
49,cpu_t4,4,121875,29357,0,1.2850,0.4332,0.1248,0,1.8430,0
49,cpu_t8,0,121875,29357,0,0.9382,0.3482,0.1847,0,1.4711,0
49,cpu_t8,1,121875,29357,0,1.2783,0.3708,0.1270,0,1.7760,0
49,cpu_t8,2,121875,29357,0,0.9568,0.3580,0.1249,0,1.4397,0
49,cpu_t8,3,121875,29357,0,0.9269,0.3839,0.1285,0,1.4393,0
49,cpu_t8,4,121875,29357,0,0.9441,0.3575,0.1328,0,1.4344,0
49,cpu_t16,0,121875,29357,0,1.1588,0.2495,0.1593,0,1.5676,0
49,cpu_t16,1,121875,29357,0,1.2168,0.3124,0.1528,0,1.6820,0
49,cpu_t16,2,121875,29357,0,1.1883,0.2308,0.1652,0,1.5843,0
49,cpu_t16,3,121875,29357,0,0.8050,0.4327,0.1538,0,1.3915,0
49,cpu_t16,4,121875,29357,0,1.3327,0.2451,0.1628,0,1.7406,0
49,gpu_thrust_uf,0,121875,29357,0.0765,0.8481,0.0410,0.1096,0.0316,1.0534,0
49,gpu_thrust_uf,1,121875,29357,0.0811,0.7532,0.0358,0.1096,0.0298,0.9608,0
49,gpu_thrust_uf,2,121875,29357,0.0816,0.7555,0.0635,0.1485,0.0213,1.0196,0
49,gpu_thrust_uf,3,121875,29357,0.0790,0.7253,0.0644,0.1505,0.0273,0.9861,0
49,gpu_thrust_uf,4,121875,29357,0.0864,0.8412,0.0358,0.1096,0.0216,1.0309,0
49,gpu_hash_uf,0,121875,29357,0.0792,0.2321,0.0614,0.1423,0.0206,0.5191,0
49,gpu_hash_uf,1,121875,29357,0.0839,0.1991,0.0297,0.1085,0.0304,0.4380,0
49,gpu_hash_uf,2,121875,29357,0.0767,0.2677,0.0389,0.1086,0.0212,0.4978,0
49,gpu_hash_uf,3,121875,29357,0.0799,0.2501,0.0676,0.1516,0.0206,0.5437,0
49,gpu_hash_uf,4,121875,29357,0.0788,0.2609,0.0389,0.1085,0.0210,0.4894,0
49,gpu_hash_prop,0,121875,29357,0.0771,0.2593,0.0328,7.0871,0.0217,7.3061,125
49,gpu_hash_prop,1,121875,29357,0.0801,0.2538,0.0492,8.5200,0.0297,8.9607,125
49,gpu_hash_prop,2,121875,29357,0.0773,0.2571,0.0614,7.0349,0.0242,7.4780,125
49,gpu_hash_prop,3,121875,29357,0.0757,0.2374,0.0358,8.8494,0.0277,9.2459,125
49,gpu_hash_prop,4,121875,29357,0.0773,0.2645,0.0594,6.9837,0.0371,7.4414,125
49,gpu_hash_prop16,0,121875,29357,0.0985,0.2730,0.0379,1.6435,0.0292,2.1035,128
49,gpu_hash_prop16,1,121875,29357,0.1006,0.2414,0.0635,2.7228,0.0464,3.2043,128
49,gpu_hash_prop16,2,121875,29357,0.0781,0.2205,0.0799,2.8182,0.0261,3.2460,128
49,gpu_hash_prop16,3,121875,29357,0.0765,0.2674,0.0829,2.4064,0.0380,2.8917,128
49,gpu_hash_prop16,4,121875,29357,0.1003,0.2048,0.0358,6.0119,0.1123,6.4947,128
50,cpu_t1,0,121799,29315,0,4.2253,1.5181,0.1367,0,5.8800,0
50,cpu_t1,1,121799,29315,0,3.9313,1.3877,0.1352,0,5.4542,0
50,cpu_t1,2,121799,29315,0,4.1767,1.8988,0.2309,0,6.3065,0
50,cpu_t1,3,121799,29315,0,3.9109,1.4395,0.1352,0,5.4856,0
50,cpu_t1,4,121799,29315,0,3.9437,1.4395,0.1362,0,5.5194,0
50,cpu_t2,0,121799,29315,0,2.4023,0.6996,0.1366,0,3.2385,0
50,cpu_t2,1,121799,29315,0,2.1515,0.7358,0.1359,0,3.0232,0
50,cpu_t2,2,121799,29315,0,2.2433,0.7826,0.1354,0,3.1613,0
50,cpu_t2,3,121799,29315,0,2.2670,0.7469,0.1345,0,3.1484,0
50,cpu_t2,4,121799,29315,0,2.1568,0.7141,0.1353,0,3.0063,0
50,cpu_t4,0,121799,29315,0,1.2902,0.3630,0.1336,0,1.7868,0
50,cpu_t4,1,121799,29315,0,1.2408,0.3702,0.1333,0,1.7443,0
50,cpu_t4,2,121799,29315,0,1.2562,0.3863,0.1346,0,1.7771,0
50,cpu_t4,3,121799,29315,0,1.2280,0.3730,0.1489,0,1.7498,0
50,cpu_t4,4,121799,29315,0,1.2462,0.3567,0.1336,0,1.7365,0
50,cpu_t8,0,121799,29315,0,1.0382,0.4201,0.1374,0,1.5956,0
50,cpu_t8,1,121799,29315,0,1.0040,0.3895,0.1364,0,1.5299,0
50,cpu_t8,2,121799,29315,0,1.0410,0.3763,0.1631,0,1.5805,0
50,cpu_t8,3,121799,29315,0,1.2157,0.3633,0.1385,0,1.7175,0
50,cpu_t8,4,121799,29315,0,0.9892,0.3999,0.1362,0,1.5253,0
50,cpu_t16,0,121799,29315,0,0.7482,0.2025,0.1721,0,1.1228,0
50,cpu_t16,1,121799,29315,0,0.7543,0.2033,0.1679,0,1.1254,0
50,cpu_t16,2,121799,29315,0,0.8118,0.2258,0.1761,0,1.2137,0
50,cpu_t16,3,121799,29315,0,0.8100,0.2069,0.1737,0,1.1906,0
50,cpu_t16,4,121799,29315,0,0.7264,0.2553,0.1702,0,1.1518,0
50,gpu_thrust_uf,0,121799,29315,0.0863,2.3058,0.0358,0.1178,0.0342,2.6376,0
50,gpu_thrust_uf,1,121799,29315,0.0786,1.0793,0.0911,0.1987,0.0801,1.5872,0
50,gpu_thrust_uf,2,121799,29315,0.0785,0.8904,0.0819,0.1751,0.1185,1.4026,0
50,gpu_thrust_uf,3,121799,29315,0.0766,0.8313,0.0737,0.1423,0.0188,1.1719,0
50,gpu_thrust_uf,4,121799,29315,0.0795,0.7378,0.0614,0.1454,0.0279,1.0759,0
50,gpu_hash_uf,0,121799,29315,0.0811,0.2287,0.0430,0.1178,0.0261,0.5249,0
50,gpu_hash_uf,1,121799,29315,0.0810,0.1908,0.0358,0.1178,0.0198,0.4731,0
50,gpu_hash_uf,2,121799,29315,0.0782,0.2007,0.0358,0.1167,0.0298,0.4850,0
50,gpu_hash_uf,3,121799,29315,0.0779,0.2002,0.0348,0.1178,0.0362,0.4927,0
50,gpu_hash_uf,4,121799,29315,0.0781,0.2988,0.0850,0.1556,0.0198,0.6650,0
50,gpu_hash_prop,0,121799,29315,0.1008,0.2625,0.0583,11.2527,0.0363,11.7386,130
50,gpu_hash_prop,1,121799,29315,0.1569,1.4563,0.0676,11.8129,0.1311,13.6558,130
50,gpu_hash_prop,2,121799,29315,0.1367,0.3415,0.0325,13.8966,0.1004,14.5350,130
50,gpu_hash_prop,3,121799,29315,0.1013,0.4133,0.0325,13.0869,0.0330,13.6957,130
50,gpu_hash_prop,4,121799,29315,0.0758,0.3084,0.0881,12.9310,0.0906,13.5156,130
50,gpu_hash_prop16,0,121799,29315,0.0835,0.5256,0.0338,6.0256,0.1000,6.8116,144
50,gpu_hash_prop16,1,121799,29315,0.0766,0.3990,0.0304,5.5083,0.0533,6.0963,144
50,gpu_hash_prop16,2,121799,29315,0.0960,0.3505,0.0297,5.2234,0.1043,5.8305,144
50,gpu_hash_prop16,3,121799,29315,0.0757,0.3831,0.0306,5.2790,0.0481,5.8425,144
50,gpu_hash_prop16,4,121799,29315,0.0956,0.5256,0.0304,3.3229,0.0371,4.0345,144
51,cpu_t1,0,121735,29103,0,4.0456,1.3872,0.1577,0,5.5905,0
51,cpu_t1,1,121735,29103,0,4.0403,1.4112,0.1340,0,5.5855,0
51,cpu_t1,2,121735,29103,0,4.3895,1.3737,0.1321,0,5.8953,0
51,cpu_t1,3,121735,29103,0,3.9614,1.3674,0.1365,0,5.4652,0
51,cpu_t1,4,121735,29103,0,4.0250,1.4227,0.1334,0,5.5811,0
51,cpu_t2,0,121735,29103,0,2.2006,0.7758,0.1310,0,3.1074,0
51,cpu_t2,1,121735,29103,0,2.2071,0.7094,0.1294,0,3.0458,0
51,cpu_t2,2,121735,29103,0,2.3175,0.7699,0.1313,0,3.2188,0
51,cpu_t2,3,121735,29103,0,2.1398,0.7003,0.1291,0,2.9692,0
51,cpu_t2,4,121735,29103,0,2.1108,0.8046,0.1853,0,3.1007,0
51,cpu_t4,0,121735,29103,0,1.2512,0.4094,0.1307,0,1.7912,0
51,cpu_t4,1,121735,29103,0,1.2501,0.3899,0.1415,0,1.7815,0
51,cpu_t4,2,121735,29103,0,1.2168,0.3838,0.1308,0,1.7314,0
51,cpu_t4,3,121735,29103,0,1.2794,0.3907,0.1301,0,1.8002,0
51,cpu_t4,4,121735,29103,0,1.2643,0.4368,0.1315,0,1.8326,0
51,cpu_t8,0,121735,29103,0,1.0687,0.3867,0.1704,0,1.6258,0
51,cpu_t8,1,121735,29103,0,1.2339,0.3823,0.1697,0,1.7860,0
51,cpu_t8,2,121735,29103,0,0.9581,0.3850,0.1305,0,1.4736,0
51,cpu_t8,3,121735,29103,0,0.9909,0.3817,0.1308,0,1.5034,0
51,cpu_t8,4,121735,29103,0,1.0342,0.4042,0.1295,0,1.5680,0
51,cpu_t16,0,121735,29103,0,1.5386,0.3979,0.1643,0,2.1008,0
51,cpu_t16,1,121735,29103,0,1.4076,0.3115,0.1662,0,1.8853,0
51,cpu_t16,2,121735,29103,0,1.3357,0.3847,0.1641,0,1.8845,0
51,cpu_t16,3,121735,29103,0,1.3382,0.3709,0.1656,0,1.8746,0
51,cpu_t16,4,121735,29103,0,1.3253,0.3797,0.1674,0,1.8724,0
51,gpu_thrust_uf,0,121735,29103,0.0817,0.9468,0.0328,0.1638,0.0372,1.2997,0
51,gpu_thrust_uf,1,121735,29103,0.0782,0.9905,0.0799,0.3236,0.0302,1.5543,0
51,gpu_thrust_uf,2,121735,29103,0.1849,0.9056,0.0901,0.2191,0.0305,1.4805,0
51,gpu_thrust_uf,3,121735,29103,0.0765,0.8569,0.0481,0.1587,0.0364,1.2066,0
51,gpu_thrust_uf,4,121735,29103,0.0766,0.9120,0.0594,0.2048,0.0204,1.3185,0
51,gpu_hash_uf,0,121735,29103,0.0764,0.2036,0.0348,0.1597,0.0204,0.5173,0
51,gpu_hash_uf,1,121735,29103,0.0765,0.2555,0.0809,0.2007,0.0304,0.6710,0
51,gpu_hash_uf,2,121735,29103,0.0766,0.2590,0.0379,0.1597,0.0183,0.5755,0
51,gpu_hash_uf,3,121735,29103,0.0792,0.2449,0.0399,0.1659,0.0307,0.5810,0
51,gpu_hash_uf,4,121735,29103,0.0777,0.2535,0.0605,0.2037,0.0303,0.6498,0
51,gpu_hash_prop,0,121735,29103,0.0816,0.6360,0.0942,16.9656,0.1521,17.9913,134
51,gpu_hash_prop,1,121735,29103,0.0791,0.5940,0.0911,10.9783,0.0521,11.8236,134
51,gpu_hash_prop,2,121735,29103,0.0796,0.2451,0.0581,14.1455,0.0242,14.5788,134
51,gpu_hash_prop,3,121735,29103,0.0765,0.5188,0.0307,9.3757,0.1017,10.1543,134
51,gpu_hash_prop,4,121735,29103,0.0770,0.5292,0.0901,14.1046,0.1448,15.0197,134
51,gpu_hash_prop16,0,121735,29103,0.0803,0.2289,0.0328,2.2467,0.0287,2.6438,144
51,gpu_hash_prop16,1,121735,29103,0.0779,0.2017,0.0293,2.0093,0.0273,2.3687,144
51,gpu_hash_prop16,2,121735,29103,0.0765,0.5021,0.0676,8.7542,0.1656,9.5868,144
51,gpu_hash_prop16,3,121735,29103,0.0846,0.2567,0.0348,3.9557,0.0317,4.4118,144
51,gpu_hash_prop16,4,121735,29103,0.0770,0.2193,0.0348,1.8627,0.0340,2.2519,144
52,cpu_t1,0,121740,29311,0,4.0088,1.3634,0.1406,0,5.5127,0
52,cpu_t1,1,121740,29311,0,4.5080,1.3891,0.1407,0,6.0378,0
52,cpu_t1,2,121740,29311,0,4.0429,1.8437,0.1527,0,6.0393,0
52,cpu_t1,3,121740,29311,0,3.9376,1.4341,0.1868,0,5.5585,0
52,cpu_t1,4,121740,29311,0,3.9374,1.5371,0.1712,0,5.6458,0
52,cpu_t2,0,121740,29311,0,2.3773,0.7480,0.1385,0,3.2638,0
52,cpu_t2,1,121740,29311,0,2.1013,0.7177,0.1385,0,2.9574,0
52,cpu_t2,2,121740,29311,0,2.1583,0.7722,0.1377,0,3.0682,0
52,cpu_t2,3,121740,29311,0,2.1195,0.7205,0.1370,0,2.9770,0
52,cpu_t2,4,121740,29311,0,2.1273,0.7897,0.1396,0,3.0566,0
52,cpu_t4,0,121740,29311,0,1.6584,0.7363,0.1376,0,2.5323,0
52,cpu_t4,1,121740,29311,0,1.5848,0.7617,0.1876,0,2.5341,0
52,cpu_t4,2,121740,29311,0,1.5436,0.7727,0.1743,0,2.4906,0
52,cpu_t4,3,121740,29311,0,1.5253,0.7181,0.1384,0,2.3817,0
52,cpu_t4,4,121740,29311,0,1.5793,0.7088,0.1389,0,2.4270,0
52,cpu_t8,0,121740,29311,0,1.1566,0.3643,0.1706,0,1.6915,0
52,cpu_t8,1,121740,29311,0,1.0799,0.3874,0.1735,0,1.6408,0
52,cpu_t8,2,121740,29311,0,0.9963,0.3529,0.1405,0,1.4897,0
52,cpu_t8,3,121740,29311,0,1.0052,0.3487,0.1391,0,1.4930,0
52,cpu_t8,4,121740,29311,0,1.0605,0.4031,0.1888,0,1.6525,0
52,cpu_t16,0,121740,29311,0,1.2556,0.3666,0.1730,0,1.7952,0
52,cpu_t16,1,121740,29311,0,1.3081,0.3796,0.1753,0,1.8630,0
52,cpu_t16,2,121740,29311,0,1.5866,0.3838,0.1774,0,2.1478,0
52,cpu_t16,3,121740,29311,0,1.3296,0.3899,0.1792,0,1.8986,0
52,cpu_t16,4,121740,29311,0,1.3415,0.3786,0.1763,0,1.8964,0
52,gpu_thrust_uf,0,121740,29311,0.0807,0.8073,0.0398,0.1270,0.0304,1.1215,0
52,gpu_thrust_uf,1,121740,29311,0.0815,0.8815,0.0358,0.1188,0.0389,1.1919,0
52,gpu_thrust_uf,2,121740,29311,0.0781,0.9095,0.0787,0.1608,0.0206,1.2744,0
52,gpu_thrust_uf,3,121740,29311,0.0765,0.7669,0.0911,0.2386,0.0332,1.2576,0
52,gpu_thrust_uf,4,121740,29311,0.0780,0.8341,0.0471,0.1198,0.0303,1.1382,0
52,gpu_hash_uf,0,121740,29311,0.0759,0.2369,0.0358,0.1198,0.0280,0.5190,0
52,gpu_hash_uf,1,121740,29311,0.0765,0.1991,0.0358,0.1198,0.0239,0.4831,0
52,gpu_hash_uf,2,121740,29311,0.0761,0.2053,0.0543,0.1198,0.0238,0.5063,0
52,gpu_hash_uf,3,121740,29311,0.0767,0.1958,0.0399,0.1198,0.0245,0.4852,0
52,gpu_hash_uf,4,121740,29311,0.0793,0.3055,0.0398,0.1415,0.0512,0.7427,0
52,gpu_hash_prop,0,121740,29311,0.0835,0.5990,0.0963,13.1246,0.0701,14.0092,138
52,gpu_hash_prop,1,121740,29311,0.0756,0.1838,0.0328,6.9980,0.0300,7.3467,138
52,gpu_hash_prop,2,121740,29311,0.0758,0.1892,0.0317,5.6177,0.0244,5.9599,138
52,gpu_hash_prop,3,121740,29311,0.0765,0.1751,0.0307,7.9954,0.0280,8.3272,138
52,gpu_hash_prop,4,121740,29311,0.0783,0.1906,0.0328,7.5397,0.0247,7.8939,138
52,gpu_hash_prop16,0,121740,29311,0.0765,0.1904,0.0358,2.0644,0.0347,2.4268,144
52,gpu_hash_prop16,1,121740,29311,0.0758,0.2019,0.0348,2.3491,0.0229,2.7041,144
52,gpu_hash_prop16,2,121740,29311,0.0757,0.1882,0.0358,2.2374,0.0219,2.5788,144
52,gpu_hash_prop16,3,121740,29311,0.0769,0.2327,0.0328,2.1371,0.0339,2.5433,144
52,gpu_hash_prop16,4,121740,29311,0.0757,0.2218,0.0348,2.1985,0.0291,2.5804,144
53,cpu_t1,0,121923,29302,0,4.0247,1.5702,0.1448,0,5.7396,0
53,cpu_t1,1,121923,29302,0,4.2474,1.3842,0.1443,0,5.7759,0
53,cpu_t1,2,121923,29302,0,4.0128,1.4132,0.1476,0,5.5737,0
53,cpu_t1,3,121923,29302,0,4.0197,1.3607,0.1417,0,5.5221,0
53,cpu_t1,4,121923,29302,0,4.3035,1.3543,0.1435,0,5.8013,0
53,cpu_t2,0,121923,29302,0,2.0842,0.6991,0.1417,0,2.9250,0
53,cpu_t2,1,121923,29302,0,2.3750,0.8495,0.1743,0,3.3988,0
53,cpu_t2,2,121923,29302,0,2.0767,0.9289,0.1424,0,3.1481,0
53,cpu_t2,3,121923,29302,0,2.2161,0.7152,0.1422,0,3.0736,0
53,cpu_t2,4,121923,29302,0,2.0955,0.6883,0.1403,0,2.9241,0
53,cpu_t4,0,121923,29302,0,1.2759,0.3789,0.1566,0,1.8115,0
53,cpu_t4,1,121923,29302,0,1.2533,0.3639,0.1397,0,1.7569,0
53,cpu_t4,2,121923,29302,0,1.2545,0.3627,0.1400,0,1.7572,0
53,cpu_t4,3,121923,29302,0,1.3085,0.7151,0.1418,0,2.1654,0
53,cpu_t4,4,121923,29302,0,1.3558,0.3815,0.1529,0,1.8901,0
53,cpu_t8,0,121923,29302,0,1.0550,0.3600,0.1773,0,1.5922,0
53,cpu_t8,1,121923,29302,0,1.0473,0.3653,0.1768,0,1.5894,0
53,cpu_t8,2,121923,29302,0,1.0397,0.3556,0.1980,0,1.5933,0
53,cpu_t8,3,121923,29302,0,1.0392,0.3562,0.1844,0,1.5798,0
53,cpu_t8,4,121923,29302,0,1.0665,0.3622,0.1732,0,1.6020,0
53,cpu_t16,0,121923,29302,0,1.3132,0.3738,0.1805,0,1.8676,0
53,cpu_t16,1,121923,29302,0,1.3418,0.3834,0.1771,0,1.9023,0
53,cpu_t16,2,121923,29302,0,1.3374,0.3296,0.1802,0,1.8473,0
53,cpu_t16,3,121923,29302,0,1.4679,0.5016,0.1774,0,2.1469,0
53,cpu_t16,4,121923,29302,0,1.3386,0.3594,0.1707,0,1.8688,0
53,gpu_thrust_uf,0,121923,29302,0.0767,1.0346,0.0334,0.1167,0.0375,1.3463,0
53,gpu_thrust_uf,1,121923,29302,0.0789,0.7896,0.0329,0.1187,0.0303,1.0919,0
53,gpu_thrust_uf,2,121923,29302,0.0783,0.9901,0.0358,0.1198,0.0274,1.3003,0
53,gpu_thrust_uf,3,121923,29302,0.0820,0.9363,0.1055,0.2386,0.0756,1.4759,0
53,gpu_thrust_uf,4,121923,29302,0.0783,0.7853,0.0942,0.2243,0.0313,1.2443,0
53,gpu_hash_uf,0,121923,29302,0.0771,0.5351,0.0326,0.1516,0.0318,0.8649,0
53,gpu_hash_uf,1,121923,29302,0.0758,0.4464,0.0932,0.1853,0.0766,0.8992,0
53,gpu_hash_uf,2,121923,29302,0.0953,0.4844,0.0324,0.1444,0.0707,0.8558,0
53,gpu_hash_uf,3,121923,29302,0.0832,0.5005,0.0297,0.1700,0.0290,0.8351,0
53,gpu_hash_uf,4,121923,29302,0.0758,0.3641,0.0995,0.2333,0.0303,0.8255,0
53,gpu_hash_prop,0,121923,29302,0.0795,0.4509,0.0939,14.1970,0.0944,14.9386,143
53,gpu_hash_prop,1,121923,29302,0.0757,0.5419,0.0760,12.9514,0.0264,13.6941,143
53,gpu_hash_prop,2,121923,29302,0.0956,0.2536,0.0328,8.4586,0.0270,8.8925,143
53,gpu_hash_prop,3,121923,29302,0.0796,0.2555,0.0420,8.3753,0.0321,8.8053,143
53,gpu_hash_prop,4,121923,29302,0.0781,0.1839,0.0328,6.4399,0.0307,6.7891,143
53,gpu_hash_prop16,0,121923,29302,0.0769,0.1900,0.0348,1.8094,0.0178,2.1506,144
53,gpu_hash_prop16,1,121923,29302,0.0757,0.1987,0.0358,2.4156,0.0293,2.7780,144
53,gpu_hash_prop16,2,121923,29302,0.0757,0.2173,0.0328,3.1764,0.0699,3.5942,144
53,gpu_hash_prop16,3,121923,29302,0.0765,0.1786,0.0358,1.9611,0.0276,2.2994,144
53,gpu_hash_prop16,4,121923,29302,0.1005,0.2583,0.0358,2.4678,0.0312,2.9182,144
54,cpu_t1,0,121937,29517,0,4.0459,1.4957,0.1423,0,5.6840,0
54,cpu_t1,1,121937,29517,0,4.1516,1.6613,0.1657,0,5.9786,0
54,cpu_t1,2,121937,29517,0,3.9977,1.3809,0.1369,0,5.5156,0
54,cpu_t1,3,121937,29517,0,6.6510,1.3743,0.1408,0,8.1661,0
54,cpu_t1,4,121937,29517,0,4.2016,1.3395,0.1364,0,5.6775,0
54,cpu_t2,0,121937,29517,0,2.1389,0.6593,0.1354,0,2.9336,0
54,cpu_t2,1,121937,29517,0,2.1503,0.6853,0.1360,0,2.9716,0
54,cpu_t2,2,121937,29517,0,2.1963,0.9120,0.1814,0,3.2897,0
54,cpu_t2,3,121937,29517,0,2.1250,0.7305,0.1370,0,2.9925,0
54,cpu_t2,4,121937,29517,0,2.1869,0.6825,0.1356,0,3.0049,0
54,cpu_t4,0,121937,29517,0,1.2300,0.3731,0.1428,0,1.7460,0
54,cpu_t4,1,121937,29517,0,1.2769,0.3686,0.1354,0,1.7808,0
54,cpu_t4,2,121937,29517,0,1.2788,0.3501,0.1398,0,1.7687,0
54,cpu_t4,3,121937,29517,0,1.2940,0.3564,0.1371,0,1.7876,0
54,cpu_t4,4,121937,29517,0,1.5227,0.3879,0.1498,0,2.0604,0
54,cpu_t8,0,121937,29517,0,1.0154,0.3551,0.1361,0,1.5066,0
54,cpu_t8,1,121937,29517,0,1.0033,0.3533,0.1353,0,1.4918,0
54,cpu_t8,2,121937,29517,0,1.0332,0.3651,0.1347,0,1.5329,0
54,cpu_t8,3,121937,29517,0,1.0084,0.3509,0.1467,0,1.5059,0
54,cpu_t8,4,121937,29517,0,1.0309,0.3618,0.1417,0,1.5344,0
54,cpu_t16,0,121937,29517,0,1.3359,0.3967,0.1728,0,1.9054,0
54,cpu_t16,1,121937,29517,0,1.3980,0.3210,0.1759,0,1.8949,0
54,cpu_t16,2,121937,29517,0,1.4971,0.4215,0.1735,0,2.0922,0
54,cpu_t16,3,121937,29517,0,1.3490,0.3418,0.1762,0,1.8671,0
54,cpu_t16,4,121937,29517,0,1.3476,0.3913,0.1740,0,1.9129,0
54,gpu_thrust_uf,0,121937,29517,0.0812,0.8190,0.0356,0.1055,0.0312,1.1079,0
54,gpu_thrust_uf,1,121937,29517,0.0847,0.8006,0.0358,0.1014,0.0315,1.0936,0
54,gpu_thrust_uf,2,121937,29517,0.0780,0.6276,0.0349,0.1023,0.0200,0.8930,0
54,gpu_thrust_uf,3,121937,29517,0.0870,0.6354,0.0317,0.1055,0.0207,0.9077,0
54,gpu_thrust_uf,4,121937,29517,0.0769,0.5932,0.0369,0.1014,0.0207,0.8596,0
54,gpu_hash_uf,0,121937,29517,0.0786,0.2110,0.0328,0.1014,0.0280,0.4743,0
54,gpu_hash_uf,1,121937,29517,0.0760,0.2401,0.0328,0.1014,0.0295,0.5052,0
54,gpu_hash_uf,2,121937,29517,0.0766,0.1892,0.0328,0.1014,0.0187,0.4487,0
54,gpu_hash_uf,3,121937,29517,0.0829,0.2033,0.0410,0.1014,0.0294,0.4923,0
54,gpu_hash_uf,4,121937,29517,0.0766,0.1932,0.0389,0.1004,0.0228,0.4599,0
54,gpu_hash_prop,0,121937,29517,0.0779,0.1775,0.0328,8.6755,0.0298,9.0153,194
54,gpu_hash_prop,1,121937,29517,0.0759,0.1785,0.0358,10.2707,0.0243,10.6069,194
54,gpu_hash_prop,2,121937,29517,0.0783,0.2022,0.0328,11.4954,0.0434,11.8762,194
54,gpu_hash_prop,3,121937,29517,0.0767,0.2540,0.0584,16.4526,0.0817,16.9481,194
54,gpu_hash_prop,4,121937,29517,0.0760,0.5744,0.0358,11.7135,0.0316,12.4569,194
54,gpu_hash_prop16,0,121937,29517,0.0796,0.2620,0.0389,4.0468,0.0296,4.4775,208
54,gpu_hash_prop16,1,121937,29517,0.0779,0.2547,0.0809,8.1439,0.1041,8.6805,208
54,gpu_hash_prop16,2,121937,29517,0.0757,0.4677,0.0328,8.2555,0.0691,8.9233,208
54,gpu_hash_prop16,3,121937,29517,0.0982,0.4447,0.0358,5.3299,0.0447,5.9917,208
54,gpu_hash_prop16,4,121937,29517,0.0792,0.1995,0.0348,4.5138,0.0542,4.9060,208
55,cpu_t1,0,122072,29620,0,3.9552,1.3720,0.1404,0,5.4675,0
55,cpu_t1,1,122072,29620,0,3.9599,1.3995,0.1379,0,5.4973,0
55,cpu_t1,2,122072,29620,0,4.2850,1.4005,0.1706,0,5.8561,0
55,cpu_t1,3,122072,29620,0,4.0406,1.4605,0.1384,0,5.6395,0
55,cpu_t1,4,122072,29620,0,4.0836,1.5160,0.1401,0,5.7398,0
55,cpu_t2,0,122072,29620,0,2.3134,0.7850,0.1374,0,3.2358,0
55,cpu_t2,1,122072,29620,0,2.1757,0.7048,0.1355,0,3.0161,0
55,cpu_t2,2,122072,29620,0,2.2129,0.7192,0.1401,0,3.0723,0
55,cpu_t2,3,122072,29620,0,2.3477,0.6963,0.1401,0,3.1842,0
55,cpu_t2,4,122072,29620,0,2.2027,0.7544,0.1420,0,3.0991,0
55,cpu_t4,0,122072,29620,0,1.5198,0.4256,0.1374,0,2.0827,0
55,cpu_t4,1,122072,29620,0,1.2454,0.3866,0.1365,0,1.7686,0
55,cpu_t4,2,122072,29620,0,1.2388,0.4074,0.1484,0,1.7946,0
55,cpu_t4,3,122072,29620,0,1.3193,0.4233,0.1366,0,1.8793,0
55,cpu_t4,4,122072,29620,0,1.3592,0.3763,0.1578,0,1.8933,0
55,cpu_t8,0,122072,29620,0,1.0804,0.3699,0.1391,0,1.5893,0
55,cpu_t8,1,122072,29620,0,1.0426,0.4077,0.1420,0,1.5923,0
55,cpu_t8,2,122072,29620,0,1.0205,0.4009,0.1398,0,1.5613,0
55,cpu_t8,3,122072,29620,0,1.0041,0.3933,0.1360,0,1.5334,0
55,cpu_t8,4,122072,29620,0,1.0473,0.3895,0.1356,0,1.5724,0
55,cpu_t16,0,122072,29620,0,1.3066,0.4314,0.1728,0,1.9109,0
55,cpu_t16,1,122072,29620,0,1.6881,0.3768,0.1759,0,2.2408,0
55,cpu_t16,2,122072,29620,0,1.3525,0.3656,0.1876,0,1.9058,0
55,cpu_t16,3,122072,29620,0,1.3517,0.3661,0.1731,0,1.8909,0
55,cpu_t16,4,122072,29620,0,1.3384,0.4024,0.1880,0,1.9288,0
55,gpu_thrust_uf,0,122072,29620,0.0780,0.8049,0.0420,0.1044,0.0345,1.1025,0
55,gpu_thrust_uf,1,122072,29620,0.0828,0.6835,0.0335,0.0983,0.0218,0.9562,0
55,gpu_thrust_uf,2,122072,29620,0.0759,0.6604,0.0358,0.0973,0.0200,0.9166,0
55,gpu_thrust_uf,3,122072,29620,0.0779,0.6506,0.0358,0.0973,0.0204,0.9135,0
55,gpu_thrust_uf,4,122072,29620,0.0780,0.5946,0.0328,0.0973,0.0285,0.8580,0
55,gpu_hash_uf,0,122072,29620,0.0768,0.1684,0.0348,0.0983,0.0272,0.4282,0
55,gpu_hash_uf,1,122072,29620,0.0779,0.1712,0.0328,0.1055,0.0274,0.4362,0
55,gpu_hash_uf,2,122072,29620,0.0767,0.1798,0.0358,0.0973,0.0356,0.4507,0
55,gpu_hash_uf,3,122072,29620,0.0758,0.2472,0.0788,0.1352,0.0275,0.5908,0
55,gpu_hash_uf,4,122072,29620,0.0809,0.2127,0.0336,0.0973,0.0339,0.4951,0
55,gpu_hash_prop,0,122072,29620,0.0768,0.1861,0.0328,8.6088,0.0148,8.9402,153
55,gpu_hash_prop,1,122072,29620,0.0781,0.4702,0.0358,8.6907,0.0268,9.3236,153
55,gpu_hash_prop,2,122072,29620,0.0766,0.2647,0.0389,8.9160,0.0539,9.3708,153
55,gpu_hash_prop,3,122072,29620,0.0792,0.2580,0.0717,7.0564,0.0218,7.5114,153
55,gpu_hash_prop,4,122072,29620,0.0763,0.2016,0.0358,7.1857,0.0306,7.5510,153
55,gpu_hash_prop16,0,122072,29620,0.0768,0.1903,0.0358,1.9517,0.0219,2.2979,160
55,gpu_hash_prop16,1,122072,29620,0.0980,0.2534,0.0358,2.8662,0.0252,3.3040,160
55,gpu_hash_prop16,2,122072,29620,0.0762,0.1863,0.0327,2.5574,0.0317,2.9060,160
55,gpu_hash_prop16,3,122072,29620,0.0767,0.2456,0.0369,3.4508,0.0484,3.8842,160
55,gpu_hash_prop16,4,122072,29620,0.0795,0.5342,0.0307,3.5021,0.0303,4.2010,160
56,cpu_t1,0,122170,29696,0,4.1579,1.4257,0.1391,0,5.7227,0
56,cpu_t1,1,122170,29696,0,4.0886,1.4189,0.1358,0,5.6433,0
56,cpu_t1,2,122170,29696,0,4.0444,1.5563,0.1545,0,5.7553,0
56,cpu_t1,3,122170,29696,0,4.0405,1.4846,0.1372,0,5.6623,0
56,cpu_t1,4,122170,29696,0,4.1202,1.4216,0.1357,0,5.6775,0
56,cpu_t2,0,122170,29696,0,2.4779,0.8257,0.1363,0,3.4399,0
56,cpu_t2,1,122170,29696,0,2.5420,0.7908,0.1403,0,3.4731,0
56,cpu_t2,2,122170,29696,0,2.1588,0.6992,0.1360,0,2.9940,0
56,cpu_t2,3,122170,29696,0,2.1271,0.7020,0.1359,0,2.9650,0
56,cpu_t2,4,122170,29696,0,2.4396,0.7808,0.1747,0,3.3951,0
56,cpu_t4,0,122170,29696,0,1.2519,0.3765,0.1360,0,1.7645,0
56,cpu_t4,1,122170,29696,0,1.2378,0.3615,0.1529,0,1.7523,0
56,cpu_t4,2,122170,29696,0,1.4981,0.7730,0.1734,0,2.4445,0
56,cpu_t4,3,122170,29696,0,1.5645,0.6912,0.1665,0,2.4222,0
56,cpu_t4,4,122170,29696,0,1.5854,0.6974,0.1686,0,2.4514,0
56,cpu_t8,0,122170,29696,0,1.0602,0.5618,0.1612,0,1.7831,0
56,cpu_t8,1,122170,29696,0,1.0677,0.3735,0.1379,0,1.5790,0
56,cpu_t8,2,122170,29696,0,0.9846,0.2312,0.1947,0,1.4106,0
56,cpu_t8,3,122170,29696,0,0.9743,0.2479,0.2041,0,1.4262,0
56,cpu_t8,4,122170,29696,0,0.9986,0.3670,0.1726,0,1.5383,0
56,cpu_t16,0,122170,29696,0,1.3778,0.4034,0.1765,0,1.9577,0
56,cpu_t16,1,122170,29696,0,1.3684,0.4593,0.1737,0,2.0014,0
56,cpu_t16,2,122170,29696,0,1.4732,0.3691,0.1754,0,2.0177,0
56,cpu_t16,3,122170,29696,0,1.4225,0.4128,0.1737,0,2.0091,0
56,cpu_t16,4,122170,29696,0,1.4760,0.4145,0.1741,0,2.0646,0
56,gpu_thrust_uf,0,122170,29696,0.0788,0.8738,0.0461,0.1516,0.0365,1.2220,0
56,gpu_thrust_uf,1,122170,29696,0.0808,0.7993,0.0328,0.1638,0.0320,1.1482,0
56,gpu_thrust_uf,2,122170,29696,0.0767,0.8000,0.0832,0.1319,0.0196,1.1432,0
56,gpu_thrust_uf,3,122170,29696,0.0766,0.8374,0.0788,0.1311,0.0205,1.1697,0
56,gpu_thrust_uf,4,122170,29696,0.0798,0.7940,0.0809,0.1311,0.0188,1.1292,0
56,gpu_hash_uf,0,122170,29696,0.0770,0.2531,0.0389,0.1096,0.0238,0.5257,0
56,gpu_hash_uf,1,122170,29696,0.0768,0.3640,0.0297,0.1567,0.0648,0.7305,0
56,gpu_hash_uf,2,122170,29696,0.0785,0.5233,0.0328,0.1700,0.0345,0.8681,0
56,gpu_hash_uf,3,122170,29696,0.0956,0.3330,0.0336,0.1587,0.0369,0.7104,0
56,gpu_hash_uf,4,122170,29696,0.0760,0.4665,0.1238,0.1166,0.0315,0.8413,0
56,gpu_hash_prop,0,122170,29696,0.0768,0.4139,0.0358,10.8227,0.0292,11.4017,156
56,gpu_hash_prop,1,122170,29696,0.0802,0.2012,0.0297,6.4399,0.0497,6.8188,156
56,gpu_hash_prop,2,122170,29696,0.0822,1.1461,0.0471,10.1294,0.1241,11.5615,156
56,gpu_hash_prop,3,122170,29696,0.0776,0.6030,0.1044,19.5645,0.0350,20.4143,156
56,gpu_hash_prop,4,122170,29696,0.0816,0.5412,0.1239,16.5806,0.0186,17.3715,156
56,gpu_hash_prop16,0,122170,29696,0.0764,0.2769,0.0563,3.0956,0.0271,3.5539,160
56,gpu_hash_prop16,1,122170,29696,0.0765,0.2203,0.0553,2.1033,0.0240,2.5502,160
56,gpu_hash_prop16,2,122170,29696,0.0797,0.5374,0.1024,3.2031,0.0262,3.9753,160
56,gpu_hash_prop16,3,122170,29696,0.0803,0.2772,0.0563,3.1611,0.0209,3.6154,160
56,gpu_hash_prop16,4,122170,29696,0.0793,0.2636,0.0737,3.3382,0.0288,3.8047,160
57,cpu_t1,0,122223,29909,0,4.0809,1.4751,0.1584,0,5.7145,0
57,cpu_t1,1,122223,29909,0,4.3042,1.5696,0.1877,0,6.0614,0
57,cpu_t1,2,122223,29909,0,4.1960,1.4250,0.1527,0,5.7737,0
57,cpu_t1,3,122223,29909,0,4.2174,1.6145,0.1531,0,5.9850,0
57,cpu_t1,4,122223,29909,0,3.9915,1.4088,0.1510,0,5.5512,0
57,cpu_t2,0,122223,29909,0,2.2616,0.8768,0.1511,0,3.2896,0
57,cpu_t2,1,122223,29909,0,2.3738,0.9348,0.1519,0,3.4605,0
57,cpu_t2,2,122223,29909,0,2.0941,0.7364,0.1808,0,3.0113,0
57,cpu_t2,3,122223,29909,0,2.1351,0.7343,0.1497,0,3.0191,0
57,cpu_t2,4,122223,29909,0,2.1407,0.7677,0.1606,0,3.0690,0
57,cpu_t4,0,122223,29909,0,1.4712,0.5321,0.1618,0,2.1651,0
57,cpu_t4,1,122223,29909,0,1.6279,0.4586,0.1492,0,2.2358,0
57,cpu_t4,2,122223,29909,0,1.3224,0.4671,0.1513,0,1.9408,0
57,cpu_t4,3,122223,29909,0,1.2439,0.4125,0.1529,0,1.8093,0
57,cpu_t4,4,122223,29909,0,1.2164,0.3721,0.1524,0,1.7409,0
57,cpu_t8,0,122223,29909,0,1.0458,0.3582,0.1875,0,1.5916,0
57,cpu_t8,1,122223,29909,0,1.0358,0.3658,0.1867,0,1.5882,0
57,cpu_t8,2,122223,29909,0,1.0407,0.3648,0.1841,0,1.5897,0
57,cpu_t8,3,122223,29909,0,1.0764,0.3566,0.1858,0,1.6188,0
57,cpu_t8,4,122223,29909,0,1.0134,0.3603,0.1855,0,1.5591,0
57,cpu_t16,0,122223,29909,0,1.3297,0.3586,0.2385,0,1.9268,0
57,cpu_t16,1,122223,29909,0,1.3139,0.2906,0.1907,0,1.7952,0
57,cpu_t16,2,122223,29909,0,1.5003,0.3901,0.1945,0,2.0850,0
57,cpu_t16,3,122223,29909,0,1.3378,0.3807,0.1887,0,1.9073,0
57,cpu_t16,4,122223,29909,0,1.3989,0.3753,0.1927,0,1.9668,0
57,gpu_thrust_uf,0,122223,29909,0.0775,0.9175,0.0704,0.1915,0.0369,1.3313,0
57,gpu_thrust_uf,1,122223,29909,0.0813,0.8031,0.0809,0.1915,0.0376,1.2329,0
57,gpu_thrust_uf,2,122223,29909,0.0774,0.9010,0.0778,0.3205,0.0489,1.4947,0
57,gpu_thrust_uf,3,122223,29909,0.0776,0.8992,0.0563,0.1925,0.0341,1.2923,0
57,gpu_thrust_uf,4,122223,29909,0.0782,1.2236,0.0584,0.1915,0.0250,1.6084,0
57,gpu_hash_uf,0,122223,29909,0.1081,0.3119,0.0737,0.3092,0.0507,0.8973,0
57,gpu_hash_uf,1,122223,29909,0.0776,0.5059,0.0573,0.1915,0.0296,0.8963,0
57,gpu_hash_uf,2,122223,29909,0.0776,0.7407,0.0870,0.2028,0.0284,1.1693,0
57,gpu_hash_uf,3,122223,29909,0.0778,0.2347,0.0543,0.1915,0.0230,0.6175,0
57,gpu_hash_uf,4,122223,29909,0.0777,0.2262,0.0584,0.1915,0.0281,0.6096,0
57,gpu_hash_prop,0,122223,29909,0.0885,0.2576,0.0573,8.8354,0.1437,9.4517,135
57,gpu_hash_prop,1,122223,29909,0.1275,0.7096,0.1157,10.8308,0.1765,11.9891,135
57,gpu_hash_prop,2,122223,29909,0.0990,0.7310,0.1208,17.5340,0.0605,18.6108,135
57,gpu_hash_prop,3,122223,29909,0.0776,0.2882,0.0635,12.7191,0.1735,13.3505,135
57,gpu_hash_prop,4,122223,29909,0.0824,0.7476,0.0666,9.8324,0.0283,10.7869,135
57,gpu_hash_prop16,0,122223,29909,0.1350,0.7556,0.1055,8.9487,0.1807,10.1563,144
57,gpu_hash_prop16,1,122223,29909,0.0868,0.6145,0.0707,7.8756,0.0154,8.6925,144
57,gpu_hash_prop16,2,122223,29909,0.0775,0.6800,0.4209,2.1463,0.0342,3.3839,144
57,gpu_hash_prop16,3,122223,29909,0.0775,0.2486,0.0614,5.0074,0.1574,5.5740,144
57,gpu_hash_prop16,4,122223,29909,0.1155,0.6612,0.1147,6.0529,0.0199,6.9937,144
58,cpu_t1,0,122415,30197,0,3.9932,1.3655,0.1463,0,5.5050,0
58,cpu_t1,1,122415,30197,0,3.9236,1.3932,0.1425,0,5.4594,0
58,cpu_t1,2,122415,30197,0,3.9125,1.3737,0.1423,0,5.4285,0
58,cpu_t1,3,122415,30197,0,3.9938,1.3877,0.1420,0,5.5234,0
58,cpu_t1,4,122415,30197,0,4.0196,1.3757,0.1420,0,5.5372,0
58,cpu_t2,0,122415,30197,0,2.6474,0.9325,0.1424,0,3.7224,0
58,cpu_t2,1,122415,30197,0,2.1921,0.7150,0.1540,0,3.0611,0
58,cpu_t2,2,122415,30197,0,2.1567,0.6917,0.1418,0,2.9902,0
58,cpu_t2,3,122415,30197,0,2.0864,0.7198,0.1557,0,2.9619,0
58,cpu_t2,4,122415,30197,0,2.1424,0.6933,0.1400,0,2.9757,0
58,cpu_t4,0,122415,30197,0,1.2075,0.3517,0.1411,0,1.7003,0
58,cpu_t4,1,122415,30197,0,1.2299,0.7353,0.3045,0,2.2697,0
58,cpu_t4,2,122415,30197,0,1.5764,0.3706,0.1439,0,2.0908,0
58,cpu_t4,3,122415,30197,0,1.2655,0.3509,0.1428,0,1.7593,0
58,cpu_t4,4,122415,30197,0,1.2265,0.3617,0.1419,0,1.7301,0
58,cpu_t8,0,122415,30197,0,1.0430,0.3783,0.1760,0,1.5972,0
58,cpu_t8,1,122415,30197,0,1.0569,0.3864,0.1884,0,1.6317,0
58,cpu_t8,2,122415,30197,0,1.0003,0.3779,0.1426,0,1.5208,0
58,cpu_t8,3,122415,30197,0,1.0151,0.3817,0.1427,0,1.5394,0
58,cpu_t8,4,122415,30197,0,1.0579,0.2348,0.1667,0,1.4594,0
58,cpu_t16,0,122415,30197,0,1.4694,0.3916,0.1857,0,2.0466,0
58,cpu_t16,1,122415,30197,0,1.3540,0.3828,0.1877,0,1.9245,0
58,cpu_t16,2,122415,30197,0,1.3900,0.3673,0.1829,0,1.9402,0
58,cpu_t16,3,122415,30197,0,1.3467,0.3297,0.1810,0,1.8575,0
58,cpu_t16,4,122415,30197,0,1.3207,0.4004,0.1796,0,1.9007,0
58,gpu_thrust_uf,0,122415,30197,0.0849,1.0121,0.0635,0.2007,0.0311,1.4278,0
58,gpu_thrust_uf,1,122415,30197,0.0812,0.8564,0.0891,0.2007,0.0268,1.3214,0
58,gpu_thrust_uf,2,122415,30197,0.0776,0.7996,0.0644,0.1987,0.0264,1.1928,0
58,gpu_thrust_uf,3,122415,30197,0.0778,0.8852,0.1106,0.2007,0.0284,1.3277,0
58,gpu_thrust_uf,4,122415,30197,0.0779,1.1286,0.0611,0.1997,0.0263,1.5214,0
58,gpu_hash_uf,0,122415,30197,0.0768,0.5518,0.0707,0.2519,0.0258,1.0198,0
58,gpu_hash_uf,1,122415,30197,0.0836,0.6971,0.1188,0.1997,0.0506,1.1985,0
58,gpu_hash_uf,2,122415,30197,0.1303,0.6333,0.1311,0.3123,0.0508,1.3067,0
58,gpu_hash_uf,3,122415,30197,0.0868,0.7203,0.1167,0.2007,0.0505,1.2258,0
58,gpu_hash_uf,4,122415,30197,0.0777,0.7205,0.1239,0.2611,0.0504,1.2824,0
58,gpu_hash_prop,0,122415,30197,0.0782,0.2424,0.0604,6.0150,0.0283,6.4470,133
58,gpu_hash_prop,1,122415,30197,0.0768,0.2170,0.0604,7.4066,0.0221,7.8063,133
58,gpu_hash_prop,2,122415,30197,0.0764,0.2371,0.0645,6.8557,0.0302,7.2867,133
58,gpu_hash_prop,3,122415,30197,0.0765,0.2303,0.0573,11.1739,0.0275,11.5885,133
58,gpu_hash_prop,4,122415,30197,0.0822,0.2700,0.0635,7.6626,0.0228,8.1213,133
58,gpu_hash_prop16,0,122415,30197,0.0805,0.2455,0.0604,2.2538,0.0244,2.6872,144
58,gpu_hash_prop16,1,122415,30197,0.0834,0.2392,0.0635,2.2630,0.0228,2.6989,144
58,gpu_hash_prop16,2,122415,30197,0.0765,0.2524,0.0635,2.1565,0.0327,2.6024,144
58,gpu_hash_prop16,3,122415,30197,0.0776,0.2301,0.0655,6.9335,0.0298,7.3614,144
58,gpu_hash_prop16,4,122415,30197,0.0786,0.2284,0.0850,2.1299,0.5021,3.0472,144
59,cpu_t1,0,122405,30474,0,3.9588,1.4217,0.1541,0,5.5346,0
59,cpu_t1,1,122405,30474,0,3.9513,1.4168,0.1511,0,5.5192,0
59,cpu_t1,2,122405,30474,0,3.9241,1.4983,0.1529,0,5.5753,0
59,cpu_t1,3,122405,30474,0,3.9452,1.4764,0.1569,0,5.5786,0
59,cpu_t1,4,122405,30474,0,3.8945,1.4810,0.1523,0,5.5277,0
59,cpu_t2,0,122405,30474,0,2.6374,0.7538,0.1530,0,3.5442,0
59,cpu_t2,1,122405,30474,0,2.6848,0.7646,0.1500,0,3.5994,0
59,cpu_t2,2,122405,30474,0,2.3195,0.8733,0.1662,0,3.3590,0
59,cpu_t2,3,122405,30474,0,2.2719,0.8515,0.1519,0,3.2753,0
59,cpu_t2,4,122405,30474,0,2.4674,0.7181,0.1539,0,3.3394,0
59,cpu_t4,0,122405,30474,0,1.6177,0.7335,0.2045,0,2.5557,0
59,cpu_t4,1,122405,30474,0,1.5767,0.7537,0.1929,0,2.5233,0
59,cpu_t4,2,122405,30474,0,1.5471,0.7795,0.1985,0,2.5251,0
59,cpu_t4,3,122405,30474,0,1.6215,0.6846,0.1550,0,2.4612,0
59,cpu_t4,4,122405,30474,0,1.2615,0.3883,0.1528,0,1.8026,0
59,cpu_t8,0,122405,30474,0,1.1872,0.3783,0.1935,0,1.7590,0
59,cpu_t8,1,122405,30474,0,1.0267,0.4042,0.1893,0,1.6202,0
59,cpu_t8,2,122405,30474,0,1.0341,0.4063,0.1993,0,1.6397,0
59,cpu_t8,3,122405,30474,0,1.0625,0.4028,0.1997,0,1.6651,0
59,cpu_t8,4,122405,30474,0,1.0507,0.3757,0.1892,0,1.6156,0
59,cpu_t16,0,122405,30474,0,1.4488,0.5178,0.1875,0,2.1541,0
59,cpu_t16,1,122405,30474,0,1.3701,0.3590,0.1912,0,1.9203,0
59,cpu_t16,2,122405,30474,0,1.3239,0.3286,0.1923,0,1.8447,0
59,cpu_t16,3,122405,30474,0,1.3998,0.3803,0.1979,0,1.9781,0
59,cpu_t16,4,122405,30474,0,1.3494,0.3912,0.1980,0,1.9386,0
59,gpu_thrust_uf,0,122405,30474,0.2937,0.7069,0.0655,0.2099,0.0283,1.3452,0
59,gpu_thrust_uf,1,122405,30474,0.2937,0.8005,0.0686,0.2099,0.0364,1.4448,0
59,gpu_thrust_uf,2,122405,30474,0.2929,0.5831,0.0840,0.2099,0.0534,1.2531,0
59,gpu_thrust_uf,3,122405,30474,0.2928,0.6892,0.0645,0.2089,0.0356,1.3231,0
59,gpu_thrust_uf,4,122405,30474,0.2959,1.3460,0.0614,0.2109,0.0293,1.9720,0
59,gpu_hash_uf,0,122405,30474,0.2924,0.4798,0.1300,0.2570,0.0330,1.2217,0
59,gpu_hash_uf,1,122405,30474,0.2935,0.4756,0.0614,0.2089,0.0332,1.1043,0
59,gpu_hash_uf,2,122405,30474,0.2926,0.4048,0.0614,0.2345,0.0360,1.0579,0
59,gpu_hash_uf,3,122405,30474,0.2990,0.3356,0.0891,0.2857,0.0318,1.0703,0
59,gpu_hash_uf,4,122405,30474,0.2935,0.4375,0.0614,0.2642,0.0317,1.1182,0
59,gpu_hash_prop,0,122405,30474,0.2950,0.5176,0.1034,13.6929,0.0294,14.6631,160
59,gpu_hash_prop,1,122405,30474,0.2944,0.2985,0.0686,10.7694,0.0202,11.4710,160
59,gpu_hash_prop,2,122405,30474,0.2935,0.3116,0.0604,15.8515,0.0357,16.5771,160
59,gpu_hash_prop,3,122405,30474,0.2937,0.3926,0.0707,20.2650,0.0450,21.0897,160
59,gpu_hash_prop,4,122405,30474,0.3042,0.6765,0.0655,13.1871,0.0371,14.3017,160
59,gpu_hash_prop16,0,122405,30474,0.3168,4.3484,0.0614,9.4362,0.0315,14.2292,160
59,gpu_hash_prop16,1,122405,30474,0.2977,0.4203,0.0952,3.9383,0.0628,4.8416,160
59,gpu_hash_prop16,2,122405,30474,0.2934,0.4476,6.5546,6.2577,0.0507,13.6464,160
59,gpu_hash_prop16,3,122405,30474,0.2937,0.5515,0.1331,10.3311,0.0278,11.3656,160
59,gpu_hash_prop16,4,122405,30474,0.2977,0.4067,0.0676,3.4099,0.0493,4.2554,160
60,cpu_t1,0,122421,30658,0,3.9721,1.5140,0.1815,0,5.6676,0
60,cpu_t1,1,122421,30658,0,4.3949,1.5199,0.1928,0,6.1075,0
60,cpu_t1,2,122421,30658,0,3.8530,1.5227,0.1559,0,5.5317,0
60,cpu_t1,3,122421,30658,0,3.8928,1.5370,0.1548,0,5.5845,0
60,cpu_t1,4,122421,30658,0,3.9564,1.5757,0.1561,0,5.6881,0
60,cpu_t2,0,122421,30658,0,2.1363,0.7719,0.1535,0,3.0617,0
60,cpu_t2,1,122421,30658,0,2.1199,0.8122,0.1608,0,3.0930,0
60,cpu_t2,2,122421,30658,0,2.1039,0.7683,0.1525,0,3.0248,0
60,cpu_t2,3,122421,30658,0,2.8191,0.8918,0.1552,0,3.8661,0
60,cpu_t2,4,122421,30658,0,2.1845,0.8730,0.1543,0,3.2119,0
60,cpu_t4,0,122421,30658,0,1.1992,0.4241,0.1537,0,1.7770,0
60,cpu_t4,1,122421,30658,0,1.2177,0.4276,0.1557,0,1.8010,0
60,cpu_t4,2,122421,30658,0,1.2153,0.4099,0.1552,0,1.7804,0
60,cpu_t4,3,122421,30658,0,1.2906,0.4235,0.1578,0,1.8719,0
60,cpu_t4,4,122421,30658,0,1.3962,0.7961,0.1937,0,2.3859,0
60,cpu_t8,0,122421,30658,0,1.0460,0.4151,0.1953,0,1.6564,0
60,cpu_t8,1,122421,30658,0,1.0445,0.4253,0.2227,0,1.6925,0
60,cpu_t8,2,122421,30658,0,1.0267,0.4220,0.2070,0,1.6557,0
60,cpu_t8,3,122421,30658,0,1.0437,0.4498,0.2022,0,1.6956,0
60,cpu_t8,4,122421,30658,0,1.0579,0.4073,0.2060,0,1.6711,0
60,cpu_t16,0,122421,30658,0,0.7277,0.2168,0.2036,0,1.1481,0
60,cpu_t16,1,122421,30658,0,1.0192,0.3042,0.2040,0,1.5274,0
60,cpu_t16,2,122421,30658,0,0.7558,0.2869,0.2023,0,1.2450,0
60,cpu_t16,3,122421,30658,0,1.0764,0.2195,0.2038,0,1.4997,0
60,cpu_t16,4,122421,30658,0,0.8147,0.2325,0.2044,0,1.2516,0
60,gpu_thrust_uf,0,122421,30658,0.2937,0.7454,0.0932,0.2253,0.0281,1.4294,0
60,gpu_thrust_uf,1,122421,30658,0.2937,0.6617,0.1208,0.2263,0.0300,1.3637,0
60,gpu_thrust_uf,2,122421,30658,0.2938,0.8680,0.1341,0.2284,0.0318,1.5850,0
60,gpu_thrust_uf,3,122421,30658,0.2981,10.5866,0.0645,0.2345,0.0354,11.2552,0
60,gpu_thrust_uf,4,122421,30658,0.3002,1.3076,0.0604,0.2253,0.0400,1.9670,0
60,gpu_hash_uf,0,122421,30658,0.2935,0.2950,0.0604,0.2560,0.0310,0.9694,0
60,gpu_hash_uf,1,122421,30658,0.2926,2.8126,0.0645,0.2324,0.0349,3.4655,0
60,gpu_hash_uf,2,122421,30658,0.3248,0.6199,0.0942,0.2253,0.0358,1.3290,0
60,gpu_hash_uf,3,122421,30658,0.2953,0.3115,0.0911,0.2243,0.0313,1.0014,0
60,gpu_hash_uf,4,122421,30658,0.2924,0.2827,0.0645,0.2990,0.0285,0.9930,0
60,gpu_hash_prop,0,122421,30658,0.1051,0.2882,0.0788,8.6354,0.0455,9.1788,141
60,gpu_hash_prop,1,122421,30658,0.0796,0.2713,0.0768,15.8098,0.1050,16.3677,141
60,gpu_hash_prop,2,122421,30658,0.0798,0.4005,0.0499,17.4541,0.0466,18.0688,141
60,gpu_hash_prop,3,122421,30658,0.0785,0.4391,0.0500,15.7061,0.0878,16.3845,141
60,gpu_hash_prop,4,122421,30658,0.0887,0.4325,0.0543,15.9744,0.0313,16.6086,141
60,gpu_hash_prop16,0,122421,30658,0.0781,0.4908,0.0502,5.2717,0.1060,6.0204,144
60,gpu_hash_prop16,1,122421,30658,0.0768,0.3261,0.1154,4.7094,0.0962,5.3519,144
60,gpu_hash_prop16,2,122421,30658,0.0767,0.4113,0.0498,5.4661,0.0255,6.0560,144
60,gpu_hash_prop16,3,122421,30658,0.0782,0.2602,0.0584,2.8047,0.0388,3.2635,144
60,gpu_hash_prop16,4,122421,30658,0.0777,0.2906,0.0571,2.7791,0.0263,3.2553,144
61,cpu_t1,0,122306,30756,0,3.9054,1.4972,0.1557,0,5.5584,0
61,cpu_t1,1,122306,30756,0,3.9352,1.8525,0.1897,0,5.9774,0
61,cpu_t1,2,122306,30756,0,4.8514,1.5101,0.1546,0,6.5161,0
61,cpu_t1,3,122306,30756,0,3.9055,1.4902,0.1537,0,5.5495,0
61,cpu_t1,4,122306,30756,0,3.8903,1.4239,0.1572,0,5.4714,0
61,cpu_t2,0,122306,30756,0,2.1005,0.8111,0.1594,0,3.0710,0
61,cpu_t2,1,122306,30756,0,2.1586,0.7501,0.1589,0,3.0676,0
61,cpu_t2,2,122306,30756,0,2.0961,0.7400,0.1578,0,2.9940,0
61,cpu_t2,3,122306,30756,0,2.4942,0.8358,0.1557,0,3.4857,0
61,cpu_t2,4,122306,30756,0,2.1212,0.7822,0.1544,0,3.0578,0
61,cpu_t4,0,122306,30756,0,1.2270,0.4148,0.1885,0,1.8302,0
61,cpu_t4,1,122306,30756,0,1.5306,0.8462,0.2030,0,2.5798,0
61,cpu_t4,2,122306,30756,0,1.4242,0.8106,0.1562,0,2.3910,0
61,cpu_t4,3,122306,30756,0,1.5293,0.7806,0.1606,0,2.4705,0
61,cpu_t4,4,122306,30756,0,1.4158,0.3808,0.1563,0,1.9529,0
61,cpu_t8,0,122306,30756,0,0.8402,0.2269,0.1590,0,1.2261,0
61,cpu_t8,1,122306,30756,0,0.8080,0.2036,0.1550,0,1.1665,0
61,cpu_t8,2,122306,30756,0,0.8358,0.2022,0.1544,0,1.1924,0
61,cpu_t8,3,122306,30756,0,0.8743,0.2683,0.1729,0,1.3156,0
61,cpu_t8,4,122306,30756,0,0.8771,0.2855,0.1570,0,1.3196,0
61,cpu_t16,0,122306,30756,0,0.7674,0.2981,0.1947,0,1.2602,0
61,cpu_t16,1,122306,30756,0,0.7490,0.2382,0.2022,0,1.1894,0
61,cpu_t16,2,122306,30756,0,1.1256,0.2880,0.2017,0,1.6153,0
61,cpu_t16,3,122306,30756,0,0.8015,0.2346,0.2126,0,1.2487,0
61,cpu_t16,4,122306,30756,0,0.7360,0.3248,0.2122,0,1.2729,0
61,gpu_thrust_uf,0,122306,30756,0.0817,0.8567,0.0573,0.1894,0.0468,1.2698,0
61,gpu_thrust_uf,1,122306,30756,0.0832,2.6892,0.0502,0.1792,0.0322,3.0812,0
61,gpu_thrust_uf,2,122306,30756,0.1539,0.8331,0.0840,0.1782,0.0281,1.3171,0
61,gpu_thrust_uf,3,122306,30756,0.0794,0.8320,0.0952,0.2908,0.0290,1.3527,0
61,gpu_thrust_uf,4,122306,30756,0.0765,0.7588,0.0645,0.1802,0.0397,1.1471,0
61,gpu_hash_uf,0,122306,30756,0.0775,0.2162,0.0532,0.1792,0.0234,0.5728,0
61,gpu_hash_uf,1,122306,30756,0.0799,0.2051,0.0543,0.1792,0.0330,0.5763,0
61,gpu_hash_uf,2,122306,30756,0.0764,0.2056,0.0532,0.1792,0.0245,0.5692,0
61,gpu_hash_uf,3,122306,30756,0.0775,0.2231,0.0532,0.1792,0.0315,0.5863,0
61,gpu_hash_uf,4,122306,30756,0.0800,0.2195,0.0717,0.1792,0.0345,0.6112,0
61,gpu_hash_prop,0,122306,30756,0.0882,0.2279,0.0502,13.1389,0.0339,13.5677,154
61,gpu_hash_prop,1,122306,30756,0.0884,0.2396,0.0573,9.0747,0.0533,9.5347,154
61,gpu_hash_prop,2,122306,30756,0.0813,0.2141,0.0573,11.3521,0.0261,11.7620,154
61,gpu_hash_prop,3,122306,30756,0.0780,0.2030,0.0686,14.9033,0.0307,15.3043,154
61,gpu_hash_prop,4,122306,30756,0.0783,0.4071,0.0532,16.8950,0.0874,17.5430,154
61,gpu_hash_prop16,0,122306,30756,0.0765,0.3588,0.0949,7.6605,0.0949,8.3124,160
61,gpu_hash_prop16,1,122306,30756,0.1009,0.3593,0.0963,6.0355,0.1005,6.7222,160
61,gpu_hash_prop16,2,122306,30756,0.0943,0.3618,0.0961,7.7097,0.0311,8.3215,160
61,gpu_hash_prop16,3,122306,30756,0.0778,0.4117,0.0501,5.2091,0.0841,5.8549,160
61,gpu_hash_prop16,4,122306,30756,0.0765,0.4077,0.0952,5.8092,0.0906,6.5075,160
62,cpu_t1,0,122266,30838,0,3.9267,1.4844,0.1498,0,5.5609,0
62,cpu_t1,1,122266,30838,0,3.9312,1.4636,0.1500,0,5.5447,0
62,cpu_t1,2,122266,30838,0,3.8479,1.5168,0.1657,0,5.5305,0
62,cpu_t1,3,122266,30838,0,3.9292,1.5064,0.1883,0,5.6239,0
62,cpu_t1,4,122266,30838,0,3.8743,1.4730,0.1484,0,5.4957,0
62,cpu_t2,0,122266,30838,0,2.1471,0.8150,0.1523,0,3.1144,0
62,cpu_t2,1,122266,30838,0,2.0728,1.0061,0.2781,0,3.3570,0
62,cpu_t2,2,122266,30838,0,2.9383,1.5895,0.1932,0,4.7209,0
62,cpu_t2,3,122266,30838,0,2.8940,1.6435,0.1921,0,4.7296,0
62,cpu_t2,4,122266,30838,0,2.8693,1.5806,0.1911,0,4.6410,0
62,cpu_t4,0,122266,30838,0,1.5789,0.3844,0.1503,0,2.1136,0
62,cpu_t4,1,122266,30838,0,1.2497,0.4128,0.1495,0,1.8120,0
62,cpu_t4,2,122266,30838,0,1.2150,0.3985,0.1494,0,1.7629,0
62,cpu_t4,3,122266,30838,0,1.2109,0.3996,0.1652,0,1.7757,0
62,cpu_t4,4,122266,30838,0,1.2159,0.4073,0.1481,0,1.7712,0
62,cpu_t8,0,122266,30838,0,1.0095,0.3973,0.1500,0,1.5569,0
62,cpu_t8,1,122266,30838,0,1.0461,0.3785,0.1551,0,1.5797,0
62,cpu_t8,2,122266,30838,0,0.9608,0.4066,0.1531,0,1.5205,0
62,cpu_t8,3,122266,30838,0,0.9992,0.3787,0.1891,0,1.5671,0
62,cpu_t8,4,122266,30838,0,1.2230,0.4497,0.2090,0,1.8817,0
62,cpu_t16,0,122266,30838,0,0.7796,0.2175,0.1892,0,1.1862,0
62,cpu_t16,1,122266,30838,0,0.7754,0.2628,0.1965,0,1.2348,0
62,cpu_t16,2,122266,30838,0,0.7363,0.2057,0.1879,0,1.1298,0
62,cpu_t16,3,122266,30838,0,1.4868,0.4017,0.1854,0,2.0739,0
62,cpu_t16,4,122266,30838,0,1.4101,0.4145,0.2374,0,2.0620,0
62,gpu_thrust_uf,0,122266,30838,0.0839,1.9881,0.0573,0.2294,0.0253,2.4231,0
62,gpu_thrust_uf,1,122266,30838,0.1039,0.8320,0.0532,0.2396,0.0262,1.2961,0
62,gpu_thrust_uf,2,122266,30838,0.0820,0.7601,0.0676,0.2294,0.0416,1.2162,0
62,gpu_thrust_uf,3,122266,30838,0.0816,0.7281,0.0563,0.2304,0.0512,1.1809,0
62,gpu_thrust_uf,4,122266,30838,0.0824,0.7669,0.0778,0.2294,0.0292,1.2196,0
62,gpu_hash_uf,0,122266,30838,0.0811,0.2326,0.0532,0.2294,0.0550,0.6773,0
62,gpu_hash_uf,1,122266,30838,0.0776,0.2443,0.0543,0.2294,0.0310,0.6658,0
62,gpu_hash_uf,2,122266,30838,0.0815,0.2965,0.0584,0.2294,0.0382,0.7408,0
62,gpu_hash_uf,3,122266,30838,0.0777,0.2071,0.0502,0.2294,0.0372,0.6361,0
62,gpu_hash_uf,4,122266,30838,0.0809,0.2756,0.0573,0.2294,0.0252,0.7081,0
62,gpu_hash_prop,0,122266,30838,0.1007,0.3055,0.0532,12.1324,0.0246,12.6409,157
62,gpu_hash_prop,1,122266,30838,0.0812,0.2355,0.0540,9.3491,0.0171,9.7592,157
62,gpu_hash_prop,2,122266,30838,0.0766,0.2085,0.0532,12.0330,0.0256,12.4260,157
62,gpu_hash_prop,3,122266,30838,0.0805,0.2139,0.0625,11.9030,0.0330,12.3135,157
62,gpu_hash_prop,4,122266,30838,0.0781,0.2107,0.0502,15.0211,0.0242,15.4120,157
62,gpu_hash_prop16,0,122266,30838,0.0793,0.2201,0.0532,3.0413,0.0441,3.4579,160
62,gpu_hash_prop16,1,122266,30838,0.0778,0.2150,0.0963,3.1549,0.0230,3.5871,160
62,gpu_hash_prop16,2,122266,30838,0.0793,0.2632,0.0573,5.8573,0.0506,6.3276,160
62,gpu_hash_prop16,3,122266,30838,0.0774,0.2842,0.0532,3.2082,0.0541,3.7010,160
62,gpu_hash_prop16,4,122266,30838,0.0765,0.2785,0.0543,3.5779,0.0511,4.0621,160
63,cpu_t1,0,122270,30844,0,4.0154,1.5147,0.1770,0,5.7071,0
63,cpu_t1,1,122270,30844,0,4.5509,1.4714,0.1870,0,6.2093,0
63,cpu_t1,2,122270,30844,0,3.9079,1.4396,0.1522,0,5.4996,0
63,cpu_t1,3,122270,30844,0,3.9335,1.4846,0.1570,0,5.5751,0
63,cpu_t1,4,122270,30844,0,3.9738,1.5184,0.1522,0,5.6445,0
63,cpu_t2,0,122270,30844,0,2.0993,0.8030,0.1510,0,3.0533,0
63,cpu_t2,1,122270,30844,0,2.5375,0.8406,0.1539,0,3.5321,0
63,cpu_t2,2,122270,30844,0,2.3341,1.0231,0.1537,0,3.5110,0
63,cpu_t2,3,122270,30844,0,2.1720,0.8010,0.1508,0,3.1238,0
63,cpu_t2,4,122270,30844,0,2.1258,0.8575,0.1505,0,3.1338,0
63,cpu_t4,0,122270,30844,0,1.5953,0.7791,0.1999,0,2.5743,0
63,cpu_t4,1,122270,30844,0,1.6358,0.7957,0.2012,0,2.6327,0
63,cpu_t4,2,122270,30844,0,1.6571,0.7771,0.1956,0,2.6298,0
63,cpu_t4,3,122270,30844,0,1.6876,0.7866,0.2068,0,2.6810,0
63,cpu_t4,4,122270,30844,0,1.6534,0.7879,0.2024,0,2.6437,0
63,cpu_t8,0,122270,30844,0,1.0556,0.3905,0.1996,0,1.6456,0
63,cpu_t8,1,122270,30844,0,1.0725,0.3811,0.1880,0,1.6417,0
63,cpu_t8,2,122270,30844,0,1.0379,0.4205,0.1918,0,1.6503,0
63,cpu_t8,3,122270,30844,0,1.0415,0.3757,0.2142,0,1.6314,0
63,cpu_t8,4,122270,30844,0,1.0997,0.3605,0.1852,0,1.6453,0
63,cpu_t16,0,122270,30844,0,1.4087,0.3947,0.2101,0,2.0135,0
63,cpu_t16,1,122270,30844,0,1.4540,0.4442,0.2007,0,2.0989,0
63,cpu_t16,2,122270,30844,0,1.2279,1.4818,0.2880,0,2.9977,0
63,cpu_t16,3,122270,30844,0,1.3755,0.3148,0.1946,0,1.8849,0
63,cpu_t16,4,122270,30844,0,1.1973,0.3176,0.2107,0,1.7256,0
63,gpu_thrust_uf,0,122270,30844,0.0853,1.0039,0.0840,0.2478,0.0365,1.4968,0
63,gpu_thrust_uf,1,122270,30844,0.0777,1.0141,0.0543,0.2478,0.0274,1.4524,0
63,gpu_thrust_uf,2,122270,30844,0.0765,0.7325,0.0532,0.2468,0.0327,1.1678,0
63,gpu_thrust_uf,3,122270,30844,0.0778,0.7231,0.0532,0.2468,0.0345,1.1634,0
63,gpu_thrust_uf,4,122270,30844,0.0808,0.7730,0.0532,0.2478,0.0246,1.2152,0
63,gpu_hash_uf,0,122270,30844,0.0775,0.2545,0.0952,0.2468,0.0300,0.7263,0
63,gpu_hash_uf,1,122270,30844,0.0775,0.2343,0.0532,0.2468,0.0278,0.6651,0
63,gpu_hash_uf,2,122270,30844,0.1381,0.8878,0.0582,0.2478,0.0258,1.4457,0
63,gpu_hash_uf,3,122270,30844,0.0811,0.2299,0.0502,0.2468,0.0258,0.6704,0
63,gpu_hash_uf,4,122270,30844,0.0776,0.2244,0.0543,0.2478,0.0169,0.6506,0
63,gpu_hash_prop,0,122270,30844,0.0780,0.2273,0.0543,11.8548,0.0286,12.2682,169
63,gpu_hash_prop,1,122270,30844,0.0784,0.2419,0.0543,11.7176,0.0359,12.1588,169
63,gpu_hash_prop,2,122270,30844,0.0808,0.2332,0.0758,12.3249,0.0234,12.7600,169
63,gpu_hash_prop,3,122270,30844,0.0856,1.5137,0.0502,10.7817,0.0194,12.4745,169
63,gpu_hash_prop,4,122270,30844,0.0809,0.2695,0.0768,12.7805,0.0661,13.2917,169
63,gpu_hash_prop16,0,122270,30844,0.0764,0.2898,0.0532,3.7274,0.0300,4.1983,176
63,gpu_hash_prop16,1,122270,30844,0.0777,0.2204,0.0532,2.2743,0.0253,2.6727,176
63,gpu_hash_prop16,2,122270,30844,0.0811,1.4950,0.0543,3.0577,0.0248,4.7377,176
63,gpu_hash_prop16,3,122270,30844,0.0803,0.2159,0.0573,3.6239,0.0451,4.0461,176
63,gpu_hash_prop16,4,122270,30844,0.0794,0.2582,0.0840,3.9639,0.0291,4.4385,176
64,cpu_t1,0,122376,30816,0,3.9970,1.4291,0.1574,0,5.5835,0
64,cpu_t1,1,122376,30816,0,3.9528,1.4245,0.1514,0,5.5287,0
64,cpu_t1,2,122376,30816,0,3.9219,1.4354,0.1608,0,5.5181,0
64,cpu_t1,3,122376,30816,0,3.9474,1.4658,0.1505,0,5.5637,0
64,cpu_t1,4,122376,30816,0,4.0920,1.6370,0.1496,0,5.8786,0
64,cpu_t2,0,122376,30816,0,2.2111,0.7300,0.1539,0,3.0950,0
64,cpu_t2,1,122376,30816,0,2.5105,0.7201,0.1802,0,3.4108,0
64,cpu_t2,2,122376,30816,0,2.2166,0.7674,0.1612,0,3.1451,0
64,cpu_t2,3,122376,30816,0,2.2762,0.7358,0.1536,0,3.1655,0
64,cpu_t2,4,122376,30816,0,2.2043,0.7644,0.1613,0,3.1301,0
64,cpu_t4,0,122376,30816,0,1.2873,0.3762,0.1613,0,1.8248,0
64,cpu_t4,1,122376,30816,0,1.3219,0.4335,0.1843,0,1.9397,0
64,cpu_t4,2,122376,30816,0,1.3438,0.7547,0.1739,0,2.2724,0
64,cpu_t4,3,122376,30816,0,1.5165,0.7531,0.1505,0,2.4202,0
64,cpu_t4,4,122376,30816,0,1.4916,0.7255,0.1535,0,2.3706,0
64,cpu_t8,0,122376,30816,0,1.0269,0.3900,0.1591,0,1.5760,0
64,cpu_t8,1,122376,30816,0,1.0505,0.3865,0.1508,0,1.5877,0
64,cpu_t8,2,122376,30816,0,1.0281,0.3862,0.1501,0,1.5644,0
64,cpu_t8,3,122376,30816,0,1.0200,0.3953,0.1985,0,1.6138,0
64,cpu_t8,4,122376,30816,0,1.0670,0.3991,0.1958,0,1.6618,0
64,cpu_t16,0,122376,30816,0,0.7443,0.2258,0.2540,0,1.2241,0
64,cpu_t16,1,122376,30816,0,0.7425,0.2037,0.1890,0,1.1352,0
64,cpu_t16,2,122376,30816,0,0.8625,0.2138,0.1893,0,1.2657,0
64,cpu_t16,3,122376,30816,0,0.7505,0.2026,0.1893,0,1.1424,0
64,cpu_t16,4,122376,30816,0,0.7710,0.2080,0.1973,0,1.1763,0
64,gpu_thrust_uf,0,122376,30816,0.0836,0.9662,0.0573,0.3461,0.0420,1.5379,0
64,gpu_thrust_uf,1,122376,30816,0.1027,1.0208,0.0829,0.3461,0.0247,1.6134,0
64,gpu_thrust_uf,2,122376,30816,0.0802,0.7971,0.0778,0.3697,0.0411,1.3933,0
64,gpu_thrust_uf,3,122376,30816,0.0834,2.4901,0.0512,0.3471,0.0323,3.0421,0
64,gpu_thrust_uf,4,122376,30816,0.0816,0.9364,0.1147,0.3461,0.0286,1.5358,0
64,gpu_hash_uf,0,122376,30816,0.0800,0.2813,0.0563,0.3461,0.0348,0.8243,0
64,gpu_hash_uf,1,122376,30816,0.0813,0.2940,0.0778,0.3461,0.0241,0.8602,0
64,gpu_hash_uf,2,122376,30816,0.0770,0.2606,0.0809,0.3461,0.0234,0.8140,0
64,gpu_hash_uf,3,122376,30816,0.0775,0.2955,0.0573,0.3461,0.0238,0.8257,0
64,gpu_hash_uf,4,122376,30816,0.0800,0.2644,0.0778,0.3461,0.0377,0.8325,0
64,gpu_hash_prop,0,122376,30816,0.0782,0.2802,0.0573,8.4797,0.0559,8.9753,156
64,gpu_hash_prop,1,122376,30816,0.0793,0.2331,0.0758,11.5282,0.0257,11.9630,156
64,gpu_hash_prop,2,122376,30816,0.0782,0.2903,0.0788,12.3105,0.0237,12.8025,156
64,gpu_hash_prop,3,122376,30816,0.0808,0.2890,0.0573,8.5320,0.0255,9.0050,156
64,gpu_hash_prop,4,122376,30816,0.0778,0.2210,0.0502,11.4053,0.0243,11.8011,156
64,gpu_hash_prop16,0,122376,30816,0.0814,0.2641,0.0543,3.8892,0.0236,4.3449,160
64,gpu_hash_prop16,1,122376,30816,0.0824,1.5375,0.0512,3.2874,0.0309,5.0159,160
64,gpu_hash_prop16,2,122376,30816,0.0779,0.2772,0.0922,3.4642,0.0242,3.9590,160
64,gpu_hash_prop16,3,122376,30816,0.0798,0.2628,0.0788,3.6332,0.0456,4.1205,160
64,gpu_hash_prop16,4,122376,30816,0.0796,0.2686,0.0573,5.1763,0.0446,5.6470,160
65,cpu_t1,0,122474,30852,0,4.1491,1.4715,0.1545,0,5.7751,0
65,cpu_t1,1,122474,30852,0,4.0434,1.5277,0.1559,0,5.7271,0
65,cpu_t1,2,122474,30852,0,4.0728,1.5770,0.1903,0,5.8401,0
65,cpu_t1,3,122474,30852,0,4.0597,1.4651,0.1542,0,5.6789,0
65,cpu_t1,4,122474,30852,0,4.0048,1.5223,0.1539,0,5.6810,0
65,cpu_t2,0,122474,30852,0,2.4651,0.7550,0.1545,0,3.3745,0
65,cpu_t2,1,122474,30852,0,2.1531,0.7669,0.1506,0,3.0706,0
65,cpu_t2,2,122474,30852,0,2.1211,0.7746,0.1496,0,3.0453,0
65,cpu_t2,3,122474,30852,0,2.0930,0.7819,0.1497,0,3.0246,0
65,cpu_t2,4,122474,30852,0,2.0508,0.7631,0.1492,0,2.9631,0
65,cpu_t4,0,122474,30852,0,1.3910,0.4792,0.1552,0,2.0254,0
65,cpu_t4,1,122474,30852,0,1.2595,0.4170,0.1557,0,1.8322,0
65,cpu_t4,2,122474,30852,0,1.2120,0.4187,0.1507,0,1.7815,0
65,cpu_t4,3,122474,30852,0,1.2550,0.4013,0.1528,0,1.8091,0
65,cpu_t4,4,122474,30852,0,1.2378,0.4066,0.1525,0,1.7969,0
65,cpu_t8,0,122474,30852,0,1.0488,0.4231,0.1526,0,1.6245,0
65,cpu_t8,1,122474,30852,0,1.0743,0.4603,0.1890,0,1.7237,0
65,cpu_t8,2,122474,30852,0,0.9366,0.2111,0.1576,0,1.3053,0
65,cpu_t8,3,122474,30852,0,0.8554,0.7101,0.1549,0,1.7204,0
65,cpu_t8,4,122474,30852,0,1.1600,0.4001,0.1531,0,1.7132,0
65,cpu_t16,0,122474,30852,0,0.7503,0.2222,0.1968,0,1.1693,0
65,cpu_t16,1,122474,30852,0,0.7595,0.2231,0.2085,0,1.1912,0
65,cpu_t16,2,122474,30852,0,0.7589,0.2210,0.1964,0,1.1764,0
65,cpu_t16,3,122474,30852,0,0.7499,0.2567,0.1961,0,1.2027,0
65,cpu_t16,4,122474,30852,0,0.7396,0.2317,0.1966,0,1.1678,0
65,gpu_thrust_uf,0,122474,30852,0.0778,1.0973,0.0573,0.2959,0.0576,1.6316,0
65,gpu_thrust_uf,1,122474,30852,0.0776,0.8438,0.1055,0.3891,0.0294,1.4814,0
65,gpu_thrust_uf,2,122474,30852,0.0768,0.8643,0.1198,0.3031,0.0528,1.4454,0
65,gpu_thrust_uf,3,122474,30852,0.0972,1.6537,0.0502,0.2970,0.0302,2.1577,0
65,gpu_thrust_uf,4,122474,30852,0.0876,1.8899,0.0645,0.2970,0.0210,2.4062,0
65,gpu_hash_uf,0,122474,30852,0.0765,0.2519,0.0756,0.3226,0.0238,0.7737,0
65,gpu_hash_uf,1,122474,30852,0.0809,0.2653,0.0532,0.2959,0.0236,0.7443,0
65,gpu_hash_uf,2,122474,30852,0.0800,0.2743,0.0819,0.2949,0.0246,0.7790,0
65,gpu_hash_uf,3,122474,30852,0.0796,0.2895,0.0778,0.2949,0.0290,0.7989,0
65,gpu_hash_uf,4,122474,30852,0.1012,0.2843,0.0573,0.2959,0.0385,0.8123,0
65,gpu_hash_prop,0,122474,30852,0.0821,0.2258,0.0543,11.8047,0.0249,12.2210,175
65,gpu_hash_prop,1,122474,30852,0.0777,0.2138,0.0532,10.5492,0.0202,10.9369,175
65,gpu_hash_prop,2,122474,30852,0.0798,0.2201,0.0502,12.5686,0.0243,12.9635,175
65,gpu_hash_prop,3,122474,30852,0.0803,0.2990,0.0502,12.8983,0.0468,13.3958,175
65,gpu_hash_prop,4,122474,30852,0.0806,0.2450,0.0788,11.6357,0.0210,12.0869,175
65,gpu_hash_prop16,0,122474,30852,0.0800,0.2288,0.0573,3.2676,0.0206,3.6759,176
65,gpu_hash_prop16,1,122474,30852,0.0807,0.2755,0.1004,3.9444,0.0560,4.4805,176
65,gpu_hash_prop16,2,122474,30852,0.0801,0.2697,0.0788,5.6238,0.0260,6.0992,176
65,gpu_hash_prop16,3,122474,30852,0.0776,0.2146,0.0502,2.9532,0.0224,3.3390,176
65,gpu_hash_prop16,4,122474,30852,0.0795,0.2448,0.0573,3.5717,0.0422,4.0211,176
66,cpu_t1,0,122627,30870,0,3.9791,1.4534,0.1552,0,5.5877,0
66,cpu_t1,1,122627,30870,0,4.0449,1.6390,0.1703,0,5.8541,0
66,cpu_t1,2,122627,30870,0,4.0212,1.5341,0.1487,0,5.7041,0
66,cpu_t1,3,122627,30870,0,4.0066,1.5137,0.1478,0,5.6681,0
66,cpu_t1,4,122627,30870,0,4.1071,1.6871,0.1468,0,5.9410,0
66,cpu_t2,0,122627,30870,0,2.4692,0.8301,0.1469,0,3.4462,0
66,cpu_t2,1,122627,30870,0,2.1106,0.7143,0.1463,0,2.9711,0
66,cpu_t2,2,122627,30870,0,2.1164,0.7055,0.1577,0,2.9796,0
66,cpu_t2,3,122627,30870,0,2.5297,0.7314,0.1473,0,3.4084,0
66,cpu_t2,4,122627,30870,0,2.0697,0.7833,0.1456,0,2.9985,0
66,cpu_t4,0,122627,30870,0,1.2368,0.4049,0.1525,0,1.7942,0
66,cpu_t4,1,122627,30870,0,1.5988,0.7417,0.1474,0,2.4880,0
66,cpu_t4,2,122627,30870,0,1.6236,0.7601,0.2051,0,2.5889,0
66,cpu_t4,3,122627,30870,0,1.2402,0.4130,0.1484,0,1.8016,0
66,cpu_t4,4,122627,30870,0,1.3081,0.4116,0.1611,0,1.8808,0
66,cpu_t8,0,122627,30870,0,1.0310,0.3876,0.1475,0,1.5660,0
66,cpu_t8,1,122627,30870,0,1.0053,0.3595,0.1471,0,1.5118,0
66,cpu_t8,2,122627,30870,0,1.0053,0.3697,0.1473,0,1.5223,0
66,cpu_t8,3,122627,30870,0,0.9902,0.3685,0.1473,0,1.5060,0
66,cpu_t8,4,122627,30870,0,1.0060,0.3585,0.1476,0,1.5121,0
66,cpu_t16,0,122627,30870,0,0.7372,0.2058,0.1887,0,1.1317,0
66,cpu_t16,1,122627,30870,0,0.7421,0.2100,0.1866,0,1.1387,0
66,cpu_t16,2,122627,30870,0,0.8055,0.2068,0.1880,0,1.2002,0
66,cpu_t16,3,122627,30870,0,0.7467,0.2043,0.1876,0,1.1386,0
66,cpu_t16,4,122627,30870,0,0.7310,0.4014,0.1865,0,1.3189,0
66,gpu_thrust_uf,0,122627,30870,0.0833,1.1059,0.1083,0.2519,0.0289,1.6216,0
66,gpu_thrust_uf,1,122627,30870,0.0768,0.8246,0.0809,0.1976,0.0351,1.2433,0
66,gpu_thrust_uf,2,122627,30870,0.0780,1.6505,0.0502,0.1987,0.0319,2.0411,0
66,gpu_thrust_uf,3,122627,30870,0.0885,1.7311,0.0881,0.2017,0.0311,2.1670,0
66,gpu_thrust_uf,4,122627,30870,0.0881,0.8301,0.0778,0.1976,0.0227,1.2457,0
66,gpu_hash_uf,0,122627,30870,0.0766,0.2835,0.0860,0.2150,0.0487,0.7316,0
66,gpu_hash_uf,1,122627,30870,0.0777,0.2721,0.0584,0.1976,0.0284,0.6697,0
66,gpu_hash_uf,2,122627,30870,0.0778,0.2764,0.0778,0.1976,0.0263,0.6836,0
66,gpu_hash_uf,3,122627,30870,0.0777,0.2717,0.0532,0.1976,0.0659,0.6915,0
66,gpu_hash_uf,4,122627,30870,0.1148,0.2229,0.0543,0.1976,0.0274,0.6516,0
66,gpu_hash_prop,0,122627,30870,0.0804,0.2492,0.0778,10.1110,0.0475,10.5829,177
66,gpu_hash_prop,1,122627,30870,0.0896,1.1013,0.0584,11.0008,0.0263,12.3014,177
66,gpu_hash_prop,2,122627,30870,0.0784,0.2433,0.0532,13.0724,0.0458,13.5156,177
66,gpu_hash_prop,3,122627,30870,0.0784,0.2853,0.0788,13.6407,0.0544,14.1623,177
66,gpu_hash_prop,4,122627,30870,0.0883,0.2972,0.1024,12.6904,0.0350,13.2453,177
66,gpu_hash_prop16,0,122627,30870,0.0769,0.2831,0.0778,4.6203,0.0245,5.1050,192
66,gpu_hash_prop16,1,122627,30870,0.0795,0.2734,0.0563,6.1112,0.0295,6.5708,192
66,gpu_hash_prop16,2,122627,30870,0.1024,0.2152,0.0543,3.6997,0.0243,4.1281,192
66,gpu_hash_prop16,3,122627,30870,0.0798,0.2688,0.0543,4.1062,0.0259,4.5551,192
66,gpu_hash_prop16,4,122627,30870,0.0796,0.2752,0.0522,5.1466,0.0311,5.6053,192
67,cpu_t1,0,122763,31109,0,4.0203,1.4669,0.1664,0,5.6536,0
67,cpu_t1,1,122763,31109,0,3.9414,1.4811,0.1630,0,5.5855,0
67,cpu_t1,2,122763,31109,0,3.9846,1.7036,0.1646,0,5.8528,0
67,cpu_t1,3,122763,31109,0,3.9119,1.5237,0.1641,0,5.5998,0
67,cpu_t1,4,122763,31109,0,3.9131,1.5334,0.1628,0,5.6093,0
67,cpu_t2,0,122763,31109,0,2.1293,0.7910,0.1609,0,3.0812,0
67,cpu_t2,1,122763,31109,0,2.6461,0.7619,0.1626,0,3.5705,0
67,cpu_t2,2,122763,31109,0,2.0703,0.7857,0.1600,0,3.0160,0
67,cpu_t2,3,122763,31109,0,2.1174,0.8208,0.1615,0,3.0996,0
67,cpu_t2,4,122763,31109,0,2.4011,0.7865,0.1663,0,3.3539,0
67,cpu_t4,0,122763,31109,0,1.2284,0.4181,0.1946,0,1.8411,0
67,cpu_t4,1,122763,31109,0,1.6513,0.5534,0.2465,0,2.4513,0
67,cpu_t4,2,122763,31109,0,1.3520,0.4782,0.1636,0,1.9937,0
67,cpu_t4,3,122763,31109,0,1.2820,0.4188,0.1629,0,1.8637,0
67,cpu_t4,4,122763,31109,0,1.2384,0.4081,0.1742,0,1.8207,0
67,cpu_t8,0,122763,31109,0,1.0582,0.3918,0.2029,0,1.6529,0
67,cpu_t8,1,122763,31109,0,1.0764,0.4137,0.2120,0,1.7020,0
67,cpu_t8,2,122763,31109,0,1.0735,0.4201,0.2111,0,1.7046,0
67,cpu_t8,3,122763,31109,0,1.0699,0.4207,0.2109,0,1.7016,0
67,cpu_t8,4,122763,31109,0,1.0625,0.4099,0.2134,0,1.6858,0
67,cpu_t16,0,122763,31109,0,1.1308,0.2214,0.2157,0,1.5679,0
67,cpu_t16,1,122763,31109,0,0.7984,0.2962,0.2134,0,1.3079,0
67,cpu_t16,2,122763,31109,0,0.7495,0.2240,0.2046,0,1.1782,0
67,cpu_t16,3,122763,31109,0,0.7456,0.2211,0.2111,0,1.1779,0
67,cpu_t16,4,122763,31109,0,0.8393,0.2218,0.2365,0,1.2976,0
67,gpu_thrust_uf,0,122763,31109,0.0845,0.9064,0.1219,0.2140,0.0296,1.3959,0
67,gpu_thrust_uf,1,122763,31109,0.0819,0.7750,0.0829,0.2038,0.0282,1.2052,0
67,gpu_thrust_uf,2,122763,31109,0.0778,0.8477,0.0962,0.2488,0.0299,1.3265,0
67,gpu_thrust_uf,3,122763,31109,0.0770,0.9301,0.1146,0.3133,0.0309,1.4938,0
67,gpu_thrust_uf,4,122763,31109,0.0769,1.5977,0.0512,0.2058,0.0333,1.9945,0
67,gpu_hash_uf,0,122763,31109,0.0781,0.3227,0.0573,0.2048,0.0273,0.7135,0
67,gpu_hash_uf,1,122763,31109,0.0778,0.2797,0.0584,0.2048,0.0275,0.6731,0
67,gpu_hash_uf,2,122763,31109,0.0801,0.2789,0.0584,0.2048,0.0306,0.6787,0
67,gpu_hash_uf,3,122763,31109,0.0766,0.2839,0.1065,0.2058,0.0274,0.7285,0
67,gpu_hash_uf,4,122763,31109,0.0778,0.2734,0.0922,0.2048,0.0244,0.6986,0
67,gpu_hash_prop,0,122763,31109,0.0889,0.2791,0.1045,9.0439,0.0204,9.5595,153
67,gpu_hash_prop,1,122763,31109,0.0797,0.2256,0.0768,11.1032,0.0243,11.5301,153
67,gpu_hash_prop,2,122763,31109,0.0803,0.2329,0.0543,9.8611,0.0246,10.2740,153
67,gpu_hash_prop,3,122763,31109,0.0778,1.6145,0.0512,8.6077,0.0199,10.4108,153
67,gpu_hash_prop,4,122763,31109,0.0782,0.2265,0.0553,12.9290,0.0234,13.3449,153
67,gpu_hash_prop16,0,122763,31109,0.0804,0.2200,0.0717,2.3419,0.0325,2.7647,160
67,gpu_hash_prop16,1,122763,31109,0.0812,0.2655,0.0788,4.2588,0.0319,4.7430,160
67,gpu_hash_prop16,2,122763,31109,0.0780,0.2844,0.0543,4.7165,0.0351,5.1898,160
67,gpu_hash_prop16,3,122763,31109,0.0886,0.2196,0.0543,3.5369,0.0467,3.9766,160
67,gpu_hash_prop16,4,122763,31109,0.0798,0.2705,0.0573,3.2532,0.0279,3.7093,160
68,cpu_t1,0,122850,31093,0,4.5152,1.5604,0.1614,0,6.2370,0
68,cpu_t1,1,122850,31093,0,4.0613,1.4639,0.1462,0,5.6714,0
68,cpu_t1,2,122850,31093,0,3.9930,1.6743,0.1468,0,5.8141,0
68,cpu_t1,3,122850,31093,0,4.0110,1.4415,0.1460,0,5.5984,0
68,cpu_t1,4,122850,31093,0,3.9678,1.4769,0.1447,0,5.5895,0
68,cpu_t2,0,122850,31093,0,2.9016,1.0352,0.2091,0,4.1459,0
68,cpu_t2,1,122850,31093,0,2.2520,0.7316,0.1447,0,3.1283,0
68,cpu_t2,2,122850,31093,0,2.1567,0.7441,0.1687,0,3.0696,0
68,cpu_t2,3,122850,31093,0,2.1190,0.7315,0.1441,0,2.9946,0
68,cpu_t2,4,122850,31093,0,2.2260,1.1093,0.1467,0,3.4820,0
68,cpu_t4,0,122850,31093,0,1.6523,0.7791,0.1907,0,2.6220,0
68,cpu_t4,1,122850,31093,0,1.6140,0.7923,0.1930,0,2.5992,0
68,cpu_t4,2,122850,31093,0,1.6645,0.8184,0.1921,0,2.6750,0
68,cpu_t4,3,122850,31093,0,1.6451,0.8182,0.1910,0,2.6543,0
68,cpu_t4,4,122850,31093,0,1.6564,0.8211,0.1931,0,2.6707,0
68,cpu_t8,0,122850,31093,0,1.0428,0.4259,0.1968,0,1.6655,0
68,cpu_t8,1,122850,31093,0,1.0562,0.4001,0.1861,0,1.6424,0
68,cpu_t8,2,122850,31093,0,1.0450,0.4054,0.1936,0,1.6440,0
68,cpu_t8,3,122850,31093,0,1.5119,0.4180,0.1936,0,2.1235,0
68,cpu_t8,4,122850,31093,0,1.0926,0.4136,0.1980,0,1.7043,0
68,cpu_t16,0,122850,31093,0,1.3337,0.4189,0.1935,0,1.9462,0
68,cpu_t16,1,122850,31093,0,1.3876,0.4052,0.1908,0,1.9836,0
68,cpu_t16,2,122850,31093,0,1.3951,0.4040,0.1924,0,1.9914,0
68,cpu_t16,3,122850,31093,0,1.3935,0.4065,0.1921,0,1.9921,0
68,cpu_t16,4,122850,31093,0,1.4233,0.4445,0.1883,0,2.0561,0
68,gpu_thrust_uf,0,122850,31093,0.0803,2.0082,0.0532,0.1792,0.0301,2.3887,0
68,gpu_thrust_uf,1,122850,31093,0.0784,0.7092,0.0532,0.1812,0.0374,1.0885,0
68,gpu_thrust_uf,2,122850,31093,0.0779,0.8450,0.0543,0.1802,0.0332,1.2168,0
68,gpu_thrust_uf,3,122850,31093,0.0780,0.7762,0.0532,0.1812,0.0365,1.1506,0
68,gpu_thrust_uf,4,122850,31093,0.0779,0.8103,0.0502,0.1802,0.0367,1.1844,0
68,gpu_hash_uf,0,122850,31093,0.0778,0.2380,0.0502,0.1802,0.0312,0.5995,0
68,gpu_hash_uf,1,122850,31093,0.0817,0.2372,0.0532,0.1812,0.0320,0.6153,0
68,gpu_hash_uf,2,122850,31093,0.0779,0.2472,0.0573,0.1812,0.0288,0.6176,0
68,gpu_hash_uf,3,122850,31093,0.0768,0.2497,0.0553,0.1802,0.0283,0.6139,0
68,gpu_hash_uf,4,122850,31093,0.0778,0.2395,0.0500,0.1812,0.0318,0.6052,0
68,gpu_hash_prop,0,122850,31093,0.2945,0.3572,0.0666,26.6435,0.1033,27.5137,182
68,gpu_hash_prop,1,122850,31093,0.2981,0.5420,0.0829,19.4243,0.0316,20.4071,182
68,gpu_hash_prop,2,122850,31093,0.2982,0.3552,0.0758,17.5186,0.0630,18.3326,182
68,gpu_hash_prop,3,122850,31093,0.3293,6.0860,0.0696,11.8856,0.0307,18.4223,182
68,gpu_hash_prop,4,122850,31093,0.3197,5.8181,0.0737,24.0210,0.0477,30.3275,182
68,gpu_hash_prop16,0,122850,31093,0.2960,0.3479,0.0707,2.9911,0.0253,3.7549,192
68,gpu_hash_prop16,1,122850,31093,0.2964,0.2801,0.0676,9.3112,0.0366,10.0170,192
68,gpu_hash_prop16,2,122850,31093,0.2990,0.3857,0.0737,3.0085,0.0500,3.8616,192
68,gpu_hash_prop16,3,122850,31093,0.2946,0.2501,0.0666,6.8895,0.0350,7.5643,192
68,gpu_hash_prop16,4,122850,31093,0.2950,0.2872,0.0707,5.4845,0.0423,6.1988,192
69,cpu_t1,0,122945,31569,0,4.0536,1.6912,0.1693,0,5.9141,0
69,cpu_t1,1,122945,31569,0,4.1143,1.4934,0.1566,0,5.7642,0
69,cpu_t1,2,122945,31569,0,4.0876,1.5266,0.1553,0,5.7695,0
69,cpu_t1,3,122945,31569,0,4.0974,1.5638,0.1558,0,5.8170,0
69,cpu_t1,4,122945,31569,0,4.0416,1.5648,0.1552,0,5.7616,0
69,cpu_t2,0,122945,31569,0,2.2538,0.8086,0.1558,0,3.2182,0
69,cpu_t2,1,122945,31569,0,2.2152,0.8075,0.1555,0,3.1782,0
69,cpu_t2,2,122945,31569,0,2.1555,0.8008,0.1559,0,3.1122,0
69,cpu_t2,3,122945,31569,0,2.1074,0.8279,0.1566,0,3.0919,0
69,cpu_t2,4,122945,31569,0,2.1501,0.7909,0.1551,0,3.0961,0
69,cpu_t4,0,122945,31569,0,1.8179,0.6272,0.2374,0,2.6825,0
69,cpu_t4,1,122945,31569,0,1.2920,0.4008,0.1574,0,1.8501,0
69,cpu_t4,2,122945,31569,0,1.2408,0.4301,0.1605,0,1.8314,0
69,cpu_t4,3,122945,31569,0,1.2052,0.3934,0.1569,0,1.7556,0
69,cpu_t4,4,122945,31569,0,1.2309,0.4047,0.1573,0,1.7929,0
69,cpu_t8,0,122945,31569,0,1.0683,0.4347,0.1969,0,1.7000,0
69,cpu_t8,1,122945,31569,0,1.0268,0.4141,0.1765,0,1.6174,0
69,cpu_t8,2,122945,31569,0,1.0327,0.4104,0.1570,0,1.6002,0
69,cpu_t8,3,122945,31569,0,1.0565,0.4094,0.1590,0,1.6249,0
69,cpu_t8,4,122945,31569,0,0.9800,0.4048,0.1708,0,1.5555,0
69,cpu_t16,0,122945,31569,0,1.3180,0.3955,0.2223,0,1.9359,0
69,cpu_t16,1,122945,31569,0,1.4585,0.3857,0.1979,0,2.0422,0
69,cpu_t16,2,122945,31569,0,1.5245,0.3918,0.2304,0,2.1468,0
69,cpu_t16,3,122945,31569,0,1.4507,0.3517,0.1992,0,2.0016,0
69,cpu_t16,4,122945,31569,0,1.2458,0.3944,0.1930,0,1.8333,0
69,gpu_thrust_uf,0,122945,31569,0.2936,0.7226,0.0850,0.2089,0.0317,1.3043,0
69,gpu_thrust_uf,1,122945,31569,0.2997,0.7500,0.0573,0.2089,0.0366,1.3118,0
69,gpu_thrust_uf,2,122945,31569,0.2937,0.7250,0.0584,0.2079,0.0268,1.2634,0
69,gpu_thrust_uf,3,122945,31569,0.2950,0.6761,0.0614,0.2079,0.0405,1.2349,0
69,gpu_thrust_uf,4,122945,31569,0.2935,0.7058,0.0573,0.2079,0.0378,1.2544,0
69,gpu_hash_uf,0,122945,31569,0.2946,0.5848,0.0573,0.2089,0.0382,1.2116,0
69,gpu_hash_uf,1,122945,31569,0.3011,0.4179,0.0584,0.2089,0.0404,1.0012,0
69,gpu_hash_uf,2,122945,31569,0.2936,0.2577,0.0573,0.2079,0.0402,0.8384,0
69,gpu_hash_uf,3,122945,31569,0.2939,0.2552,0.0573,0.2079,0.0450,0.8359,0
69,gpu_hash_uf,4,122945,31569,0.2936,0.2606,0.0573,0.2079,0.0275,0.8249,0
69,gpu_hash_prop,0,122945,31569,0.2980,0.8738,0.0584,7.5899,0.0237,8.3780,162
69,gpu_hash_prop,1,122945,31569,0.2936,0.2315,0.0573,9.9185,0.0316,9.9651,162
69,gpu_hash_prop,2,122945,31569,0.2998,0.2494,0.0614,7.7793,0.0213,7.9705,162
69,gpu_hash_prop,3,122945,31569,0.2951,0.2590,0.0686,8.8556,0.0220,8.9991,162
69,gpu_hash_prop,4,122945,31569,0.2935,0.2440,0.0573,9.9348,0.0340,9.9942,162
69,gpu_hash_prop16,0,122945,31569,0.2948,0.2250,0.0604,2.4054,0.0220,2.8609,176
69,gpu_hash_prop16,1,122945,31569,0.2936,0.2209,0.0573,2.5221,0.0341,2.9736,176
69,gpu_hash_prop16,2,122945,31569,0.2936,0.2333,0.0573,2.3900,0.0255,2.8531,176
69,gpu_hash_prop16,3,122945,31569,0.2948,0.2229,0.0573,3.5492,0.0322,3.9459,176
69,gpu_hash_prop16,4,122945,31569,0.2952,0.7639,0.0645,2.4535,0.0332,3.4287,176
70,cpu_t1,0,122973,31654,0,3.8631,1.5244,0.1803,0,5.5679,0
70,cpu_t1,1,122973,31654,0,4.1770,1.3400,0.1456,0,5.6625,0
70,cpu_t1,2,122973,31654,0,3.8633,1.5709,0.1646,0,5.5988,0
70,cpu_t1,3,122973,31654,0,3.9056,1.3476,0.1430,0,5.3963,0
70,cpu_t1,4,122973,31654,0,3.9637,1.4008,0.1439,0,5.5084,0
70,cpu_t2,0,122973,31654,0,2.2139,0.6850,0.1439,0,3.0428,0
70,cpu_t2,1,122973,31654,0,2.0348,0.6778,0.1432,0,2.8559,0
70,cpu_t2,2,122973,31654,0,2.0380,0.6940,0.1676,0,2.8996,0
70,cpu_t2,3,122973,31654,0,2.0114,0.6753,0.1425,0,2.8292,0
70,cpu_t2,4,122973,31654,0,1.9904,0.7287,0.1443,0,2.8634,0
70,cpu_t4,0,122973,31654,0,1.2829,0.3576,0.1455,0,1.7860,0
70,cpu_t4,1,122973,31654,0,1.1874,0.3611,0.1448,0,1.6933,0
70,cpu_t4,2,122973,31654,0,1.2415,0.3785,0.1510,0,1.7710,0
70,cpu_t4,3,122973,31654,0,1.2000,0.3649,0.1412,0,1.7061,0
70,cpu_t4,4,122973,31654,0,1.1751,0.4186,0.1427,0,1.7364,0
70,cpu_t8,0,122973,31654,0,0.8934,0.2686,0.1438,0,1.3058,0
70,cpu_t8,1,122973,31654,0,0.9918,0.3890,0.2013,0,1.5822,0
70,cpu_t8,2,122973,31654,0,0.9703,0.2578,0.1957,0,1.4237,0
70,cpu_t8,3,122973,31654,0,1.0084,0.3836,0.2037,0,1.5958,0
70,cpu_t8,4,122973,31654,0,0.9996,0.3789,0.1558,0,1.5343,0
70,cpu_t16,0,122973,31654,0,1.2951,0.2996,0.1837,0,1.7784,0
70,cpu_t16,1,122973,31654,0,1.3159,0.3636,0.1836,0,1.8631,0
70,cpu_t16,2,122973,31654,0,1.4283,0.3704,0.1811,0,1.9798,0
70,cpu_t16,3,122973,31654,0,1.3908,0.3186,0.1832,0,1.8927,0
70,cpu_t16,4,122973,31654,0,1.3339,0.3241,0.1815,0,1.8395,0
70,gpu_thrust_uf,0,122973,31654,0.3417,0.8428,0.0922,0.2929,0.0332,1.5557,0
70,gpu_thrust_uf,1,122973,31654,0.2937,0.7451,0.0614,0.2540,0.0350,1.3375,0
70,gpu_thrust_uf,2,122973,31654,0.2939,1.0069,0.0922,0.2939,0.0359,1.6559,0
70,gpu_thrust_uf,3,122973,31654,0.2984,0.6982,0.0911,0.2929,0.0434,1.3755,0
70,gpu_thrust_uf,4,122973,31654,0.2948,0.6563,0.0614,0.2939,0.0299,1.2923,0
70,gpu_hash_uf,0,122973,31654,0.2950,0.2364,0.0573,0.2939,0.0315,0.8888,0
70,gpu_hash_uf,1,122973,31654,0.2980,0.2208,0.0614,0.2929,0.0372,0.8892,0
70,gpu_hash_uf,2,122973,31654,0.2973,0.2252,0.0584,0.2929,0.0277,0.8820,0
70,gpu_hash_uf,3,122973,31654,0.2936,0.2590,0.0573,0.2550,0.0293,0.8700,0
70,gpu_hash_uf,4,122973,31654,0.2938,0.2646,0.0573,0.2939,0.0318,0.9159,0
70,gpu_hash_prop,0,122973,31654,0.2948,0.2210,0.0563,14.2182,0.0981,14.0763,187
70,gpu_hash_prop,1,122973,31654,0.2934,0.3886,0.0963,19.1590,0.0355,18.8786,187
70,gpu_hash_prop,2,122973,31654,0.2948,0.4153,0.1075,19.7356,0.1044,19.5232,187
70,gpu_hash_prop,3,122973,31654,0.3435,0.8257,0.0584,18.9052,0.0952,19.1299,187
70,gpu_hash_prop,4,122973,31654,0.2937,0.4882,0.1249,18.7034,0.0955,18.6309,187
70,gpu_hash_prop16,0,122973,31654,0.2948,0.2651,0.0645,4.0193,0.0283,4.4328,192
70,gpu_hash_prop16,1,122973,31654,0.2996,0.2758,0.0623,3.0495,0.0314,3.5447,192
70,gpu_hash_prop16,2,122973,31654,0.2946,0.2334,0.0645,2.9921,0.0221,3.4266,192
70,gpu_hash_prop16,3,122973,31654,0.2938,0.2250,0.0573,2.6716,0.0253,3.1113,192
70,gpu_hash_prop16,4,122973,31654,0.2951,0.2641,0.0573,3.6598,0.0231,4.0804,192
71,cpu_t1,0,123038,31877,0,3.7950,1.3637,0.2089,0,5.3676,0
71,cpu_t1,1,123038,31877,0,3.7567,1.4058,0.1641,0,5.3266,0
71,cpu_t1,2,123038,31877,0,3.7309,1.3914,0.1526,0,5.2749,0
71,cpu_t1,3,123038,31877,0,3.7826,1.3883,0.1531,0,5.3239,0
71,cpu_t1,4,123038,31877,0,3.8168,1.4261,0.1653,0,5.4083,0
71,cpu_t2,0,123038,31877,0,2.0948,0.6919,0.1529,0,2.9397,0
71,cpu_t2,1,123038,31877,0,2.1964,0.7054,0.1638,0,3.0655,0
71,cpu_t2,2,123038,31877,0,2.0653,0.7463,0.1558,0,2.9674,0
71,cpu_t2,3,123038,31877,0,2.0778,0.6967,0.1554,0,2.9298,0
71,cpu_t2,4,123038,31877,0,2.1438,0.6856,0.1542,0,2.9836,0
71,cpu_t4,0,123038,31877,0,1.1811,0.3816,0.1530,0,1.7157,0
71,cpu_t4,1,123038,31877,0,1.2020,0.3915,0.1578,0,1.7512,0
71,cpu_t4,2,123038,31877,0,1.3642,0.3815,0.1538,0,1.8995,0
71,cpu_t4,3,123038,31877,0,1.1810,0.3755,0.1524,0,1.7088,0
71,cpu_t4,4,123038,31877,0,1.1883,0.3825,0.1528,0,1.7236,0
71,cpu_t8,0,123038,31877,0,1.0678,0.3784,0.1952,0,1.6414,0
71,cpu_t8,1,123038,31877,0,0.9534,0.3887,0.1556,0,1.4977,0
71,cpu_t8,2,123038,31877,0,0.9635,0.3776,0.1538,0,1.4949,0
71,cpu_t8,3,123038,31877,0,0.9445,0.3735,0.1599,0,1.4779,0
71,cpu_t8,4,123038,31877,0,0.9574,0.3735,0.1554,0,1.4863,0
71,cpu_t16,0,123038,31877,0,1.3273,0.3441,0.1955,0,1.8669,0
71,cpu_t16,1,123038,31877,0,1.4266,0.4887,0.2082,0,2.1235,0
71,cpu_t16,2,123038,31877,0,1.3240,0.3156,0.2056,0,1.8452,0
71,cpu_t16,3,123038,31877,0,1.3589,0.4138,0.1990,0,1.9717,0
71,cpu_t16,4,123038,31877,0,1.2876,0.3650,0.2277,0,1.8802,0
71,gpu_thrust_uf,0,123038,31877,0.3133,0.7796,0.0901,0.2601,0.0305,1.4321,0
71,gpu_thrust_uf,1,123038,31877,0.2953,0.6391,0.0655,0.2591,0.0326,1.2442,0
71,gpu_thrust_uf,2,123038,31877,0.2950,0.6854,0.0942,0.2601,0.0313,1.3147,0
71,gpu_thrust_uf,3,123038,31877,0.2986,0.5745,0.0614,0.2591,0.0286,1.1868,0
71,gpu_thrust_uf,4,123038,31877,0.2952,0.5714,0.0614,0.2601,0.0286,1.1742,0
71,gpu_hash_uf,0,123038,31877,0.3011,0.4601,0.0614,0.2601,0.0349,1.0794,0
71,gpu_hash_uf,1,123038,31877,0.2941,0.2272,0.0573,0.2601,0.0397,0.8588,0
71,gpu_hash_uf,2,123038,31877,0.2940,0.2399,0.0573,0.2601,0.0412,0.8698,0
71,gpu_hash_uf,3,123038,31877,0.2937,0.2414,0.0573,0.2601,0.0532,0.8826,0
71,gpu_hash_uf,4,123038,31877,0.2940,0.2284,0.0584,0.2601,0.0370,0.8568,0
71,gpu_hash_prop,0,123038,31877,0.2938,0.2534,0.0573,15.7133,0.0361,15.4567,160
71,gpu_hash_prop,1,123038,31877,0.2940,0.3814,0.0840,25.5601,0.0936,24.9624,160
71,gpu_hash_prop,2,123038,31877,0.2956,0.4567,0.1331,21.3484,0.0366,21.0449,160
71,gpu_hash_prop,3,123038,31877,0.2982,0.3203,0.0676,15.3344,0.0315,15.1749,160
71,gpu_hash_prop,4,123038,31877,0.2986,0.3064,0.0625,15.8034,0.0335,15.5974,160
71,gpu_hash_prop16,0,123038,31877,0.2956,0.3565,0.0594,2.5928,0.0377,3.1791,160
71,gpu_hash_prop16,1,123038,31877,0.2938,0.2255,0.0625,2.4904,0.0268,2.9458,160
71,gpu_hash_prop16,2,123038,31877,0.2938,0.2328,0.0655,8.4767,0.0368,8.6171,160
71,gpu_hash_prop16,3,123038,31877,0.2964,0.3999,0.0625,2.5876,0.0427,3.2230,160
71,gpu_hash_prop16,4,123038,31877,0.2949,0.2302,0.0604,2.5354,0.0371,3.0059,160
72,cpu_t1,0,123007,31600,0,3.7284,1.3887,0.1418,0,5.2589,0
72,cpu_t1,1,123007,31600,0,3.6667,1.4672,0.1378,0,5.2716,0
72,cpu_t1,2,123007,31600,0,3.7185,1.4375,0.1369,0,5.2928,0
72,cpu_t1,3,123007,31600,0,3.6998,1.6200,0.1926,0,5.5124,0
72,cpu_t1,4,123007,31600,0,3.7987,1.4554,0.1375,0,5.3916,0
72,cpu_t2,0,123007,31600,0,2.0228,0.7387,0.1510,0,2.9124,0
72,cpu_t2,1,123007,31600,0,2.0726,0.7020,0.1364,0,2.9109,0
72,cpu_t2,2,123007,31600,0,2.0431,0.7078,0.1350,0,2.8860,0
72,cpu_t2,3,123007,31600,0,2.0455,0.8998,0.1356,0,3.0808,0
72,cpu_t2,4,123007,31600,0,2.0251,0.7463,0.1448,0,2.9162,0
72,cpu_t4,0,123007,31600,0,1.2303,0.3857,0.1359,0,1.7519,0
72,cpu_t4,1,123007,31600,0,1.3801,0.7498,0.1809,0,2.3109,0
72,cpu_t4,2,123007,31600,0,1.4883,0.7698,0.1398,0,2.3980,0
72,cpu_t4,3,123007,31600,0,1.5616,0.7705,0.1403,0,2.4723,0
72,cpu_t4,4,123007,31600,0,1.5651,0.7335,0.1382,0,2.4368,0
72,cpu_t8,0,123007,31600,0,0.9368,0.3934,0.1369,0,1.4672,0
72,cpu_t8,1,123007,31600,0,0.9552,0.3588,0.1374,0,1.4514,0
72,cpu_t8,2,123007,31600,0,1.0070,0.4006,0.1764,0,1.5840,0
72,cpu_t8,3,123007,31600,0,1.0151,0.3713,0.1393,0,1.5256,0
72,cpu_t8,4,123007,31600,0,0.9328,0.3867,0.1376,0,1.4570,0
72,cpu_t16,0,123007,31600,0,0.7716,0.2055,0.1776,0,1.1548,0
72,cpu_t16,1,123007,31600,0,0.9373,0.2145,0.1841,0,1.3359,0
72,cpu_t16,2,123007,31600,0,0.8491,0.2397,0.1747,0,1.2635,0
72,cpu_t16,3,123007,31600,0,0.7885,0.2035,0.2132,0,1.2052,0
72,cpu_t16,4,123007,31600,0,0.7268,0.2785,0.1739,0,1.1792,0
72,gpu_thrust_uf,0,123007,31600,0.0798,0.9660,0.0584,0.1812,0.0284,1.2810,0
72,gpu_thrust_uf,1,123007,31600,0.0801,3.2055,0.0522,0.1823,0.0296,3.3819,0
72,gpu_thrust_uf,2,123007,31600,0.1037,0.9279,0.0676,0.2427,0.0787,1.3832,0
72,gpu_thrust_uf,3,123007,31600,0.0773,0.9627,0.1810,0.3420,0.0533,1.5805,0
72,gpu_thrust_uf,4,123007,31600,0.0951,0.7624,0.0584,0.1812,0.0266,1.0898,0
72,gpu_hash_uf,0,123007,31600,0.0779,0.2149,0.0553,0.1802,0.0281,0.5461,0
72,gpu_hash_uf,1,123007,31600,0.0807,0.2096,0.0553,0.1802,0.0306,0.5494,0
72,gpu_hash_uf,2,123007,31600,0.0779,0.2236,0.0635,0.1802,0.0373,0.5734,0
72,gpu_hash_uf,3,123007,31600,0.0771,0.2244,0.0594,0.1802,0.0495,0.5848,0
72,gpu_hash_uf,4,123007,31600,0.0808,0.2089,0.0553,0.1802,0.0299,0.5495,0
72,gpu_hash_prop,0,123007,31600,0.0779,0.2396,0.0553,13.0273,0.0281,12.6978,192
72,gpu_hash_prop,1,123007,31600,0.0776,0.2320,0.0593,15.9109,0.1125,15.5239,192
72,gpu_hash_prop,2,123007,31600,0.0796,0.6950,0.1137,17.6486,0.0319,17.5598,192
72,gpu_hash_prop,3,123007,31600,0.0786,0.2288,0.0522,13.1901,0.0247,12.8360,192
72,gpu_hash_prop,4,123007,31600,0.1007,0.2736,0.0553,12.0361,0.0259,11.8201,192
72,gpu_hash_prop16,0,123007,31600,0.0784,0.2086,0.0543,3.0618,0.0274,3.2590,192
72,gpu_hash_prop16,1,123007,31600,0.0770,0.2192,0.0543,2.9133,0.0401,3.1383,192
72,gpu_hash_prop16,2,123007,31600,0.0779,0.2738,0.0563,3.8369,0.0343,4.0634,192
72,gpu_hash_prop16,3,123007,31600,0.0820,0.2118,0.0543,4.9101,0.0469,5.0369,192
72,gpu_hash_prop16,4,123007,31600,0.0886,0.2196,0.0512,2.5518,0.0407,2.8232,192
73,cpu_t1,0,123012,31554,0,3.9735,1.6032,0.1468,0,5.7235,0
73,cpu_t1,1,123012,31554,0,3.8271,1.3946,0.1446,0,5.3663,0
73,cpu_t1,2,123012,31554,0,3.7774,1.3647,0.1425,0,5.2846,0
73,cpu_t1,3,123012,31554,0,3.7836,1.3957,0.1420,0,5.3213,0
73,cpu_t1,4,123012,31554,0,3.7016,1.3920,0.1426,0,5.2362,0
73,cpu_t2,0,123012,31554,0,2.0800,0.7243,0.1399,0,2.9442,0
73,cpu_t2,1,123012,31554,0,2.0318,0.7306,0.1499,0,2.9122,0
73,cpu_t2,2,123012,31554,0,2.0202,0.7423,0.1396,0,2.9021,0
73,cpu_t2,3,123012,31554,0,2.1129,0.9288,0.1524,0,3.1941,0
73,cpu_t2,4,123012,31554,0,2.0888,0.7369,0.1405,0,2.9662,0
73,cpu_t4,0,123012,31554,0,1.5399,0.7951,0.1429,0,2.4779,0
73,cpu_t4,1,123012,31554,0,1.4992,0.7629,0.1418,0,2.4040,0
73,cpu_t4,2,123012,31554,0,1.5087,0.7595,0.1406,0,2.4088,0
73,cpu_t4,3,123012,31554,0,1.7802,0.8503,0.1783,0,2.8089,0
73,cpu_t4,4,123012,31554,0,1.4375,0.4137,0.1428,0,1.9941,0
73,cpu_t8,0,123012,31554,0,0.7946,0.2064,0.1425,0,1.1435,0
73,cpu_t8,1,123012,31554,0,0.7724,0.2141,0.1516,0,1.1381,0
73,cpu_t8,2,123012,31554,0,0.8086,0.2284,0.1523,0,1.1893,0
73,cpu_t8,3,123012,31554,0,0.8385,0.3870,0.1411,0,1.3665,0
73,cpu_t8,4,123012,31554,0,0.9402,0.3894,0.1407,0,1.4703,0
73,cpu_t16,0,123012,31554,0,0.7691,0.2048,0.1795,0,1.1534,0
73,cpu_t16,1,123012,31554,0,0.8204,0.2144,0.1792,0,1.2139,0
73,cpu_t16,2,123012,31554,0,0.6995,0.2146,0.1787,0,1.0928,0
73,cpu_t16,3,123012,31554,0,0.7644,0.2207,0.1778,0,1.1629,0
73,cpu_t16,4,123012,31554,0,0.7637,0.2053,0.1805,0,1.1496,0
73,gpu_thrust_uf,0,123012,31554,0.0826,0.9028,0.0590,0.2560,0.0280,1.2907,0
73,gpu_thrust_uf,1,123012,31554,0.0822,0.8309,0.0676,0.3881,0.0519,1.4030,0
73,gpu_thrust_uf,2,123012,31554,0.0774,2.0913,0.0553,0.2570,0.0497,2.4184,0
73,gpu_thrust_uf,3,123012,31554,0.0847,1.8848,0.0707,0.3144,0.0268,2.2955,0
73,gpu_thrust_uf,4,123012,31554,0.0834,0.9596,0.1372,0.4045,0.0387,1.5848,0
73,gpu_hash_uf,0,123012,31554,0.0821,0.7250,0.1137,0.3144,0.0492,1.2635,0
73,gpu_hash_uf,1,123012,31554,0.0912,0.6986,0.1116,0.3748,0.0534,1.3121,0
73,gpu_hash_uf,2,123012,31554,0.1226,1.0994,0.1710,0.5386,0.0287,1.9048,0
73,gpu_hash_uf,3,123012,31554,0.1282,1.0637,0.1483,0.5110,0.0835,1.8614,0
73,gpu_hash_uf,4,123012,31554,0.1382,1.0988,0.1759,0.6810,0.0939,2.0945,0
73,gpu_hash_prop,0,123012,31554,0.0891,0.2419,0.0512,11.6214,0.0260,11.3862,158
73,gpu_hash_prop,1,123012,31554,0.0812,0.2790,0.1004,12.1856,0.0441,11.9991,158
73,gpu_hash_prop,2,123012,31554,0.0780,0.2805,0.1024,8.9478,0.0295,8.9341,158
73,gpu_hash_prop,3,123012,31554,0.0779,0.2359,0.0553,13.2506,0.0334,12.9172,158
73,gpu_hash_prop,4,123012,31554,0.0785,0.2572,0.0553,11.7402,0.0529,11.5225,158
73,gpu_hash_prop16,0,123012,31554,0.0779,0.2412,0.0513,3.7304,0.0439,3.9309,160
73,gpu_hash_prop16,1,123012,31554,0.0814,0.2180,0.0553,4.7944,0.0438,4.9265,160
73,gpu_hash_prop16,2,123012,31554,0.0829,0.3344,0.0655,2.3687,0.0295,2.7433,160
73,gpu_hash_prop16,3,123012,31554,0.0770,0.2162,0.0584,2.3828,0.0275,2.6239,160
73,gpu_hash_prop16,4,123012,31554,0.0768,0.2197,0.0543,2.2170,0.0284,2.4698,160
74,cpu_t1,0,123048,31491,0,3.7223,1.4601,0.1425,0,5.3249,0
74,cpu_t1,1,123048,31491,0,3.7124,1.4483,0.1427,0,5.3034,0
74,cpu_t1,2,123048,31491,0,3.7405,1.4675,0.1409,0,5.3490,0
74,cpu_t1,3,123048,31491,0,3.6958,1.4901,0.1501,0,5.3360,0
74,cpu_t1,4,123048,31491,0,3.6728,1.4423,0.1416,0,5.2568,0
74,cpu_t2,0,123048,31491,0,2.0125,0.7790,0.1395,0,2.9311,0
74,cpu_t2,1,123048,31491,0,1.9759,0.7398,0.1384,0,2.8542,0
74,cpu_t2,2,123048,31491,0,2.0357,0.7468,0.1385,0,2.9210,0
74,cpu_t2,3,123048,31491,0,1.9978,0.8264,0.1394,0,2.9636,0
74,cpu_t2,4,123048,31491,0,1.9930,0.8062,0.1390,0,2.9382,0
74,cpu_t4,0,123048,31491,0,1.2044,0.4259,0.1472,0,1.7776,0
74,cpu_t4,1,123048,31491,0,1.2326,0.3902,0.1447,0,1.7675,0
74,cpu_t4,2,123048,31491,0,1.1581,0.4294,0.1617,0,1.7492,0
74,cpu_t4,3,123048,31491,0,1.2068,0.3808,0.1530,0,1.7406,0
74,cpu_t4,4,123048,31491,0,1.2163,0.4056,0.1396,0,1.7615,0
74,cpu_t8,0,123048,31491,0,0.9886,0.4099,0.1422,0,1.5407,0
74,cpu_t8,1,123048,31491,0,1.0897,0.4107,0.1437,0,1.6441,0
74,cpu_t8,2,123048,31491,0,0.9722,0.4070,0.1406,0,1.5198,0
74,cpu_t8,3,123048,31491,0,0.9501,0.4064,0.1523,0,1.5088,0
74,cpu_t8,4,123048,31491,0,0.9807,0.4207,0.1838,0,1.5852,0
74,cpu_t16,0,123048,31491,0,0.8082,0.2135,0.1869,0,1.2087,0
74,cpu_t16,1,123048,31491,0,0.7055,0.2772,0.1848,0,1.1675,0
74,cpu_t16,2,123048,31491,0,0.8313,0.5422,0.2545,0,1.6280,0
74,cpu_t16,3,123048,31491,0,1.4663,0.4585,0.2009,0,2.1256,0
74,cpu_t16,4,123048,31491,0,1.3178,0.3361,0.1876,0,1.8415,0
74,gpu_thrust_uf,0,123048,31491,0.0822,0.9525,0.0543,0.2601,0.0367,1.3423,0
74,gpu_thrust_uf,1,123048,31491,0.0821,0.8051,0.0788,0.2591,0.0247,1.2107,0
74,gpu_thrust_uf,2,123048,31491,0.0770,0.7277,0.0635,0.2601,0.0271,1.1142,0
74,gpu_thrust_uf,3,123048,31491,0.0808,0.7777,0.0840,0.2601,0.0236,1.1788,0
74,gpu_thrust_uf,4,123048,31491,0.0779,1.0768,0.0543,0.2601,0.0265,1.4357,0
74,gpu_hash_uf,0,123048,31491,0.0798,0.2348,0.0584,0.2591,0.0342,0.6502,0
74,gpu_hash_uf,1,123048,31491,0.0781,0.2202,0.0594,0.2591,0.0296,0.6327,0
74,gpu_hash_uf,2,123048,31491,0.0780,1.3809,0.0512,0.2611,0.0280,1.7239,0
74,gpu_hash_uf,3,123048,31491,0.0817,0.2353,0.0584,0.2601,0.0122,0.6436,0
74,gpu_hash_uf,4,123048,31491,0.0856,1.5450,0.0584,0.2611,0.0225,1.8866,0
74,gpu_hash_prop,0,123048,31491,0.0815,0.3535,0.1229,20.6244,0.0312,20.0472,196
74,gpu_hash_prop,1,123048,31491,0.0781,0.3797,0.1137,20.9760,0.0873,20.4436,196
74,gpu_hash_prop,2,123048,31491,0.0786,0.3686,0.0511,13.9878,0.0573,13.7575,196
74,gpu_hash_prop,3,123048,31491,0.0780,0.3008,0.0799,14.5111,0.0286,14.1854,196
74,gpu_hash_prop,4,123048,31491,0.0795,0.2152,0.0635,13.6284,0.0309,13.2598,196
74,gpu_hash_prop16,0,123048,31491,0.0769,0.2290,0.0512,3.2768,0.0148,3.4654,208
74,gpu_hash_prop16,1,123048,31491,0.0803,0.2685,0.0584,6.4031,0.0243,6.4734,208
74,gpu_hash_prop16,2,123048,31491,0.0776,0.2162,0.0543,3.8554,0.0344,4.0220,208
74,gpu_hash_prop16,3,123048,31491,0.1114,0.2892,0.0584,3.8769,0.0222,4.1450,208
74,gpu_hash_prop16,4,123048,31491,0.0779,0.2790,0.0809,6.7174,0.0253,6.8017,208
75,cpu_t1,0,123092,31395,0,3.7783,1.4619,0.1450,0,5.3852,0
75,cpu_t1,1,123092,31395,0,3.8042,1.4766,0.1674,0,5.4482,0
75,cpu_t1,2,123092,31395,0,3.7120,1.4836,0.1515,0,5.3471,0
75,cpu_t1,3,123092,31395,0,3.7474,1.3906,0.1441,0,5.2822,0
75,cpu_t1,4,123092,31395,0,3.7323,1.4542,0.1621,0,5.3486,0
75,cpu_t2,0,123092,31395,0,2.4722,0.7424,0.1444,0,3.3590,0
75,cpu_t2,1,123092,31395,0,2.0984,0.9349,0.1699,0,3.2032,0
75,cpu_t2,2,123092,31395,0,2.2839,0.7396,0.1550,0,3.1786,0
75,cpu_t2,3,123092,31395,0,2.0000,0.8169,0.1438,0,2.9607,0
75,cpu_t2,4,123092,31395,0,2.1667,0.8525,0.1567,0,3.1758,0
75,cpu_t4,0,123092,31395,0,1.5535,0.7590,0.1480,0,2.4605,0
75,cpu_t4,1,123092,31395,0,1.1811,0.3797,0.1448,0,1.7057,0
75,cpu_t4,2,123092,31395,0,1.1486,0.4267,0.1549,0,1.7302,0
75,cpu_t4,3,123092,31395,0,1.1577,0.3613,0.1438,0,1.6627,0
75,cpu_t4,4,123092,31395,0,1.1850,0.3625,0.1430,0,1.6906,0
75,cpu_t8,0,123092,31395,0,0.9896,0.4141,0.1442,0,1.5479,0
75,cpu_t8,1,123092,31395,0,1.1585,0.3796,0.1917,0,1.7298,0
75,cpu_t8,2,123092,31395,0,1.0025,0.3965,0.1879,0,1.5870,0
75,cpu_t8,3,123092,31395,0,0.9614,0.3855,0.1834,0,1.5303,0
75,cpu_t8,4,123092,31395,0,0.9884,0.3978,0.1885,0,1.5747,0
75,cpu_t16,0,123092,31395,0,1.1579,0.3980,0.1879,0,1.7437,0
75,cpu_t16,1,123092,31395,0,1.8603,0.4592,0.1835,0,2.5030,0
75,cpu_t16,2,123092,31395,0,1.4848,0.3479,0.1833,0,2.0160,0
75,cpu_t16,3,123092,31395,0,1.2992,0.3400,0.1840,0,1.8233,0
75,cpu_t16,4,123092,31395,0,1.1510,0.2617,0.1863,0,1.5990,0
75,gpu_thrust_uf,0,123092,31395,0.0780,0.9009,0.0594,0.2058,0.0303,1.2396,0
75,gpu_thrust_uf,1,123092,31395,0.0855,0.7735,0.0993,0.3052,0.0294,1.2631,0
75,gpu_thrust_uf,2,123092,31395,0.0780,0.8857,0.0512,0.2058,0.0376,1.2180,0
75,gpu_thrust_uf,3,123092,31395,0.0780,0.7388,0.0799,0.2048,0.0209,1.0884,0
75,gpu_thrust_uf,4,123092,31395,0.0780,0.8151,0.0778,0.2048,0.0237,1.1599,0
75,gpu_hash_uf,0,123092,31395,0.0808,0.2582,0.0543,0.2058,0.0244,0.6128,0
75,gpu_hash_uf,1,123092,31395,0.0780,0.2067,0.0543,0.2058,0.0423,0.5837,0
75,gpu_hash_uf,2,123092,31395,0.1108,1.4836,0.0532,0.1976,0.0361,1.8078,0
75,gpu_hash_uf,3,123092,31395,0.0782,0.2244,0.0553,0.2048,0.0298,0.5895,0
75,gpu_hash_uf,4,123092,31395,0.0780,0.2789,0.0788,0.2058,0.0250,0.6591,0
75,gpu_hash_prop,0,123092,31395,0.0820,0.3189,0.0850,19.2287,0.0299,18.6685,176
75,gpu_hash_prop,1,123092,31395,0.0782,0.3180,0.0973,19.4202,0.0827,18.8977,176
75,gpu_hash_prop,2,123092,31395,0.0786,0.3668,0.0963,19.9055,0.0321,19.3578,176
75,gpu_hash_prop,3,123092,31395,0.0983,1.9324,0.0553,18.9563,0.0893,19.9806,176
75,gpu_hash_prop,4,123092,31395,0.1004,0.4693,0.0512,17.2452,0.0258,16.9196,176
75,gpu_hash_prop16,0,123092,31395,0.0780,0.2794,0.0819,3.8932,0.0358,4.1447,176
75,gpu_hash_prop16,1,123092,31395,0.0774,0.2773,0.0645,5.9802,0.0249,6.0926,176
75,gpu_hash_prop16,2,123092,31395,0.0810,0.2711,0.0584,4.0376,0.0252,4.2420,176
75,gpu_hash_prop16,3,123092,31395,0.0798,0.2709,0.0594,3.9864,0.0253,4.1934,176
75,gpu_hash_prop16,4,123092,31395,0.0802,0.2916,0.0788,5.8634,0.0232,6.0014,176
76,cpu_t1,0,122965,31258,0,3.7607,1.4217,0.1362,0,5.3186,0
76,cpu_t1,1,122965,31258,0,3.7313,1.4243,0.1357,0,5.2913,0
76,cpu_t1,2,122965,31258,0,3.7647,1.3815,0.1357,0,5.2819,0
76,cpu_t1,3,122965,31258,0,3.7269,1.4817,0.1351,0,5.3436,0
76,cpu_t1,4,122965,31258,0,3.6899,1.5455,0.1346,0,5.3700,0
76,cpu_t2,0,122965,31258,0,1.9812,0.9133,0.1346,0,3.0290,0
76,cpu_t2,1,122965,31258,0,2.3144,0.8003,0.1356,0,3.2503,0
76,cpu_t2,2,122965,31258,0,2.1384,0.8085,0.1444,0,3.0913,0
76,cpu_t2,3,122965,31258,0,2.0837,0.7348,0.1356,0,2.9540,0
76,cpu_t2,4,122965,31258,0,2.0221,0.7296,0.1373,0,2.8891,0
76,cpu_t4,0,122965,31258,0,1.2402,0.4309,0.1390,0,1.8101,0
76,cpu_t4,1,122965,31258,0,1.2159,0.3935,0.1339,0,1.7433,0
76,cpu_t4,2,122965,31258,0,1.1707,0.4895,0.1349,0,1.7952,0
76,cpu_t4,3,122965,31258,0,1.2790,0.4171,0.1347,0,1.8309,0
76,cpu_t4,4,122965,31258,0,1.8119,0.8146,0.1388,0,2.7653,0
76,cpu_t8,0,122965,31258,0,0.9972,0.4271,0.1354,0,1.5597,0
76,cpu_t8,1,122965,31258,0,0.9596,0.3843,0.1350,0,1.4788,0
76,cpu_t8,2,122965,31258,0,0.9748,0.3782,0.1649,0,1.5180,0
76,cpu_t8,3,122965,31258,0,0.9967,0.3931,0.1680,0,1.5578,0
76,cpu_t8,4,122965,31258,0,1.0032,0.3461,0.1687,0,1.5180,0
76,cpu_t16,0,122965,31258,0,1.2731,0.4751,0.1677,0,1.9159,0
76,cpu_t16,1,122965,31258,0,0.7951,0.2093,0.1789,0,1.1833,0
76,cpu_t16,2,122965,31258,0,0.7319,0.2045,0.1754,0,1.1118,0
76,cpu_t16,3,122965,31258,0,0.7615,0.2067,0.1743,0,1.1424,0
76,cpu_t16,4,122965,31258,0,0.7676,0.2042,0.1792,0,1.1510,0
76,gpu_thrust_uf,0,122965,31258,0.0861,1.5144,0.0870,0.2120,0.0343,1.8628,0
76,gpu_thrust_uf,1,122965,31258,0.0783,2.2326,0.0584,0.2120,0.0266,2.4887,0
76,gpu_thrust_uf,2,122965,31258,0.0783,0.7869,0.0788,0.2109,0.0293,1.1420,0
76,gpu_thrust_uf,3,122965,31258,0.0769,0.8703,0.0553,0.2109,0.0266,1.1962,0
76,gpu_thrust_uf,4,122965,31258,0.0780,0.8273,0.0932,0.2591,0.0498,1.2779,0
76,gpu_hash_uf,0,122965,31258,0.0780,0.6894,0.0707,0.3543,0.0496,1.2255,0
76,gpu_hash_uf,1,122965,31258,0.0903,0.5764,0.1106,0.2888,0.0492,1.0974,0
76,gpu_hash_uf,2,122965,31258,0.0787,0.5839,0.1096,0.2826,0.0495,1.0884,0
76,gpu_hash_uf,3,122965,31258,0.0770,0.6037,0.1106,0.2734,0.0489,1.0987,0
76,gpu_hash_uf,4,122965,31258,0.0796,0.5950,0.1126,0.2560,0.0912,1.1499,0
76,gpu_hash_prop,0,122965,31258,0.0787,0.6156,0.0911,13.5169,0.0216,13.5559,179
76,gpu_hash_prop,1,122965,31258,0.0786,0.2476,0.0584,12.6024,0.0235,12.3093,179
76,gpu_hash_prop,2,122965,31258,0.0792,0.2507,0.0788,22.2720,0.0300,21.4592,179
76,gpu_hash_prop,3,122965,31258,0.0811,0.2847,0.0563,12.9137,0.0880,12.6936,179
76,gpu_hash_prop,4,122965,31258,0.0788,0.2478,0.0553,13.4298,0.0318,13.0928,179
76,gpu_hash_prop16,0,122965,31258,0.0931,1.0139,0.0543,4.9265,0.0277,5.8042,192
76,gpu_hash_prop16,1,122965,31258,0.0783,0.2456,0.0707,3.7509,0.0241,3.9563,192
76,gpu_hash_prop16,2,122965,31258,0.0768,0.2497,0.0799,4.8753,0.0309,5.0356,192
76,gpu_hash_prop16,3,122965,31258,0.0780,1.5332,0.0512,8.2699,0.0900,9.5168,192
76,gpu_hash_prop16,4,122965,31258,0.0787,0.3429,0.0971,3.8431,0.0295,4.1702,192
77,cpu_t1,0,123029,31296,0,3.7435,1.4868,0.1793,0,5.4096,0
77,cpu_t1,1,123029,31296,0,4.3622,1.5104,0.1575,0,6.0301,0
77,cpu_t1,2,123029,31296,0,3.7091,1.5068,0.1688,0,5.3847,0
77,cpu_t1,3,123029,31296,0,3.7848,1.9459,0.2419,0,5.9726,0
77,cpu_t1,4,123029,31296,0,3.7931,1.5069,0.1578,0,5.4578,0
77,cpu_t2,0,123029,31296,0,2.0283,0.7656,0.1671,0,2.9610,0
77,cpu_t2,1,123029,31296,0,2.0028,0.8912,0.2484,0,3.1424,0
77,cpu_t2,2,123029,31296,0,2.2380,0.7692,0.1590,0,3.1662,0
77,cpu_t2,3,123029,31296,0,2.0335,0.7768,0.1635,0,2.9738,0
77,cpu_t2,4,123029,31296,0,2.2788,1.5559,0.2115,0,4.0462,0
77,cpu_t4,0,123029,31296,0,1.1920,0.3730,0.1609,0,1.7259,0
77,cpu_t4,1,123029,31296,0,1.1992,0.6983,0.1587,0,2.0562,0
77,cpu_t4,2,123029,31296,0,1.1467,0.3594,0.1583,0,1.6643,0
77,cpu_t4,3,123029,31296,0,1.1357,0.4515,0.1741,0,1.7614,0
77,cpu_t4,4,123029,31296,0,1.2954,0.3906,0.1581,0,1.8441,0
77,cpu_t8,0,123029,31296,0,0.9878,0.3701,0.1715,0,1.5294,0
77,cpu_t8,1,123029,31296,0,0.9479,0.4074,0.2028,0,1.5581,0
77,cpu_t8,2,123029,31296,0,1.0089,0.4011,0.2007,0,1.6107,0
77,cpu_t8,3,123029,31296,0,1.0175,0.3887,0.2038,0,1.6100,0
77,cpu_t8,4,123029,31296,0,1.0564,0.3977,0.1912,0,1.6452,0
77,cpu_t16,0,123029,31296,0,0.7554,0.2256,0.2187,0,1.1998,0
77,cpu_t16,1,123029,31296,0,1.2099,0.4658,0.2167,0,1.8923,0
77,cpu_t16,2,123029,31296,0,1.3667,0.4312,0.2140,0,2.0119,0
77,cpu_t16,3,123029,31296,0,1.5211,0.4899,0.2229,0,2.2338,0
77,cpu_t16,4,123029,31296,0,1.3588,0.4513,0.2104,0,2.0206,0
77,gpu_thrust_uf,0,123029,31296,0.0808,5.0048,0.0840,0.2120,0.0404,5.1554,0
77,gpu_thrust_uf,1,123029,31296,0.0888,0.9074,0.0563,0.2120,0.0311,1.2567,0
77,gpu_thrust_uf,2,123029,31296,0.1118,2.3343,0.0809,0.2120,0.0262,2.6591,0
77,gpu_thrust_uf,3,123029,31296,0.0820,0.7612,0.0768,0.2120,0.0237,1.1245,0
77,gpu_thrust_uf,4,123029,31296,0.0801,0.7638,0.0768,0.2109,0.0236,1.1149,0
77,gpu_hash_uf,0,123029,31296,0.0804,0.2262,0.0584,0.2109,0.0231,0.5866,0
77,gpu_hash_uf,1,123029,31296,0.0796,0.2436,0.0799,0.2120,0.0267,0.6302,0
77,gpu_hash_uf,2,123029,31296,0.0768,0.2602,0.0543,0.2120,0.0264,0.6202,0
77,gpu_hash_uf,3,123029,31296,0.0782,0.2989,0.0778,0.2120,0.0265,0.6798,0
77,gpu_hash_uf,4,123029,31296,0.0798,0.2679,0.1055,0.2109,0.0405,0.6894,0
77,gpu_hash_prop,0,123029,31296,0.0807,0.2981,0.0911,14.2438,0.0496,13.9568,179
77,gpu_hash_prop,1,123029,31296,0.0808,0.2361,0.0635,14.0124,0.0262,13.6350,179
77,gpu_hash_prop,2,123029,31296,0.0808,0.2663,0.0748,10.9435,0.0293,10.7763,179
77,gpu_hash_prop,3,123029,31296,0.0947,2.1282,0.0748,11.3459,0.0201,12.9195,179
77,gpu_hash_prop,4,123029,31296,0.0785,0.2225,0.0512,11.8682,0.0242,11.5849,179
77,gpu_hash_prop16,0,123029,31296,0.0788,0.2782,0.0594,4.1984,0.0280,4.4030,192
77,gpu_hash_prop16,1,123029,31296,0.0798,0.2786,0.1004,5.2593,0.0383,5.4536,192
77,gpu_hash_prop16,2,123029,31296,0.0812,0.2164,0.0553,4.5496,0.0295,4.6781,192
77,gpu_hash_prop16,3,123029,31296,0.0781,0.2161,0.0512,2.2989,0.0196,2.5351,192
77,gpu_hash_prop16,4,123029,31296,0.0779,0.1963,0.0512,2.3419,0.0240,2.5665,192
78,cpu_t1,0,123006,31455,0,3.7214,1.3706,0.1484,0,5.2404,0
78,cpu_t1,1,123006,31455,0,3.7401,1.3576,0.1469,0,5.2446,0
78,cpu_t1,2,123006,31455,0,3.7322,1.4331,0.1422,0,5.3075,0
78,cpu_t1,3,123006,31455,0,3.7273,1.4301,0.1431,0,5.3004,0
78,cpu_t1,4,123006,31455,0,3.6286,1.4171,0.1432,0,5.1890,0
78,cpu_t2,0,123006,31455,0,2.1864,0.7772,0.1757,0,3.1393,0
78,cpu_t2,1,123006,31455,0,2.3999,0.9142,0.1434,0,3.4575,0
78,cpu_t2,2,123006,31455,0,2.1270,0.8337,0.1903,0,3.1509,0
78,cpu_t2,3,123006,31455,0,2.3773,0.7376,0.1466,0,3.2616,0
78,cpu_t2,4,123006,31455,0,2.2961,0.6825,0.1430,0,3.1215,0
78,cpu_t4,0,123006,31455,0,1.2123,0.3462,0.1432,0,1.7016,0
78,cpu_t4,1,123006,31455,0,1.2131,0.3530,0.1415,0,1.7077,0
78,cpu_t4,2,123006,31455,0,1.2266,0.3643,0.1422,0,1.7331,0
78,cpu_t4,3,123006,31455,0,1.1552,0.3696,0.1427,0,1.6675,0
78,cpu_t4,4,123006,31455,0,1.3926,0.3967,0.1444,0,1.9337,0
78,cpu_t8,0,123006,31455,0,1.0435,0.4042,0.2036,0,1.6514,0
78,cpu_t8,1,123006,31455,0,1.0335,0.3579,0.1496,0,1.5410,0
78,cpu_t8,2,123006,31455,0,0.9618,0.3834,0.1543,0,1.4995,0
78,cpu_t8,3,123006,31455,0,1.0461,0.3684,0.1654,0,1.5799,0
78,cpu_t8,4,123006,31455,0,1.0024,0.3694,0.1463,0,1.5181,0
78,cpu_t16,0,123006,31455,0,1.3701,0.4074,0.1818,0,1.9593,0
78,cpu_t16,1,123006,31455,0,1.3185,0.3349,0.1866,0,1.8400,0
78,cpu_t16,2,123006,31455,0,1.3372,0.3039,0.1794,0,1.8205,0
78,cpu_t16,3,123006,31455,0,1.6386,0.5458,0.1791,0,2.3635,0
78,cpu_t16,4,123006,31455,0,1.6871,0.3938,0.1815,0,2.2625,0
78,gpu_thrust_uf,0,123006,31455,0.0784,0.8994,0.0512,0.2099,0.0367,1.2428,0
78,gpu_thrust_uf,1,123006,31455,0.0822,0.7954,0.1044,0.3482,0.0424,1.3264,0
78,gpu_thrust_uf,2,123006,31455,0.0884,0.8812,0.0922,0.2099,0.0267,1.2630,0
78,gpu_thrust_uf,3,123006,31455,0.0820,0.8862,0.0809,0.2089,0.0302,1.2465,0
78,gpu_thrust_uf,4,123006,31455,0.0779,0.8160,0.0543,0.2099,0.0300,1.1473,0
78,gpu_hash_uf,0,123006,31455,0.0819,0.2453,0.0584,0.2089,0.0344,0.6251,0
78,gpu_hash_uf,1,123006,31455,0.0780,0.3127,0.0778,0.2089,0.0264,0.6962,0
78,gpu_hash_uf,2,123006,31455,0.0780,0.2072,0.0532,0.2089,0.0385,0.5762,0
78,gpu_hash_uf,3,123006,31455,0.0865,1.0552,0.0522,0.2099,0.0439,1.4055,0
78,gpu_hash_uf,4,123006,31455,0.0866,0.4425,0.0543,0.2099,0.0284,0.8191,0
78,gpu_hash_prop,0,123006,31455,0.0802,0.2145,0.0543,23.4342,0.1418,22.6069,183
78,gpu_hash_prop,1,123006,31455,0.1020,0.4291,0.1229,20.8589,0.1064,20.4406,183
78,gpu_hash_prop,2,123006,31455,0.1039,0.4172,0.0512,21.0586,0.1196,20.5604,183
78,gpu_hash_prop,3,123006,31455,0.0777,1.4066,0.0512,17.1776,0.0293,17.7171,183
78,gpu_hash_prop,4,123006,31455,0.0786,0.2461,0.0543,13.2600,0.0317,12.9300,183
78,gpu_hash_prop16,0,123006,31455,0.0769,0.2391,0.0512,2.3747,0.0191,2.6285,192
78,gpu_hash_prop16,1,123006,31455,0.0768,0.2149,0.0553,2.5948,0.0281,2.8231,192
78,gpu_hash_prop16,2,123006,31455,0.0814,0.2311,0.0502,2.4136,0.0292,2.6730,192
78,gpu_hash_prop16,3,123006,31455,0.0771,0.2456,0.0543,2.5211,0.0364,2.7903,192
78,gpu_hash_prop16,4,123006,31455,0.0780,0.2120,0.0543,5.8419,0.0267,5.8890,192
79,cpu_t1,0,123026,31284,0,3.7930,1.3918,0.1524,0,5.3372,0
79,cpu_t1,1,123026,31284,0,3.7096,1.4741,0.1444,0,5.3281,0
79,cpu_t1,2,123026,31284,0,3.7020,1.4838,0.1436,0,5.3294,0
79,cpu_t1,3,123026,31284,0,3.7104,1.4013,0.1442,0,5.2558,0
79,cpu_t1,4,123026,31284,0,3.7109,1.4313,0.1439,0,5.2861,0
79,cpu_t2,0,123026,31284,0,2.4635,0.9214,0.1473,0,3.5322,0
79,cpu_t2,1,123026,31284,0,2.0538,0.7179,0.1452,0,2.9168,0
79,cpu_t2,2,123026,31284,0,2.0645,0.7142,0.1459,0,2.9246,0
79,cpu_t2,3,123026,31284,0,1.9909,0.7280,0.1891,0,2.9080,0
79,cpu_t2,4,123026,31284,0,2.6759,1.4390,0.1816,0,4.2965,0
79,cpu_t4,0,123026,31284,0,1.3332,0.4473,0.1456,0,1.9260,0
79,cpu_t4,1,123026,31284,0,1.1737,0.3712,0.1462,0,1.6910,0
79,cpu_t4,2,123026,31284,0,1.1912,0.3855,0.1444,0,1.7212,0
79,cpu_t4,3,123026,31284,0,1.2017,0.3677,0.1445,0,1.7139,0
79,cpu_t4,4,123026,31284,0,1.1659,0.3817,0.1442,0,1.6918,0
79,cpu_t8,0,123026,31284,0,1.0643,0.4261,0.1881,0,1.6785,0
79,cpu_t8,1,123026,31284,0,1.2120,0.3990,0.1776,0,1.7887,0
79,cpu_t8,2,123026,31284,0,0.9978,0.3779,0.1781,0,1.5538,0
79,cpu_t8,3,123026,31284,0,0.9818,0.3785,0.1792,0,1.5396,0
79,cpu_t8,4,123026,31284,0,0.9915,0.3849,0.1774,0,1.5538,0
79,cpu_t16,0,123026,31284,0,0.7986,0.2173,0.1867,0,1.2025,0
79,cpu_t16,1,123026,31284,0,0.6957,0.2716,0.1854,0,1.1527,0
79,cpu_t16,2,123026,31284,0,0.9097,0.4199,0.1931,0,1.5227,0
79,cpu_t16,3,123026,31284,0,1.2949,0.3946,0.1826,0,1.8721,0
79,cpu_t16,4,123026,31284,0,1.3272,0.3653,0.1846,0,1.8770,0
79,gpu_thrust_uf,0,123026,31284,0.0883,0.8310,0.0594,0.2345,0.0358,1.2149,0
79,gpu_thrust_uf,1,123026,31284,0.0820,0.8219,0.0543,0.2345,0.0291,1.1883,0
79,gpu_thrust_uf,2,123026,31284,0.0769,0.8157,0.0809,0.2355,0.0196,1.1857,0
79,gpu_thrust_uf,3,123026,31284,0.0783,0.9302,0.0809,0.2345,0.0227,1.4577,0
79,gpu_thrust_uf,4,123026,31284,0.0800,0.8829,0.1434,0.3185,0.0289,1.3967,0
79,gpu_hash_uf,0,123026,31284,0.0810,0.5126,0.0510,0.3226,0.0270,0.9669,0
79,gpu_hash_uf,1,123026,31284,0.0784,1.2449,0.0522,0.2355,0.0392,1.6049,0
79,gpu_hash_uf,2,123026,31284,0.0967,2.4452,0.0512,0.2499,0.0476,2.7603,0
79,gpu_hash_uf,3,123026,31284,0.0785,0.4111,0.0584,0.2785,0.0327,0.8409,0
79,gpu_hash_uf,4,123026,31284,0.0780,0.3567,0.1106,0.3430,0.0523,0.9283,0
79,gpu_hash_prop,0,123026,31284,0.0785,0.3552,0.0952,28.7580,0.0266,27.6967,189
79,gpu_hash_prop,1,123026,31284,0.2954,0.3669,0.0819,20.2045,0.0261,19.8274,189
79,gpu_hash_prop,2,123026,31284,0.2951,0.3858,0.0655,22.1481,0.0263,21.6606,189
79,gpu_hash_prop,3,123026,31284,0.2952,6.0508,0.0625,19.2297,0.0277,24.2505,189
79,gpu_hash_prop,4,123026,31284,0.2962,0.3778,0.0901,28.6464,0.0330,27.8273,189
79,gpu_hash_prop16,0,123026,31284,0.2972,0.3120,0.0932,11.8426,0.0261,11.8911,192
79,gpu_hash_prop16,1,123026,31284,0.2991,0.3379,0.0696,3.3352,0.0300,3.8696,192
79,gpu_hash_prop16,2,123026,31284,0.2949,0.2832,0.0676,12.2081,0.0326,12.1852,192
79,gpu_hash_prop16,3,123026,31284,0.2964,0.3152,0.0625,3.9946,0.0348,4.4904,192
79,gpu_hash_prop16,4,123026,31284,0.2938,0.3127,0.0819,10.8554,0.0448,10.9636,192
80,cpu_t1,0,123176,31397,0,3.6670,1.5151,0.1536,0,5.3357,0
80,cpu_t1,1,123176,31397,0,3.6993,1.4874,0.1528,0,5.3395,0
80,cpu_t1,2,123176,31397,0,3.6577,1.4589,0.1518,0,5.2685,0
80,cpu_t1,3,123176,31397,0,3.6700,1.5092,0.1720,0,5.3512,0
80,cpu_t1,4,123176,31397,0,3.6393,1.4604,0.1599,0,5.2596,0
80,cpu_t2,0,123176,31397,0,2.7141,1.4687,0.1826,0,4.3653,0
80,cpu_t2,1,123176,31397,0,2.4434,0.7974,0.1488,0,3.3896,0
80,cpu_t2,2,123176,31397,0,2.2071,1.4896,0.1905,0,3.8872,0
80,cpu_t2,3,123176,31397,0,2.7425,0.7515,0.1501,0,3.6441,0
80,cpu_t2,4,123176,31397,0,2.0792,0.7602,0.1487,0,2.9880,0
80,cpu_t4,0,123176,31397,0,1.5205,0.4177,0.1502,0,2.0884,0
80,cpu_t4,1,123176,31397,0,1.1728,0.3939,0.1491,0,1.7157,0
80,cpu_t4,2,123176,31397,0,1.1881,0.4142,0.1478,0,1.7501,0
80,cpu_t4,3,123176,31397,0,1.1647,0.5460,0.1472,0,1.8578,0
80,cpu_t4,4,123176,31397,0,1.4272,0.4074,0.1485,0,1.9831,0
80,cpu_t8,0,123176,31397,0,0.9744,0.3924,0.1486,0,1.5153,0
80,cpu_t8,1,123176,31397,0,0.9592,0.3892,0.1491,0,1.4974,0
80,cpu_t8,2,123176,31397,0,0.9564,0.3784,0.1506,0,1.4855,0
80,cpu_t8,3,123176,31397,0,0.9760,0.3701,0.1710,0,1.5172,0
80,cpu_t8,4,123176,31397,0,0.9493,0.3399,0.1522,0,1.4414,0
80,cpu_t16,0,123176,31397,0,1.2697,0.3570,0.1856,0,1.8123,0
80,cpu_t16,1,123176,31397,0,1.0720,0.2736,0.1868,0,1.5324,0
80,cpu_t16,2,123176,31397,0,0.7093,0.2192,0.1877,0,1.1162,0
80,cpu_t16,3,123176,31397,0,0.7304,0.2034,0.1973,0,1.1311,0
80,cpu_t16,4,123176,31397,0,0.8188,0.1953,0.1860,0,1.2001,0
80,gpu_thrust_uf,0,123176,31397,0.0859,0.8850,0.0532,0.2068,0.0400,1.2351,0
80,gpu_thrust_uf,1,123176,31397,0.0825,0.8241,0.0788,0.2068,0.0322,1.1867,0
80,gpu_thrust_uf,2,123176,31397,0.0780,0.8272,0.0461,0.2068,0.0404,1.1575,0
80,gpu_thrust_uf,3,123176,31397,0.0782,1.1698,0.0502,0.2058,0.0262,1.4728,0
80,gpu_thrust_uf,4,123176,31397,0.0785,1.7710,0.0461,0.2079,0.0334,2.0445,0
80,gpu_hash_uf,0,123176,31397,0.0784,0.2133,0.0451,0.2068,0.0244,0.5568,0
80,gpu_hash_uf,1,123176,31397,0.0780,0.2729,0.0461,0.2509,0.0385,0.6714,0
80,gpu_hash_uf,2,123176,31397,0.0783,0.2798,0.0860,0.2058,0.0401,0.6807,0
80,gpu_hash_uf,3,123176,31397,0.0813,0.2824,0.0707,0.2058,0.0242,0.6517,0
80,gpu_hash_uf,4,123176,31397,0.0769,0.2531,0.0492,0.2345,0.0239,0.6250,0
80,gpu_hash_prop,0,123176,31397,0.0782,0.2179,0.0461,17.7746,0.1646,17.2787,191
80,gpu_hash_prop,1,123176,31397,0.0789,0.6696,0.1044,18.9112,0.0200,18.7090,191
80,gpu_hash_prop,2,123176,31397,0.0786,0.2733,0.0717,14.5234,0.0214,14.1514,191
80,gpu_hash_prop,3,123176,31397,0.0887,0.2175,0.0502,13.9551,0.0235,13.5598,191
80,gpu_hash_prop,4,123176,31397,0.0786,0.2127,0.0492,12.1917,0.0309,11.8776,191
80,gpu_hash_prop16,0,123176,31397,0.0784,0.2561,0.0809,3.6792,0.0447,3.9278,192
80,gpu_hash_prop16,1,123176,31397,0.0781,0.2712,0.0471,2.9409,0.0367,3.2073,192
80,gpu_hash_prop16,2,123176,31397,0.0831,0.3493,0.0489,3.8123,0.0266,4.1041,192
80,gpu_hash_prop16,3,123176,31397,0.0818,0.2238,0.0502,2.6829,0.0240,2.9147,192
80,gpu_hash_prop16,4,123176,31397,0.0780,0.2575,0.0532,4.9603,0.0268,5.1044,192
81,cpu_t1,0,123136,31508,0,3.7456,1.4627,0.1560,0,5.3643,0
81,cpu_t1,1,123136,31508,0,3.6746,1.4793,0.1589,0,5.3128,0
81,cpu_t1,2,123136,31508,0,3.7307,1.3929,0.1555,0,5.2791,0
81,cpu_t1,3,123136,31508,0,3.6814,1.4518,0.1772,0,5.3104,0
81,cpu_t1,4,123136,31508,0,3.7077,1.4026,0.1560,0,5.2663,0
81,cpu_t2,0,123136,31508,0,2.9119,1.6222,0.2041,0,4.7382,0
81,cpu_t2,1,123136,31508,0,2.9216,1.5613,0.2271,0,4.7100,0
81,cpu_t2,2,123136,31508,0,2.5874,0.7432,0.1603,0,3.4910,0
81,cpu_t2,3,123136,31508,0,2.1533,0.7734,0.1592,0,3.0860,0
81,cpu_t2,4,123136,31508,0,2.2900,0.7647,0.1617,0,3.2164,0
81,cpu_t4,0,123136,31508,0,1.2305,0.4114,0.1636,0,1.8055,0
81,cpu_t4,1,123136,31508,0,1.5836,0.4333,0.1607,0,2.1776,0
81,cpu_t4,2,123136,31508,0,1.6156,0.8142,0.1601,0,2.5899,0
81,cpu_t4,3,123136,31508,0,1.3455,0.4367,0.1697,0,1.9519,0
81,cpu_t4,4,123136,31508,0,1.2178,0.4128,0.1594,0,1.7900,0
81,cpu_t8,0,123136,31508,0,1.0274,0.4108,0.2104,0,1.6486,0
81,cpu_t8,1,123136,31508,0,1.0704,0.3987,0.2029,0,1.6720,0
81,cpu_t8,2,123136,31508,0,1.0601,0.4162,0.2094,0,1.6856,0
81,cpu_t8,3,123136,31508,0,1.0747,0.4346,0.1611,0,1.6704,0
81,cpu_t8,4,123136,31508,0,1.0553,0.4248,0.1853,0,1.6654,0
81,cpu_t16,0,123136,31508,0,1.4980,0.4078,0.2023,0,2.1080,0
81,cpu_t16,1,123136,31508,0,1.2848,0.3263,0.1984,0,1.8095,0
81,cpu_t16,2,123136,31508,0,1.1170,0.2898,0.2009,0,1.6076,0
81,cpu_t16,3,123136,31508,0,1.1311,0.2985,0.2009,0,1.6305,0
81,cpu_t16,4,123136,31508,0,1.2156,0.3205,0.2189,0,1.7550,0
81,gpu_thrust_uf,0,123136,31508,0.0820,0.9684,0.0573,0.2396,0.0309,1.4175,0
81,gpu_thrust_uf,1,123136,31508,0.0807,0.7594,0.0492,0.2396,0.0397,1.2079,0
81,gpu_thrust_uf,2,123136,31508,0.0841,1.6158,0.0778,0.2509,0.0227,2.0769,0
81,gpu_thrust_uf,3,123136,31508,0.0939,2.1808,0.0512,0.2273,0.0286,2.6088,0
81,gpu_thrust_uf,4,123136,31508,0.0784,0.7769,0.0758,0.2406,0.0252,1.2236,0
81,gpu_hash_uf,0,123136,31508,0.0770,0.2553,0.0840,0.2396,0.0284,0.7072,0
81,gpu_hash_uf,1,123136,31508,0.0780,0.2488,0.0532,0.2396,0.0289,0.6738,0
81,gpu_hash_uf,2,123136,31508,0.0779,0.2090,0.0492,0.2396,0.0321,0.6356,0
81,gpu_hash_uf,3,123136,31508,0.0805,0.2219,0.0451,0.2396,0.0349,0.6432,0
81,gpu_hash_uf,4,123136,31508,0.0780,0.2520,0.0482,0.2406,0.0327,0.6814,0
81,gpu_hash_prop,0,123136,31508,0.0787,0.2801,0.0532,14.1046,0.0344,14.5840,194
81,gpu_hash_prop,1,123136,31508,0.0822,0.2289,0.0502,11.9562,0.0195,12.3646,194
81,gpu_hash_prop,2,123136,31508,0.0781,0.2387,0.0502,11.0049,0.0318,11.4268,194
81,gpu_hash_prop,3,123136,31508,0.0786,0.2214,0.0461,14.9289,0.0330,15.3309,194
81,gpu_hash_prop,4,123136,31508,0.0780,0.2157,0.0461,12.8911,0.0332,13.2920,194
81,gpu_hash_prop16,0,123136,31508,0.0804,0.2753,0.0748,7.1281,0.0294,7.6088,208
81,gpu_hash_prop16,1,123136,31508,0.0781,0.2102,0.0492,2.7965,0.0289,3.1866,208
81,gpu_hash_prop16,2,123136,31508,0.0780,0.2412,0.0451,2.6266,0.0204,3.0336,208
81,gpu_hash_prop16,3,123136,31508,0.0769,0.2297,0.0481,2.6941,0.0277,3.0977,208
81,gpu_hash_prop16,4,123136,31508,0.0770,0.2188,0.0492,3.7407,0.0316,4.1370,208
82,cpu_t1,0,123152,31338,0,3.9309,1.5628,0.1608,0,5.6545,0
82,cpu_t1,1,123152,31338,0,3.9297,1.6212,0.1561,0,5.7070,0
82,cpu_t1,2,123152,31338,0,3.9447,1.5925,0.1566,0,5.6938,0
82,cpu_t1,3,123152,31338,0,3.9677,1.5702,0.1558,0,5.6937,0
82,cpu_t1,4,123152,31338,0,3.9523,1.5515,0.1779,0,5.6817,0
82,cpu_t2,0,123152,31338,0,2.4707,0.8775,0.1521,0,3.5003,0
82,cpu_t2,1,123152,31338,0,2.4835,0.7342,0.1589,0,3.3766,0
82,cpu_t2,2,123152,31338,0,2.3853,0.7784,0.1544,0,3.3181,0
82,cpu_t2,3,123152,31338,0,2.1891,0.7538,0.1621,0,3.1049,0
82,cpu_t2,4,123152,31338,0,2.3064,1.0434,0.1861,0,3.5358,0
82,cpu_t4,0,123152,31338,0,1.9885,0.6640,0.1893,0,2.8418,0
82,cpu_t4,1,123152,31338,0,1.4517,0.4534,0.1531,0,2.0582,0
82,cpu_t4,2,123152,31338,0,1.2827,0.3897,0.1518,0,1.8242,0
82,cpu_t4,3,123152,31338,0,1.2407,0.4636,0.2508,0,1.9550,0
82,cpu_t4,4,123152,31338,0,1.6130,0.4973,0.1909,0,2.3012,0
82,cpu_t8,0,123152,31338,0,1.0159,0.4185,0.1546,0,1.5890,0
82,cpu_t8,1,123152,31338,0,1.0150,0.4143,0.1513,0,1.5807,0
82,cpu_t8,2,123152,31338,0,0.9819,0.3942,0.1583,0,1.5344,0
82,cpu_t8,3,123152,31338,0,1.3709,0.3939,0.1537,0,1.9186,0
82,cpu_t8,4,123152,31338,0,1.0124,0.4310,0.1540,0,1.5974,0
82,cpu_t16,0,123152,31338,0,0.8285,0.2170,0.1943,0,1.2398,0
82,cpu_t16,1,123152,31338,0,0.8905,0.3097,0.1994,0,1.3997,0
82,cpu_t16,2,123152,31338,0,0.7655,0.2284,0.1981,0,1.1920,0
82,cpu_t16,3,123152,31338,0,0.8035,0.2297,0.1997,0,1.2329,0
82,cpu_t16,4,123152,31338,0,0.8718,0.3910,0.2056,0,1.4684,0
82,gpu_thrust_uf,0,123152,31338,0.0780,1.5215,0.0492,0.2181,0.0380,1.9393,0
82,gpu_thrust_uf,1,123152,31338,0.0781,2.2851,0.0502,0.2181,0.0320,2.7010,0
82,gpu_thrust_uf,2,123152,31338,0.0814,0.7620,0.0543,0.2171,0.0347,1.1765,0
82,gpu_thrust_uf,3,123152,31338,0.0811,0.7777,0.0911,0.2693,0.0540,1.3067,0
82,gpu_thrust_uf,4,123152,31338,0.0771,0.7744,0.0748,0.2294,0.0251,1.2094,0
82,gpu_hash_uf,0,123152,31338,0.0780,0.2116,0.0492,0.2314,0.0279,0.6175,0
82,gpu_hash_uf,1,123152,31338,0.0783,0.2789,0.0532,0.2181,0.0318,0.6883,0
82,gpu_hash_uf,2,123152,31338,0.0799,0.2672,0.0727,0.2488,0.0324,0.7247,0
82,gpu_hash_uf,3,123152,31338,0.0798,0.2204,0.0532,0.2181,0.0260,0.6237,0
82,gpu_hash_uf,4,123152,31338,0.0805,0.2672,0.0532,0.2171,0.0296,0.6728,0
82,gpu_hash_prop,0,123152,31338,0.0782,2.0660,0.0461,13.0570,0.0297,15.3002,195
82,gpu_hash_prop,1,123152,31338,0.0780,0.2077,0.0635,7.4967,0.0232,7.8890,195
82,gpu_hash_prop,2,123152,31338,0.0770,0.2053,0.0502,14.0626,0.0255,14.4421,195
82,gpu_hash_prop,3,123152,31338,0.0780,0.2601,0.0532,14.9504,0.0290,15.3942,195
82,gpu_hash_prop,4,123152,31338,0.0807,0.2146,0.0492,9.7987,0.0269,10.1956,195
82,gpu_hash_prop16,0,123152,31338,0.0778,0.2086,0.0492,2.6276,0.0258,3.0110,208
82,gpu_hash_prop16,1,123152,31338,0.0770,0.2483,0.0502,6.0140,0.0354,6.4453,208
82,gpu_hash_prop16,2,123152,31338,0.0791,0.5303,0.0492,4.5189,0.0377,5.2455,208
82,gpu_hash_prop16,3,123152,31338,0.0782,0.2261,0.0451,2.5538,0.0209,2.9442,208
82,gpu_hash_prop16,4,123152,31338,0.0769,0.2104,0.0461,8.9969,0.0938,9.4450,208
83,cpu_t1,0,123109,31150,0,3.9514,1.4270,0.1516,0,5.5300,0
83,cpu_t1,1,123109,31150,0,3.9489,1.4610,0.1481,0,5.5579,0
83,cpu_t1,2,123109,31150,0,3.9873,1.4831,0.1546,0,5.6250,0
83,cpu_t1,3,123109,31150,0,3.9657,1.4970,0.1517,0,5.6144,0
83,cpu_t1,4,123109,31150,0,3.9603,1.4813,0.1479,0,5.5895,0
83,cpu_t2,0,123109,31150,0,2.9338,1.5647,0.2034,0,4.7018,0
83,cpu_t2,1,123109,31150,0,2.9875,1.4889,0.1861,0,4.6625,0
83,cpu_t2,2,123109,31150,0,2.6534,0.7230,0.1494,0,3.5258,0
83,cpu_t2,3,123109,31150,0,2.1573,0.8664,0.1522,0,3.1759,0
83,cpu_t2,4,123109,31150,0,2.5275,0.8251,0.1515,0,3.5041,0
83,cpu_t4,0,123109,31150,0,1.2670,0.4086,0.1489,0,1.8245,0
83,cpu_t4,1,123109,31150,0,1.3073,0.4486,0.1504,0,1.9063,0
83,cpu_t4,2,123109,31150,0,1.3859,0.3807,0.1494,0,1.9160,0
83,cpu_t4,3,123109,31150,0,1.2342,0.3785,0.1603,0,1.7729,0
83,cpu_t4,4,123109,31150,0,1.2646,0.3957,0.1487,0,1.8090,0
83,cpu_t8,0,123109,31150,0,1.0271,0.3844,0.1552,0,1.5666,0
83,cpu_t8,1,123109,31150,0,0.9775,0.3709,0.1763,0,1.5247,0
83,cpu_t8,2,123109,31150,0,1.0484,0.3729,0.1509,0,1.5723,0
83,cpu_t8,3,123109,31150,0,1.0573,0.4118,0.1903,0,1.6594,0
83,cpu_t8,4,123109,31150,0,1.0498,0.3983,0.1726,0,1.6208,0
83,cpu_t16,0,123109,31150,0,0.7972,0.2133,0.1903,0,1.2008,0
83,cpu_t16,1,123109,31150,0,0.8213,0.2077,0.1958,0,1.2248,0
83,cpu_t16,2,123109,31150,0,0.8461,0.3056,0.1901,0,1.3419,0
83,cpu_t16,3,123109,31150,0,0.7514,0.2370,0.1908,0,1.1792,0
83,cpu_t16,4,123109,31150,0,0.7925,0.2251,0.2000,0,1.2177,0
83,gpu_thrust_uf,0,123109,31150,0.0781,0.8803,0.0532,0.2335,0.0317,1.3135,0
83,gpu_thrust_uf,1,123109,31150,0.0781,0.7592,0.0492,0.2335,0.0288,1.1876,0
83,gpu_thrust_uf,2,123109,31150,0.0928,2.1138,0.0481,0.2324,0.0282,2.5437,0
83,gpu_thrust_uf,3,123109,31150,0.0811,0.8279,0.0911,0.3226,0.0316,1.3804,0
83,gpu_thrust_uf,4,123109,31150,0.0977,0.8062,0.1188,0.2335,0.0293,1.3176,0
83,gpu_hash_uf,0,123109,31150,0.0768,0.2556,0.0492,0.2324,0.0267,0.6677,0
83,gpu_hash_uf,1,123109,31150,0.0780,0.2798,0.0727,0.2601,0.0269,0.7421,0
83,gpu_hash_uf,2,123109,31150,0.0781,0.2645,0.0748,0.2591,0.0383,0.7392,0
83,gpu_hash_uf,3,123109,31150,0.0780,0.2681,0.0768,0.2324,0.0312,0.7173,0
83,gpu_hash_uf,4,123109,31150,0.0798,0.2604,0.0727,0.2529,0.0263,0.7190,0
83,gpu_hash_prop,0,123109,31150,0.0788,0.2674,0.0532,14.8419,0.0204,15.2841,195
83,gpu_hash_prop,1,123109,31150,0.0808,0.2186,0.1055,14.2572,0.0596,14.7400,195
83,gpu_hash_prop,2,123109,31150,0.0784,0.2988,0.0963,14.5500,0.0273,15.0824,195
83,gpu_hash_prop,3,123109,31150,0.0781,0.2530,0.0614,14.4169,0.0220,14.8558,195
83,gpu_hash_prop,4,123109,31150,0.0785,0.2400,0.0492,18.9962,0.0286,19.4139,195
83,gpu_hash_prop16,0,123109,31150,0.0807,0.2891,0.0532,5.1937,0.0255,5.6688,208
83,gpu_hash_prop16,1,123109,31150,0.0851,0.2826,0.0532,6.3058,0.0306,6.7829,208
83,gpu_hash_prop16,2,123109,31150,0.0785,0.2346,0.0758,4.7247,0.0266,5.1649,208
83,gpu_hash_prop16,3,123109,31150,0.0780,0.2666,0.0532,4.0673,0.0297,4.5233,208
83,gpu_hash_prop16,4,123109,31150,0.0771,0.2120,0.0481,2.7689,0.0159,3.1423,208
84,cpu_t1,0,123053,31190,0,4.2543,1.4512,0.1470,0,5.8525,0
84,cpu_t1,1,123053,31190,0,4.1418,1.4694,0.1447,0,5.7559,0
84,cpu_t1,2,123053,31190,0,4.1448,1.5299,0.1478,0,5.8225,0
84,cpu_t1,3,123053,31190,0,4.1432,1.5547,0.1452,0,5.8430,0
84,cpu_t1,4,123053,31190,0,4.0919,1.5268,0.1517,0,5.7704,0
84,cpu_t2,0,123053,31190,0,2.7387,0.7846,0.1468,0,3.6700,0
84,cpu_t2,1,123053,31190,0,2.1570,0.7620,0.1451,0,3.0642,0
84,cpu_t2,2,123053,31190,0,2.1358,0.7542,0.1452,0,3.0352,0
84,cpu_t2,3,123053,31190,0,2.1209,0.7876,0.1455,0,3.0540,0
84,cpu_t2,4,123053,31190,0,2.3762,0.9032,0.1505,0,3.4299,0
84,cpu_t4,0,123053,31190,0,1.2383,0.3984,0.1456,0,1.7823,0
84,cpu_t4,1,123053,31190,0,1.3775,0.3795,0.1440,0,1.9010,0
84,cpu_t4,2,123053,31190,0,1.2391,0.3853,0.1440,0,1.7684,0
84,cpu_t4,3,123053,31190,0,1.2509,0.4875,0.1457,0,1.8841,0
84,cpu_t4,4,123053,31190,0,1.3369,0.3986,0.1445,0,1.8800,0
84,cpu_t8,0,123053,31190,0,1.0532,0.4415,0.1920,0,1.6867,0
84,cpu_t8,1,123053,31190,0,1.2759,0.4134,0.1460,0,1.8353,0
84,cpu_t8,2,123053,31190,0,1.0815,0.3842,0.1494,0,1.6151,0
84,cpu_t8,3,123053,31190,0,1.0346,0.3860,0.1459,0,1.5666,0
84,cpu_t8,4,123053,31190,0,1.0177,0.3820,0.1463,0,1.5461,0
84,cpu_t16,0,123053,31190,0,0.7398,0.2764,0.1971,0,1.2133,0
84,cpu_t16,1,123053,31190,0,0.7451,0.2327,0.1858,0,1.1636,0
84,cpu_t16,2,123053,31190,0,0.8513,0.4078,0.2310,0,1.4901,0
84,cpu_t16,3,123053,31190,0,0.7364,0.2582,0.1942,0,1.1888,0
84,cpu_t16,4,123053,31190,0,0.7956,0.2393,0.1943,0,1.2292,0
84,gpu_thrust_uf,0,123053,31190,0.1472,2.6063,0.1690,0.3164,0.0391,3.3378,0
84,gpu_thrust_uf,1,123053,31190,0.0835,1.1651,0.0666,0.4219,0.0495,1.8346,0
84,gpu_thrust_uf,2,123053,31190,0.0858,0.8872,0.0655,0.3779,0.0495,1.5151,0
84,gpu_thrust_uf,3,123053,31190,0.0799,0.9781,0.0666,0.3840,0.0491,1.6085,0
84,gpu_thrust_uf,4,123053,31190,0.0912,0.9055,0.0758,0.2683,0.0266,1.3966,0
84,gpu_hash_uf,0,123053,31190,0.0806,0.2516,0.0532,0.2683,0.0864,0.7583,0
84,gpu_hash_uf,1,123053,31190,0.0812,0.2854,0.0727,0.2857,0.0256,0.7803,0
84,gpu_hash_uf,2,123053,31190,0.0803,0.2877,0.0788,0.3011,0.0262,0.7998,0
84,gpu_hash_uf,3,123053,31190,0.0770,0.2806,0.0563,0.2693,0.0604,0.7698,0
84,gpu_hash_uf,4,123053,31190,0.0806,1.1980,0.0461,0.2703,0.0339,1.6694,0
84,gpu_hash_prop,0,123053,31190,0.0801,0.2725,0.0532,14.7610,0.0239,15.2129,193
84,gpu_hash_prop,1,123053,31190,0.0885,0.2311,0.0490,13.2966,0.0333,13.7205,193
84,gpu_hash_prop,2,123053,31190,0.0782,0.2508,0.0492,20.6090,0.0531,21.0609,193
84,gpu_hash_prop,3,123053,31190,0.0886,0.2595,0.0522,24.6354,0.0335,25.1035,193
84,gpu_hash_prop,4,123053,31190,0.0836,0.3869,0.0881,20.7636,0.0905,21.4526,193
84,gpu_hash_prop16,0,123053,31190,0.0804,0.3863,0.1096,7.4907,0.0902,8.1824,208
84,gpu_hash_prop16,1,123053,31190,0.0809,0.4413,0.0451,9.9000,0.1058,10.5958,208
84,gpu_hash_prop16,2,123053,31190,0.0783,0.3607,0.0891,5.0217,0.0243,5.6004,208
84,gpu_hash_prop16,3,123053,31190,0.0799,0.2581,0.0707,6.5802,0.0247,7.0388,208
84,gpu_hash_prop16,4,123053,31190,0.0848,0.3223,0.0758,4.9306,0.0277,5.4729,208
85,cpu_t1,0,123124,31028,0,4.1513,1.5211,0.1906,0,5.8630,0
85,cpu_t1,1,123124,31028,0,4.1197,1.5218,0.1816,0,5.8230,0
85,cpu_t1,2,123124,31028,0,4.1673,1.4982,0.1788,0,5.8443,0
85,cpu_t1,3,123124,31028,0,4.1531,1.5023,0.1767,0,5.8322,0
85,cpu_t1,4,123124,31028,0,4.1035,1.5744,0.1784,0,5.8564,0
85,cpu_t2,0,123124,31028,0,2.4296,0.7606,0.1771,0,3.3673,0
85,cpu_t2,1,123124,31028,0,2.1171,0.7518,0.1763,0,3.0452,0
85,cpu_t2,2,123124,31028,0,2.1618,0.8168,0.1773,0,3.1559,0
85,cpu_t2,3,123124,31028,0,2.2136,0.8756,0.2244,0,3.3136,0
85,cpu_t2,4,123124,31028,0,2.8882,1.6737,0.2296,0,4.7915,0
85,cpu_t4,0,123124,31028,0,1.6357,0.8391,0.2279,0,2.7027,0
85,cpu_t4,1,123124,31028,0,1.7081,0.8295,0.2369,0,2.7744,0
85,cpu_t4,2,123124,31028,0,1.6890,0.8148,0.1800,0,2.6839,0
85,cpu_t4,3,123124,31028,0,1.5839,0.7925,0.1944,0,2.5708,0
85,cpu_t4,4,123124,31028,0,1.6173,0.7269,0.1788,0,2.5231,0
85,cpu_t8,0,123124,31028,0,1.0822,0.4155,0.2232,0,1.7209,0
85,cpu_t8,1,123124,31028,0,1.0540,0.4107,0.2242,0,1.6889,0
85,cpu_t8,2,123124,31028,0,1.0464,0.4396,0.2251,0,1.7110,0
85,cpu_t8,3,123124,31028,0,1.0495,0.4253,0.2250,0,1.6998,0
85,cpu_t8,4,123124,31028,0,1.0616,0.4381,0.2308,0,1.7305,0
85,cpu_t16,0,123124,31028,0,0.8099,0.2171,0.2294,0,1.2564,0
85,cpu_t16,1,123124,31028,0,0.7482,0.2147,0.2270,0,1.1899,0
85,cpu_t16,2,123124,31028,0,0.8049,0.2045,0.2231,0,1.2325,0
85,cpu_t16,3,123124,31028,0,0.7394,0.2238,0.2343,0,1.1975,0
85,cpu_t16,4,123124,31028,0,0.7283,0.2205,0.2298,0,1.1786,0
85,gpu_thrust_uf,0,123124,31028,0.0936,2.1843,0.0471,0.2273,0.0332,2.6236,0
85,gpu_thrust_uf,1,123124,31028,0.0791,0.6970,0.0502,0.2273,0.0283,1.1133,0
85,gpu_thrust_uf,2,123124,31028,0.0780,2.6022,0.0481,0.2273,0.0358,3.0412,0
85,gpu_thrust_uf,3,123124,31028,0.0858,0.8839,0.0758,0.2273,0.0253,1.3310,0
85,gpu_thrust_uf,4,123124,31028,0.0782,0.8748,0.0748,0.3379,0.0484,1.4621,0
85,gpu_hash_uf,0,123124,31028,0.0787,0.5958,0.0818,0.3308,0.0485,1.1834,0
85,gpu_hash_uf,1,123124,31028,0.1327,0.7431,0.0717,0.3410,0.0476,1.3814,0
85,gpu_hash_uf,2,123124,31028,0.0769,0.6619,0.1044,0.2836,0.0521,1.2380,0
85,gpu_hash_uf,3,123124,31028,0.0780,0.6514,0.0696,0.2806,0.0376,1.1733,0
85,gpu_hash_uf,4,123124,31028,0.0787,0.7861,0.0870,0.2284,0.0284,1.2409,0
85,gpu_hash_prop,0,123124,31028,0.0815,0.2911,0.0768,12.4713,0.0305,12.9787,196
85,gpu_hash_prop,1,123124,31028,0.0811,0.2352,0.0459,21.5204,0.1061,22.0191,196
85,gpu_hash_prop,2,123124,31028,0.1016,0.4908,0.0458,21.3279,0.0310,22.0265,196
85,gpu_hash_prop,3,123124,31028,0.0783,0.4063,0.0458,24.9139,0.0900,25.5569,196
85,gpu_hash_prop,4,123124,31028,0.0785,0.3859,0.0461,20.9183,0.0664,21.5254,196
85,gpu_hash_prop16,0,123124,31028,0.0788,0.4778,0.0923,6.1088,0.0237,6.8054,208
85,gpu_hash_prop16,1,123124,31028,0.0782,0.3852,0.0448,10.0792,0.1010,10.7097,208
85,gpu_hash_prop16,2,123124,31028,0.0785,0.4852,0.0901,5.1231,0.0312,5.8353,208
85,gpu_hash_prop16,3,123124,31028,0.0804,0.2348,0.0686,4.5343,0.0181,4.9567,208
85,gpu_hash_prop16,4,123124,31028,0.0771,0.2000,0.0532,2.6860,0.0300,3.0688,208
86,cpu_t1,0,123033,30800,0,4.7870,1.4814,0.1888,0,6.4572,0
86,cpu_t1,1,123033,30800,0,4.2514,1.5457,0.1880,0,5.9851,0
86,cpu_t1,2,123033,30800,0,4.3512,1.5701,0.1629,0,6.0842,0
86,cpu_t1,3,123033,30800,0,4.2597,1.5737,0.1633,0,5.9967,0
86,cpu_t1,4,123033,30800,0,4.2396,1.7086,0.1946,0,6.1428,0
86,cpu_t2,0,123033,30800,0,2.1814,0.8014,0.1471,0,3.1299,0
86,cpu_t2,1,123033,30800,0,2.1988,0.7856,0.1766,0,3.1610,0
86,cpu_t2,2,123033,30800,0,2.1712,0.9372,0.1488,0,3.2572,0
86,cpu_t2,3,123033,30800,0,2.3961,0.8661,0.2078,0,3.4700,0
86,cpu_t2,4,123033,30800,0,2.2262,0.7700,0.1593,0,3.1555,0
86,cpu_t4,0,123033,30800,0,1.2336,0.4011,0.1591,0,1.7938,0
86,cpu_t4,1,123033,30800,0,1.2391,0.3808,0.1721,0,1.7919,0
86,cpu_t4,2,123033,30800,0,1.2334,0.3994,0.1469,0,1.7798,0
86,cpu_t4,3,123033,30800,0,1.2927,0.3955,0.1478,0,1.8359,0
86,cpu_t4,4,123033,30800,0,1.2685,0.4183,0.1484,0,1.8352,0
86,cpu_t8,0,123033,30800,0,1.0978,0.4295,0.2098,0,1.7371,0
86,cpu_t8,1,123033,30800,0,1.0677,0.4189,0.1869,0,1.6735,0
86,cpu_t8,2,123033,30800,0,1.0531,0.4225,0.1964,0,1.6720,0
86,cpu_t8,3,123033,30800,0,1.0655,0.4017,0.1961,0,1.6634,0
86,cpu_t8,4,123033,30800,0,1.0905,0.4413,0.1948,0,1.7266,0
86,cpu_t16,0,123033,30800,0,1.3768,0.3627,0.2343,0,1.9738,0
86,cpu_t16,1,123033,30800,0,0.8054,0.2737,0.2020,0,1.2812,0
86,cpu_t16,2,123033,30800,0,0.7503,0.2251,0.1962,0,1.1716,0
86,cpu_t16,3,123033,30800,0,0.8196,0.2213,0.1963,0,1.2372,0
86,cpu_t16,4,123033,30800,0,0.8574,0.2224,0.2393,0,1.3191,0
86,gpu_thrust_uf,0,123033,30800,0.0784,1.2944,0.0799,0.2509,0.0230,1.7657,0
86,gpu_thrust_uf,1,123033,30800,0.0809,0.7770,0.0492,0.2355,0.0273,1.1949,0
86,gpu_thrust_uf,2,123033,30800,0.0779,0.8864,0.0983,0.3215,0.0300,1.4420,0
86,gpu_thrust_uf,3,123033,30800,0.0784,1.8440,0.0512,0.2365,0.0275,2.2652,0
86,gpu_thrust_uf,4,123033,30800,0.0784,2.4863,0.0461,0.2755,0.0445,2.9600,0
86,gpu_hash_uf,0,123033,30800,0.0780,0.4149,0.0451,0.2519,0.0306,0.8446,0
86,gpu_hash_uf,1,123033,30800,0.0814,0.3691,0.0891,0.3000,0.0302,0.9030,0
86,gpu_hash_uf,2,123033,30800,0.0782,0.4558,0.0448,0.2601,0.0298,0.9032,0
86,gpu_hash_uf,3,123033,30800,0.0769,0.5306,0.0451,0.3041,0.0404,1.0258,0
86,gpu_hash_uf,4,123033,30800,0.0783,0.4363,0.0860,0.3676,0.0454,1.0519,0
86,gpu_hash_prop,0,123033,30800,0.1267,0.8732,0.0973,22.3539,0.0381,23.5211,197
86,gpu_hash_prop,1,123033,30800,0.0796,0.4065,0.0451,21.5491,0.0317,22.1425,197
86,gpu_hash_prop,2,123033,30800,0.0813,0.4620,0.0451,18.9450,0.0316,19.5943,197
86,gpu_hash_prop,3,123033,30800,0.0823,0.5174,0.0888,24.1275,0.0335,24.8677,197
86,gpu_hash_prop,4,123033,30800,0.0820,0.4217,0.1096,19.8072,0.1020,20.5454,197
86,gpu_hash_prop16,0,123033,30800,0.0932,2.8596,0.0788,9.4177,0.0991,12.5679,208
86,gpu_hash_prop16,1,123033,30800,0.0816,0.4617,0.0532,10.9988,0.0972,11.7192,208
86,gpu_hash_prop16,2,123033,30800,0.0784,0.5228,0.0860,7.7711,0.0400,8.5255,208
86,gpu_hash_prop16,3,123033,30800,0.0771,0.3865,0.0963,9.6788,0.0381,10.2989,208
86,gpu_hash_prop16,4,123033,30800,0.0790,0.3339,0.0492,8.3988,0.0862,8.9746,208
87,cpu_t1,0,122955,30659,0,4.1498,1.5401,0.1795,0,5.8693,0
87,cpu_t1,1,122955,30659,0,4.0868,1.5630,0.1628,0,5.8126,0
87,cpu_t1,2,122955,30659,0,4.1050,1.5634,0.1639,0,5.8323,0
87,cpu_t1,3,122955,30659,0,4.1153,1.5590,0.1675,0,5.8418,0
87,cpu_t1,4,122955,30659,0,4.2026,1.5421,0.1633,0,5.9080,0
87,cpu_t2,0,122955,30659,0,2.6562,0.8564,0.1628,0,3.6754,0
87,cpu_t2,1,122955,30659,0,2.1496,0.8139,0.1634,0,3.1269,0
87,cpu_t2,2,122955,30659,0,2.1141,0.7603,0.1621,0,3.0365,0
87,cpu_t2,3,122955,30659,0,2.1193,0.9159,0.1665,0,3.2016,0
87,cpu_t2,4,122955,30659,0,2.1842,0.7488,0.1623,0,3.0953,0
87,cpu_t4,0,122955,30659,0,1.2619,0.4092,0.1628,0,1.8339,0
87,cpu_t4,1,122955,30659,0,1.3542,0.4541,0.2253,0,2.0337,0
87,cpu_t4,2,122955,30659,0,1.3762,0.4191,0.1627,0,1.9580,0
87,cpu_t4,3,122955,30659,0,1.2429,0.4026,0.1607,0,1.8062,0
87,cpu_t4,4,122955,30659,0,1.2754,0.4493,0.1631,0,1.8877,0
87,cpu_t8,0,122955,30659,0,0.9997,0.4054,0.1634,0,1.5685,0
87,cpu_t8,1,122955,30659,0,1.0046,0.2326,0.1635,0,1.4006,0
87,cpu_t8,2,122955,30659,0,1.0430,0.4272,0.2116,0,1.6817,0
87,cpu_t8,3,122955,30659,0,1.1547,0.4173,0.1650,0,1.7370,0
87,cpu_t8,4,122955,30659,0,0.9872,0.3971,0.1634,0,1.5477,0
87,cpu_t16,0,122955,30659,0,1.3536,0.3991,0.2034,0,1.9561,0
87,cpu_t16,1,122955,30659,0,1.1227,0.2747,0.2154,0,1.6128,0
87,cpu_t16,2,122955,30659,0,0.8132,0.2163,0.2083,0,1.2378,0
87,cpu_t16,3,122955,30659,0,0.7750,0.2249,0.2133,0,1.2132,0
87,cpu_t16,4,122955,30659,0,0.7579,0.2247,0.2141,0,1.1967,0
87,gpu_thrust_uf,0,122955,30659,0.0821,1.0502,0.1014,0.3645,0.0479,1.6830,0
87,gpu_thrust_uf,1,122955,30659,0.0771,0.8814,0.1014,0.3492,0.0573,1.5287,0
87,gpu_thrust_uf,2,122955,30659,0.0842,0.8180,0.0819,0.2611,0.0189,1.3266,0
87,gpu_thrust_uf,3,122955,30659,0.1016,2.0361,0.0553,0.2621,0.0315,2.5216,0
87,gpu_thrust_uf,4,122955,30659,0.0782,2.4135,0.0809,0.2611,0.0188,2.8798,0
87,gpu_hash_uf,0,122955,30659,0.0772,0.2795,0.1106,0.2611,0.0374,0.7882,0
87,gpu_hash_uf,1,122955,30659,0.0779,0.2714,0.0584,0.2611,0.0304,0.7273,0
87,gpu_hash_uf,2,122955,30659,0.0817,0.2941,0.0584,0.2611,0.0244,0.7445,0
87,gpu_hash_uf,3,122955,30659,0.0798,0.2709,0.0594,0.2601,0.0242,0.7161,0
87,gpu_hash_uf,4,122955,30659,0.0802,0.2874,0.0819,0.2611,0.0236,0.7560,0
87,gpu_hash_prop,0,122955,30659,0.0789,0.6490,0.1126,25.6543,0.0253,26.5517,199
87,gpu_hash_prop,1,122955,30659,0.0780,0.2905,0.0840,17.2206,0.1364,17.8586,199
87,gpu_hash_prop,2,122955,30659,0.0877,0.6599,0.1116,17.9087,0.0220,18.8176,199
87,gpu_hash_prop,3,122955,30659,0.0821,0.2681,0.0809,14.9606,0.0248,15.4392,199
87,gpu_hash_prop,4,122955,30659,0.0809,0.2798,0.0584,12.2604,0.0234,12.7233,199
87,gpu_hash_prop16,0,122955,30659,0.0780,0.2282,0.0553,2.7044,0.0296,3.1193,208
87,gpu_hash_prop16,1,122955,30659,0.0825,0.2164,0.0553,2.6132,0.0248,3.0192,208
87,gpu_hash_prop16,2,122955,30659,0.0978,0.2396,0.0553,4.2486,0.0281,4.6948,208
87,gpu_hash_prop16,3,122955,30659,0.0773,0.3008,0.0870,8.8105,0.0244,9.3205,208
87,gpu_hash_prop16,4,122955,30659,0.0802,0.2838,0.0594,8.0855,0.0239,8.5570,208
88,cpu_t1,0,122978,30714,0,4.0054,1.5585,0.1515,0,5.7155,0
88,cpu_t1,1,122978,30714,0,3.9283,1.5337,0.1497,0,5.6116,0
88,cpu_t1,2,122978,30714,0,4.0680,1.5355,0.1716,0,5.7752,0
88,cpu_t1,3,122978,30714,0,4.1019,1.4975,0.1492,0,5.7487,0
88,cpu_t1,4,122978,30714,0,4.0209,1.4799,0.1523,0,5.6531,0
88,cpu_t2,0,122978,30714,0,2.6640,0.8562,0.1467,0,3.6669,0
88,cpu_t2,1,122978,30714,0,2.1960,0.7283,0.1454,0,3.0696,0
88,cpu_t2,2,122978,30714,0,2.1831,0.7317,0.1421,0,3.0569,0
88,cpu_t2,3,122978,30714,0,2.1404,0.7167,0.1561,0,3.0132,0
88,cpu_t2,4,122978,30714,0,2.1786,0.8516,0.2056,0,3.2358,0
88,cpu_t4,0,122978,30714,0,1.3185,0.4015,0.1456,0,1.8655,0
88,cpu_t4,1,122978,30714,0,1.2607,0.5455,0.1439,0,1.9501,0
88,cpu_t4,2,122978,30714,0,1.2491,0.3875,0.1454,0,1.7820,0
88,cpu_t4,3,122978,30714,0,1.2288,0.4149,0.1452,0,1.7890,0
88,cpu_t4,4,122978,30714,0,1.2462,0.3868,0.1443,0,1.7773,0
88,cpu_t8,0,122978,30714,0,1.0436,0.3868,0.1824,0,1.6128,0
88,cpu_t8,1,122978,30714,0,1.0271,0.3860,0.1805,0,1.5935,0
88,cpu_t8,2,122978,30714,0,1.0519,0.3981,0.1828,0,1.6328,0
88,cpu_t8,3,122978,30714,0,1.0387,0.4065,0.1843,0,1.6295,0
88,cpu_t8,4,122978,30714,0,1.0723,0.4817,0.1932,0,1.7472,0
88,cpu_t16,0,122978,30714,0,0.7886,0.2132,0.1891,0,1.1909,0
88,cpu_t16,1,122978,30714,0,0.7293,0.2198,0.1894,0,1.1385,0
88,cpu_t16,2,122978,30714,0,0.8533,0.2301,0.1921,0,1.2754,0
88,cpu_t16,3,122978,30714,0,0.8058,0.2324,0.1970,0,1.2352,0
88,cpu_t16,4,122978,30714,0,0.7227,0.4461,0.1908,0,1.3597,0
88,gpu_thrust_uf,0,122978,30714,0.0809,0.9541,0.0594,0.2847,0.0263,1.4361,0
88,gpu_thrust_uf,1,122978,30714,0.0769,2.7837,0.0635,0.2857,0.0377,3.2937,0
88,gpu_thrust_uf,2,122978,30714,0.1286,1.0523,0.1219,0.3973,0.0366,1.7682,0
88,gpu_thrust_uf,3,122978,30714,0.0779,0.7803,0.0840,0.2857,0.0232,1.2804,0
88,gpu_thrust_uf,4,122978,30714,0.0803,0.8267,0.0881,0.2847,0.0318,1.3460,0
88,gpu_hash_uf,0,122978,30714,0.0779,0.3054,0.0829,0.2847,0.0346,0.8166,0
88,gpu_hash_uf,1,122978,30714,0.0780,0.2628,0.0850,0.2836,0.0236,0.7622,0
88,gpu_hash_uf,2,122978,30714,0.0804,0.3487,0.0553,0.2847,0.0241,0.8187,0
88,gpu_hash_uf,3,122978,30714,0.0782,0.2310,0.0870,0.2847,0.0603,0.7665,0
88,gpu_hash_uf,4,122978,30714,0.0779,1.3029,0.0563,0.2857,0.0217,1.7759,0
88,gpu_hash_prop,0,122978,30714,0.0787,2.2583,0.0563,12.0443,0.0516,14.5127,201
88,gpu_hash_prop,1,122978,30714,0.0811,1.4754,0.0563,14.8224,0.1564,16.6110,201
88,gpu_hash_prop,2,122978,30714,0.0806,1.6576,0.0727,22.0191,0.0306,23.8953,201
88,gpu_hash_prop,3,122978,30714,0.0890,0.2916,0.0614,15.3539,0.0326,15.8570,201
88,gpu_hash_prop,4,122978,30714,0.0886,0.2895,0.0604,15.3037,0.0277,15.7891,201
88,gpu_hash_prop16,0,122978,30714,0.0798,0.2547,0.0829,4.0151,0.0204,4.4748,208
88,gpu_hash_prop16,1,122978,30714,0.0779,0.4603,0.0942,14.2326,0.1664,15.0526,208
88,gpu_hash_prop16,2,122978,30714,0.0854,0.6295,0.1157,5.7866,0.0293,6.6769,208
88,gpu_hash_prop16,3,122978,30714,0.0813,0.2626,0.0614,5.3985,0.0167,5.8459,208
88,gpu_hash_prop16,4,122978,30714,0.0782,0.2618,0.0645,4.7800,0.0291,5.2384,208
89,cpu_t1,0,122919,30447,0,4.3208,1.5844,0.1499,0,6.0550,0
89,cpu_t1,1,122919,30447,0,3.9236,1.5189,0.1446,0,5.5870,0
89,cpu_t1,2,122919,30447,0,3.9121,1.5717,0.1446,0,5.6284,0
89,cpu_t1,3,122919,30447,0,3.9394,1.5118,0.1453,0,5.5964,0
89,cpu_t1,4,122919,30447,0,3.9671,1.5425,0.1467,0,5.6564,0
89,cpu_t2,0,122919,30447,0,2.4634,0.7736,0.1448,0,3.3819,0
89,cpu_t2,1,122919,30447,0,2.4671,0.9704,0.1964,0,3.6340,0
89,cpu_t2,2,122919,30447,0,2.6557,0.7580,0.1466,0,3.5603,0
89,cpu_t2,3,122919,30447,0,2.1271,0.7579,0.1626,0,3.0476,0
89,cpu_t2,4,122919,30447,0,2.0875,0.7651,0.1432,0,2.9957,0
89,cpu_t4,0,122919,30447,0,1.3209,0.4176,0.1582,0,1.8967,0
89,cpu_t4,1,122919,30447,0,1.3838,0.4780,0.1594,0,2.0212,0
89,cpu_t4,2,122919,30447,0,1.2850,0.4094,0.1465,0,1.8409,0
89,cpu_t4,3,122919,30447,0,1.3047,0.4286,0.1440,0,1.8773,0
89,cpu_t4,4,122919,30447,0,1.1990,0.4158,0.1453,0,1.7602,0
89,cpu_t8,0,122919,30447,0,1.0241,0.4060,0.1871,0,1.6172,0
89,cpu_t8,1,122919,30447,0,1.0275,0.4028,0.2123,0,1.6426,0
89,cpu_t8,2,122919,30447,0,1.0445,0.4039,0.1857,0,1.6340,0
89,cpu_t8,3,122919,30447,0,1.0303,0.4141,0.1916,0,1.6360,0
89,cpu_t8,4,122919,30447,0,1.1227,0.4234,0.1885,0,1.7346,0
89,cpu_t16,0,122919,30447,0,0.7443,0.2303,0.2049,0,1.1794,0
89,cpu_t16,1,122919,30447,0,0.7792,0.2250,0.1867,0,1.1908,0
89,cpu_t16,2,122919,30447,0,0.7649,0.2233,0.1918,0,1.1799,0
89,cpu_t16,3,122919,30447,0,0.7610,0.2231,0.1929,0,1.1769,0
89,cpu_t16,4,122919,30447,0,0.7434,0.2245,0.2042,0,1.1722,0
89,gpu_thrust_uf,0,122919,30447,0.0837,2.0291,0.0584,0.3072,0.0370,2.5582,0
89,gpu_thrust_uf,1,122919,30447,0.0793,2.8880,0.0901,0.3072,0.0218,3.4195,0
89,gpu_thrust_uf,2,122919,30447,0.0783,1.0551,0.1126,0.3666,0.0359,1.6975,0
89,gpu_thrust_uf,3,122919,30447,0.0780,1.0452,0.0860,0.3052,0.0228,1.5680,0
89,gpu_thrust_uf,4,122919,30447,0.0767,0.7819,0.0778,0.3062,0.0222,1.2900,0
89,gpu_hash_uf,0,122919,30447,0.0797,0.2619,0.0604,0.3072,0.0215,0.7525,0
89,gpu_hash_uf,1,122919,30447,0.0779,0.2504,0.0819,0.3062,0.0209,0.7580,0
89,gpu_hash_uf,2,122919,30447,0.0769,0.2564,0.0829,0.3062,0.0214,0.7679,0
89,gpu_hash_uf,3,122919,30447,0.0770,0.2424,0.0748,0.3297,0.0267,0.7759,0
89,gpu_hash_uf,4,122919,30447,0.0815,0.2843,0.0573,0.3052,0.0215,0.7842,0
89,gpu_hash_prop,0,122919,30447,0.1051,0.2418,0.0860,24.4101,0.0905,24.9586,203
89,gpu_hash_prop,1,122919,30447,0.0784,0.4306,0.1219,22.3602,0.0455,23.0646,203
89,gpu_hash_prop,2,122919,30447,0.0887,0.3658,0.1229,25.3604,0.0900,26.0506,203
89,gpu_hash_prop,3,122919,30447,0.0846,0.4480,0.0604,22.4358,0.0327,23.0846,203
89,gpu_hash_prop,4,122919,30447,0.1005,0.5171,0.1270,22.3365,0.0207,23.1300,203
89,gpu_hash_prop16,0,122919,30447,0.0808,0.2328,0.0573,6.1225,0.0257,6.5438,208
89,gpu_hash_prop16,1,122919,30447,0.1023,0.2857,0.1096,3.6004,0.0343,4.1647,208
89,gpu_hash_prop16,2,122919,30447,0.0769,0.2587,0.0614,7.1854,0.0244,7.6270,208
89,gpu_hash_prop16,3,122919,30447,0.0808,0.2796,0.1157,4.9705,0.0291,5.4972,208
89,gpu_hash_prop16,4,122919,30447,0.0780,0.2624,0.0614,3.1078,0.0291,3.5612,208
90,cpu_t1,0,122987,30617,0,4.0219,1.4984,0.1446,0,5.6650,0
90,cpu_t1,1,122987,30617,0,3.9928,1.5261,0.1411,0,5.6600,0
90,cpu_t1,2,122987,30617,0,4.5555,1.5324,0.1564,0,6.2443,0
90,cpu_t1,3,122987,30617,0,4.2531,1.5011,0.1512,0,5.9055,0
90,cpu_t1,4,122987,30617,0,3.9993,1.4426,0.1411,0,5.5830,0
90,cpu_t2,0,122987,30617,0,2.0369,0.7532,0.1446,0,2.9347,0
90,cpu_t2,1,122987,30617,0,2.1110,0.9862,0.1503,0,3.2474,0
90,cpu_t2,2,122987,30617,0,2.6402,1.5233,0.1861,0,4.3496,0
90,cpu_t2,3,122987,30617,0,2.8855,1.6545,0.1844,0,4.7244,0
90,cpu_t2,4,122987,30617,0,2.8347,1.5956,0.1833,0,4.6136,0
90,cpu_t4,0,122987,30617,0,1.4165,0.8081,0.1431,0,2.3677,0
90,cpu_t4,1,122987,30617,0,1.2446,0.3940,0.1412,0,1.7797,0
90,cpu_t4,2,122987,30617,0,1.2565,0.3974,0.1546,0,1.8085,0
90,cpu_t4,3,122987,30617,0,1.2392,0.3977,0.1413,0,1.7781,0
90,cpu_t4,4,122987,30617,0,1.2582,0.3827,0.1402,0,1.7812,0
90,cpu_t8,0,122987,30617,0,0.9762,0.3946,0.1900,0,1.5608,0
90,cpu_t8,1,122987,30617,0,1.0708,0.4124,0.1810,0,1.6641,0
90,cpu_t8,2,122987,30617,0,1.0675,0.3622,0.1751,0,1.6048,0
90,cpu_t8,3,122987,30617,0,1.1585,0.3805,0.1781,0,1.7171,0
90,cpu_t8,4,122987,30617,0,1.1224,0.3870,0.1431,0,1.6525,0
90,cpu_t16,0,122987,30617,0,0.7396,0.2803,0.1917,0,1.2116,0
90,cpu_t16,1,122987,30617,0,1.3348,0.3925,0.1897,0,1.9169,0
90,cpu_t16,2,122987,30617,0,1.4105,0.3775,0.2012,0,1.9892,0
90,cpu_t16,3,122987,30617,0,0.9588,0.2214,0.1778,0,1.3580,0
90,cpu_t16,4,122987,30617,0,0.7264,0.2146,0.1815,0,1.1224,0
90,gpu_thrust_uf,0,122987,30617,0.0827,1.2725,0.1055,0.3676,0.0550,1.9352,0
90,gpu_thrust_uf,1,122987,30617,0.0945,2.7541,0.0922,0.2796,0.0209,3.2725,0
90,gpu_thrust_uf,2,122987,30617,0.0786,0.8186,0.0829,0.2785,0.0376,1.3221,0
90,gpu_thrust_uf,3,122987,30617,0.0780,0.7649,0.0870,0.2796,0.0222,1.2603,0
90,gpu_thrust_uf,4,122987,30617,0.0768,0.7778,0.1055,0.2785,0.0245,1.2882,0
90,gpu_hash_uf,0,122987,30617,0.0809,0.2780,0.0881,0.2796,0.0204,0.7646,0
90,gpu_hash_uf,1,122987,30617,0.0779,0.2894,0.0584,0.2796,0.0199,0.7499,0
90,gpu_hash_uf,2,122987,30617,0.0779,0.2866,0.0655,0.2785,0.0196,0.7531,0
90,gpu_hash_uf,3,122987,30617,0.0779,0.3121,0.0655,0.2785,0.0222,0.7812,0
90,gpu_hash_uf,4,122987,30617,0.0779,0.2772,0.0614,0.2796,0.0211,0.7445,0
90,gpu_hash_prop,0,122987,30617,0.0785,0.3140,0.1360,15.5730,0.0252,16.1553,205
90,gpu_hash_prop,1,122987,30617,0.0806,0.2836,0.1055,15.1214,0.0607,15.6873,205
90,gpu_hash_prop,2,122987,30617,0.0797,0.2794,0.1065,15.0446,0.0281,15.5621,205
90,gpu_hash_prop,3,122987,30617,0.0819,0.2765,0.0584,15.0118,0.0248,15.4712,205
90,gpu_hash_prop,4,122987,30617,0.0805,0.2280,0.0614,14.9606,0.0258,15.3763,205
90,gpu_hash_prop16,0,122987,30617,0.0768,0.2212,0.0614,11.5948,0.0947,12.0706,208
90,gpu_hash_prop16,1,122987,30617,0.0804,0.3363,0.1024,10.6639,0.0836,11.2895,208
90,gpu_hash_prop16,2,122987,30617,0.0783,0.3498,0.1260,7.4714,0.0836,8.1307,208
90,gpu_hash_prop16,3,122987,30617,0.0773,0.3622,0.1249,10.4182,0.0359,11.0441,208
90,gpu_hash_prop16,4,122987,30617,0.0780,0.4485,0.1280,7.8121,0.0315,8.5245,208
91,cpu_t1,0,123040,30495,0,3.9784,1.4181,0.1499,0,5.5464,0
91,cpu_t1,1,123040,30495,0,3.9811,1.4154,0.1396,0,5.5361,0
91,cpu_t1,2,123040,30495,0,3.9558,1.4851,0.1500,0,5.5909,0
91,cpu_t1,3,123040,30495,0,3.9610,1.5278,0.1393,0,5.6281,0
91,cpu_t1,4,123040,30495,0,5.0063,1.4579,0.1407,0,6.6049,0
91,cpu_t2,0,123040,30495,0,2.1128,0.7357,0.1395,0,2.9879,0
91,cpu_t2,1,123040,30495,0,2.0675,0.7894,0.1396,0,2.9965,0
91,cpu_t2,2,123040,30495,0,2.2145,0.7634,0.1696,0,3.1476,0
91,cpu_t2,3,123040,30495,0,2.1263,0.7636,0.1390,0,3.0289,0
91,cpu_t2,4,123040,30495,0,2.1287,0.7473,0.1415,0,3.0176,0
91,cpu_t4,0,123040,30495,0,1.2600,0.3988,0.1389,0,1.7976,0
91,cpu_t4,1,123040,30495,0,1.4214,0.4386,0.1452,0,2.0052,0
91,cpu_t4,2,123040,30495,0,1.3377,0.7646,0.1479,0,2.2502,0
91,cpu_t4,3,123040,30495,0,1.6297,0.7961,0.1396,0,2.5654,0
91,cpu_t4,4,123040,30495,0,1.5680,0.8031,0.1384,0,2.5095,0
91,cpu_t8,0,123040,30495,0,1.0415,0.3897,0.1410,0,1.5723,0
91,cpu_t8,1,123040,30495,0,1.0902,0.3827,0.1558,0,1.6287,0
91,cpu_t8,2,123040,30495,0,1.0523,0.3941,0.1548,0,1.6012,0
91,cpu_t8,3,123040,30495,0,1.0866,0.3933,0.1401,0,1.6199,0
91,cpu_t8,4,123040,30495,0,1.0529,0.4012,0.1401,0,1.5943,0
91,cpu_t16,0,123040,30495,0,1.5498,0.3498,0.1906,0,2.0902,0
91,cpu_t16,1,123040,30495,0,1.3688,0.4458,0.1884,0,2.0030,0
91,cpu_t16,2,123040,30495,0,1.6186,0.5510,0.5968,0,2.7664,0
91,cpu_t16,3,123040,30495,0,1.7264,0.4149,0.1872,0,2.3285,0
91,cpu_t16,4,123040,30495,0,1.3993,0.4403,0.1866,0,2.0263,0
91,gpu_thrust_uf,0,123040,30495,0.1007,0.9835,0.0666,0.2836,0.0541,1.5274,0
91,gpu_thrust_uf,1,123040,30495,0.0780,0.8371,0.1034,0.3205,0.0560,1.4262,0
91,gpu_thrust_uf,2,123040,30495,0.0781,0.8750,0.0655,0.2847,0.0232,1.3541,0
91,gpu_thrust_uf,3,123040,30495,0.0812,0.9082,0.0625,0.2836,0.0294,1.3922,0
91,gpu_thrust_uf,4,123040,30495,0.0784,0.7876,0.0625,0.2836,0.0262,1.2684,0
91,gpu_hash_uf,0,123040,30495,0.0797,0.2684,0.1761,0.3041,0.0288,0.8848,0
91,gpu_hash_uf,1,123040,30495,0.0785,4.6340,0.0594,0.2836,0.0531,5.1486,0
91,gpu_hash_uf,2,123040,30495,0.0902,0.2810,0.0993,0.3523,0.0333,0.8909,0
91,gpu_hash_uf,3,123040,30495,0.1252,0.2515,0.0635,0.2836,0.0300,0.7807,0
91,gpu_hash_uf,4,123040,30495,0.0780,0.2441,0.0655,0.2836,0.0540,0.7532,0
91,gpu_hash_prop,0,123040,30495,0.0817,0.2876,0.0666,16.2673,0.0631,16.7954,194
91,gpu_hash_prop,1,123040,30495,0.0788,0.3206,0.0604,21.9761,0.1212,22.5806,194
91,gpu_hash_prop,2,123040,30495,0.0893,0.7155,0.1114,16.2253,0.0552,17.2255,194
91,gpu_hash_prop,3,123040,30495,0.0787,0.2596,0.1106,14.6063,0.0269,15.1070,194
91,gpu_hash_prop,4,123040,30495,0.0886,0.2299,0.0707,14.3442,0.0260,14.7914,194
91,gpu_hash_prop16,0,123040,30495,0.0780,0.2266,0.0748,6.5085,0.0348,6.9439,208
91,gpu_hash_prop16,1,123040,30495,0.0786,0.2325,0.0635,4.2578,0.0438,4.6977,208
91,gpu_hash_prop16,2,123040,30495,0.0797,0.2804,0.0676,4.2201,0.0523,4.7220,208
91,gpu_hash_prop16,3,123040,30495,0.1163,0.3717,0.0676,10.0639,0.1127,10.7624,208
91,gpu_hash_prop16,4,123040,30495,0.1019,0.3989,0.1280,11.0080,0.0442,11.7119,208
92,cpu_t1,0,123020,30415,0,4.0101,1.5577,0.1511,0,5.7189,0
92,cpu_t1,1,123020,30415,0,3.9534,1.6147,0.1467,0,5.7148,0
92,cpu_t1,2,123020,30415,0,3.9816,1.6268,0.1473,0,5.7557,0
92,cpu_t1,3,123020,30415,0,3.9966,1.5458,0.1479,0,5.6904,0
92,cpu_t1,4,123020,30415,0,3.9789,1.4872,0.1473,0,5.6134,0
92,cpu_t2,0,123020,30415,0,2.7614,0.8006,0.1473,0,3.7093,0
92,cpu_t2,1,123020,30415,0,2.1586,0.7674,0.1448,0,3.0708,0
92,cpu_t2,2,123020,30415,0,2.1300,0.7614,0.1447,0,3.0361,0
92,cpu_t2,3,123020,30415,0,2.1217,0.7813,0.1453,0,3.0484,0
92,cpu_t2,4,123020,30415,0,2.0727,0.8706,0.1529,0,3.0962,0
92,cpu_t4,0,123020,30415,0,1.7093,0.8011,0.2036,0,2.7140,0
92,cpu_t4,1,123020,30415,0,1.7317,0.8258,0.1953,0,2.7528,0
92,cpu_t4,2,123020,30415,0,1.7110,0.8186,0.1906,0,2.7201,0
92,cpu_t4,3,123020,30415,0,1.7236,0.8347,0.2013,0,2.7596,0
92,cpu_t4,4,123020,30415,0,1.7244,0.8658,0.1805,0,2.7706,0
92,cpu_t8,0,123020,30415,0,1.0549,0.4268,0.1845,0,1.6662,0
92,cpu_t8,1,123020,30415,0,1.0232,0.3872,0.1878,0,1.5982,0
92,cpu_t8,2,123020,30415,0,1.0504,0.3965,0.1859,0,1.6329,0
92,cpu_t8,3,123020,30415,0,1.0495,0.3954,0.1954,0,1.6403,0
92,cpu_t8,4,123020,30415,0,1.0359,0.4122,0.1930,0,1.6411,0
92,cpu_t16,0,123020,30415,0,0.8848,0.2074,0.2023,0,1.2945,0
92,cpu_t16,1,123020,30415,0,1.4712,0.3217,0.1848,0,1.9777,0
92,cpu_t16,2,123020,30415,0,1.3688,0.3707,0.2022,0,1.9418,0
92,cpu_t16,3,123020,30415,0,1.3318,0.3117,0.1862,0,1.8297,0
92,cpu_t16,4,123020,30415,0,1.3138,0.2983,0.1871,0,1.7992,0
92,gpu_thrust_uf,0,123020,30415,0.2954,0.7134,0.0655,0.2970,0.0308,1.4429,0
92,gpu_thrust_uf,1,123020,30415,0.2942,0.6127,0.0666,0.2970,0.0426,1.3426,0
92,gpu_thrust_uf,2,123020,30415,0.2978,0.6411,0.0829,0.2970,0.0300,1.3835,0
92,gpu_thrust_uf,3,123020,30415,0.2944,1.0737,0.1382,0.4966,0.0165,2.0483,0
92,gpu_thrust_uf,4,123020,30415,0.2958,8.3166,0.0952,0.3031,0.0384,9.0793,0
92,gpu_hash_uf,0,123020,30415,0.2939,0.3282,0.0942,0.2949,0.0319,1.0663,0
92,gpu_hash_uf,1,123020,30415,0.3002,0.2791,0.0911,0.2949,0.0334,1.0440,0
92,gpu_hash_uf,2,123020,30415,0.2939,0.3399,0.0707,0.2949,0.0388,1.0661,0
92,gpu_hash_uf,3,123020,30415,0.2938,0.3072,0.0696,0.2949,0.0377,1.0308,0
92,gpu_hash_uf,4,123020,30415,0.2976,0.3013,0.0666,0.2949,0.0288,1.0142,0
92,gpu_hash_prop,0,123020,30415,0.2954,0.3549,0.0676,30.6504,0.0438,31.4420,195
92,gpu_hash_prop,1,123020,30415,0.2955,0.4615,0.0932,34.3552,0.0714,35.3061,195
92,gpu_hash_prop,2,123020,30415,0.2953,0.4476,0.1126,20.5773,0.0316,21.4936,195
92,gpu_hash_prop,3,123020,30415,0.2955,0.2984,0.0686,25.7894,0.0304,26.5019,195
92,gpu_hash_prop,4,123020,30415,0.2985,0.3928,0.0727,20.4134,0.0491,21.2573,195
92,gpu_hash_prop16,0,123020,30415,0.0888,0.3268,0.0942,7.5152,0.1051,8.1537,208
92,gpu_hash_prop16,1,123020,30415,0.0814,1.4579,0.0471,9.3532,0.0376,11.0049,208
92,gpu_hash_prop16,2,123020,30415,0.0786,0.3844,0.1126,9.6318,0.1304,10.3665,208
92,gpu_hash_prop16,3,123020,30415,0.1014,0.3686,0.0461,7.3646,0.0843,7.9907,208
92,gpu_hash_prop16,4,123020,30415,0.1190,0.3398,0.0880,9.0337,0.1112,9.7144,208
93,cpu_t1,0,123127,30229,0,4.0769,1.5230,0.1888,0,5.7887,0
93,cpu_t1,1,123127,30229,0,3.8669,1.5277,0.1449,0,5.5395,0
93,cpu_t1,2,123127,30229,0,4.4457,1.4731,0.1475,0,6.0663,0
93,cpu_t1,3,123127,30229,0,3.9421,1.4637,0.1436,0,5.5494,0
93,cpu_t1,4,123127,30229,0,3.9147,1.4849,0.1431,0,5.5427,0
93,cpu_t2,0,123127,30229,0,2.4495,0.8269,0.1475,0,3.4239,0
93,cpu_t2,1,123127,30229,0,2.1870,0.8060,0.1450,0,3.1380,0
93,cpu_t2,2,123127,30229,0,2.1751,0.8241,0.1445,0,3.1437,0
93,cpu_t2,3,123127,30229,0,2.1636,0.8130,0.1457,0,3.1223,0
93,cpu_t2,4,123127,30229,0,2.1945,1.0094,0.2190,0,3.4229,0
93,cpu_t4,0,123127,30229,0,1.5916,0.7337,0.1496,0,2.4748,0
93,cpu_t4,1,123127,30229,0,1.5565,0.7323,0.1468,0,2.4356,0
93,cpu_t4,2,123127,30229,0,1.5453,0.7658,0.1467,0,2.4577,0
93,cpu_t4,3,123127,30229,0,1.5920,0.7513,0.1574,0,2.5007,0
93,cpu_t4,4,123127,30229,0,1.7266,0.4454,0.1460,0,2.3179,0
93,cpu_t8,0,123127,30229,0,1.0760,0.3889,0.1856,0,1.6505,0
93,cpu_t8,1,123127,30229,0,1.0433,0.3747,0.1817,0,1.5997,0
93,cpu_t8,2,123127,30229,0,1.0675,0.4055,0.1819,0,1.6550,0
93,cpu_t8,3,123127,30229,0,1.0995,0.4247,0.1863,0,1.7106,0
93,cpu_t8,4,123127,30229,0,1.0567,0.4034,0.1896,0,1.6498,0
93,cpu_t16,0,123127,30229,0,0.7578,0.2159,0.1867,0,1.1605,0
93,cpu_t16,1,123127,30229,0,0.7587,0.2867,0.1792,0,1.2245,0
93,cpu_t16,2,123127,30229,0,0.8334,0.3782,0.1884,0,1.4000,0
93,cpu_t16,3,123127,30229,0,0.8489,0.2143,0.1806,0,1.2438,0
93,cpu_t16,4,123127,30229,0,1.1251,0.4820,0.2180,0,1.8251,0
93,gpu_thrust_uf,0,123127,30229,0.0807,3.8552,0.0748,0.2447,0.0196,4.3162,0
93,gpu_thrust_uf,1,123127,30229,0.0889,4.2126,0.0502,0.3031,0.0366,4.7458,0
93,gpu_thrust_uf,2,123127,30229,0.0781,1.0343,0.0543,0.2458,0.0196,1.4766,0
93,gpu_thrust_uf,3,123127,30229,0.0960,0.7957,0.0727,0.2437,0.0345,1.2670,0
93,gpu_thrust_uf,4,123127,30229,0.0780,0.7653,0.1420,0.2437,0.0375,1.2965,0
93,gpu_hash_uf,0,123127,30229,0.0817,0.4316,0.0543,0.2447,0.0275,0.9736,0
93,gpu_hash_uf,1,123127,30229,0.0786,2.5302,0.0471,0.2447,0.0278,2.9596,0
93,gpu_hash_uf,2,123127,30229,0.0828,0.3030,0.0512,0.2447,0.0236,0.7305,0
93,gpu_hash_uf,3,123127,30229,0.0804,0.2082,0.0543,0.2437,0.0228,0.6368,0
93,gpu_hash_uf,4,123127,30229,0.0827,0.2176,0.0543,0.2437,0.0307,0.6625,0
93,gpu_hash_prop,0,123127,30229,0.0786,0.2365,0.0492,11.2712,0.1068,11.7655,173
93,gpu_hash_prop,1,123127,30229,0.0982,1.7457,0.0481,21.1200,0.0966,23.1383,173
93,gpu_hash_prop,2,123127,30229,0.0787,0.3462,0.0922,10.9906,0.0384,11.5862,173
93,gpu_hash_prop,3,123127,30229,0.0809,0.3121,0.0510,11.9081,0.0256,12.4002,173
93,gpu_hash_prop,4,123127,30229,0.0806,0.2326,0.0543,10.9240,0.0258,11.3381,173
93,gpu_hash_prop16,0,123127,30229,0.0804,0.2590,0.0707,4.6541,0.0259,5.1071,176
93,gpu_hash_prop16,1,123127,30229,0.0812,0.2572,0.0717,3.5379,0.0245,3.9929,176
93,gpu_hash_prop16,2,123127,30229,0.0798,0.2202,0.0502,5.3565,0.0274,5.7546,176
93,gpu_hash_prop16,3,123127,30229,0.0781,0.2260,0.0696,3.4796,0.0266,3.9015,176
93,gpu_hash_prop16,4,123127,30229,0.0799,0.2959,0.0543,4.7411,0.0236,5.2150,176
94,cpu_t1,0,123140,30237,0,3.9946,1.9749,0.1525,0,6.1220,0
94,cpu_t1,1,123140,30237,0,4.0437,1.4266,0.1490,0,5.6193,0
94,cpu_t1,2,123140,30237,0,4.0256,1.5390,0.1522,0,5.7169,0
94,cpu_t1,3,123140,30237,0,4.0831,1.4892,0.1477,0,5.7200,0
94,cpu_t1,4,123140,30237,0,4.0104,1.4126,0.1470,0,5.5701,0
94,cpu_t2,0,123140,30237,0,2.5344,1.5381,0.1879,0,4.2604,0
94,cpu_t2,1,123140,30237,0,2.8911,1.5796,0.1873,0,4.6580,0
94,cpu_t2,2,123140,30237,0,2.8744,1.6443,0.2062,0,4.7249,0
94,cpu_t2,3,123140,30237,0,2.9541,0.9263,0.1459,0,4.0262,0
94,cpu_t2,4,123140,30237,0,2.3853,0.8780,0.1525,0,3.4159,0
94,cpu_t4,0,123140,30237,0,1.2430,0.4305,0.1526,0,1.8261,0
94,cpu_t4,1,123140,30237,0,1.2442,0.3953,0.1466,0,1.7861,0
94,cpu_t4,2,123140,30237,0,1.2525,0.3957,0.1654,0,1.8136,0
94,cpu_t4,3,123140,30237,0,1.2393,0.3900,0.1586,0,1.7878,0
94,cpu_t4,4,123140,30237,0,1.2357,0.4076,0.1604,0,1.8037,0
94,cpu_t8,0,123140,30237,0,1.0390,0.4257,0.1519,0,1.6166,0
94,cpu_t8,1,123140,30237,0,0.9808,0.4098,0.1575,0,1.5482,0
94,cpu_t8,2,123140,30237,0,0.9976,0.4094,0.1460,0,1.5529,0
94,cpu_t8,3,123140,30237,0,0.9768,0.4092,0.1461,0,1.5321,0
94,cpu_t8,4,123140,30237,0,0.9795,0.4054,0.1451,0,1.5300,0
94,cpu_t16,0,123140,30237,0,1.4328,0.5482,0.1934,0,2.1745,0
94,cpu_t16,1,123140,30237,0,0.9577,0.2464,0.1921,0,1.3963,0
94,cpu_t16,2,123140,30237,0,0.9754,0.2210,0.1904,0,1.3869,0
94,cpu_t16,3,123140,30237,0,0.7566,0.2285,0.1904,0,1.1755,0
94,cpu_t16,4,123140,30237,0,0.7648,0.2251,0.2038,0,1.1938,0
94,gpu_thrust_uf,0,123140,30237,0.0780,0.9223,0.0543,0.2662,0.0440,1.4036,0
94,gpu_thrust_uf,1,123140,30237,0.0823,0.8666,0.1044,0.2662,0.0316,1.3844,0
94,gpu_thrust_uf,2,123140,30237,0.0782,0.7887,0.0758,0.2877,0.0532,1.3144,0
94,gpu_thrust_uf,3,123140,30237,0.0789,2.3361,0.0543,0.2662,0.0293,2.7969,0
94,gpu_thrust_uf,4,123140,30237,0.0803,1.4505,0.0911,0.3830,0.0447,2.0882,0
94,gpu_hash_uf,0,123140,30237,0.0780,0.3998,0.0461,0.2929,0.0283,0.8698,0
94,gpu_hash_uf,1,123140,30237,0.0772,0.4709,0.0754,0.3717,0.0270,1.0554,0
94,gpu_hash_uf,2,123140,30237,0.0780,0.3924,0.0468,0.3297,0.0278,0.9069,0
94,gpu_hash_uf,3,123140,30237,0.0779,0.4646,0.0901,0.3236,0.0278,1.0113,0
94,gpu_hash_uf,4,123140,30237,0.0785,0.4464,0.0911,0.3195,0.0278,0.9905,0
94,gpu_hash_prop,0,123140,30237,0.0789,0.2665,0.0502,10.8984,0.0151,11.3272,175
94,gpu_hash_prop,1,123140,30237,0.0770,0.2496,0.0543,10.7930,0.0235,11.2163,175
94,gpu_hash_prop,2,123140,30237,0.0805,0.2315,0.0492,12.7119,0.0178,13.1093,175
94,gpu_hash_prop,3,123140,30237,0.0805,0.2277,0.0553,11.3194,0.0180,11.7190,175
94,gpu_hash_prop,4,123140,30237,0.0783,0.2437,0.0543,17.0240,0.0151,17.4364,175
94,gpu_hash_prop16,0,123140,30237,0.0781,0.2240,0.0502,3.8697,0.0261,4.2691,176
94,gpu_hash_prop16,1,123140,30237,0.0813,0.2033,0.0471,2.4986,0.0210,2.8740,176
94,gpu_hash_prop16,2,123140,30237,0.0768,0.2021,0.0461,2.5129,0.0207,2.8792,176
94,gpu_hash_prop16,3,123140,30237,0.0781,0.2024,0.0461,2.4863,0.0202,2.8539,176
94,gpu_hash_prop16,4,123140,30237,0.0770,0.1997,0.0512,2.4371,0.0335,2.8174,176
95,cpu_t1,0,123162,30189,0,3.9437,1.5169,0.1782,0,5.6388,0
95,cpu_t1,1,123162,30189,0,4.0097,1.5051,0.1973,0,5.7121,0
95,cpu_t1,2,123162,30189,0,3.9133,1.4983,0.1738,0,5.5854,0
95,cpu_t1,3,123162,30189,0,3.9690,1.5717,0.2906,0,5.8313,0
95,cpu_t1,4,123162,30189,0,4.5584,1.5656,0.2062,0,6.3302,0
95,cpu_t2,0,123162,30189,0,2.1232,0.7954,0.1723,0,3.0910,0
95,cpu_t2,1,123162,30189,0,2.1773,0.8272,0.2215,0,3.2260,0
95,cpu_t2,2,123162,30189,0,2.5186,0.7512,0.1737,0,3.4435,0
95,cpu_t2,3,123162,30189,0,2.1773,0.8892,0.2333,0,3.2998,0
95,cpu_t2,4,123162,30189,0,2.2717,0.7770,0.2154,0,3.2641,0
95,cpu_t4,0,123162,30189,0,1.3862,0.4301,0.1724,0,1.9887,0
95,cpu_t4,1,123162,30189,0,1.2391,0.4470,0.1892,0,1.8753,0
95,cpu_t4,2,123162,30189,0,1.7366,0.5037,0.1771,0,2.4174,0
95,cpu_t4,3,123162,30189,0,1.2473,0.4686,0.2201,0,1.9360,0
95,cpu_t4,4,123162,30189,0,1.3411,0.4663,0.1748,0,1.9823,0
95,cpu_t8,0,123162,30189,0,1.0526,0.4007,0.2115,0,1.6648,0
95,cpu_t8,1,123162,30189,0,1.0295,0.3809,0.2124,0,1.6228,0
95,cpu_t8,2,123162,30189,0,1.0361,0.3808,0.2118,0,1.6286,0
95,cpu_t8,3,123162,30189,0,1.0973,0.3823,0.2124,0,1.6919,0
95,cpu_t8,4,123162,30189,0,1.0951,0.3749,0.1803,0,1.6503,0
95,cpu_t16,0,123162,30189,0,0.9522,0.2670,0.2122,0,1.4314,0
95,cpu_t16,1,123162,30189,0,0.7284,0.2086,0.2152,0,1.1522,0
95,cpu_t16,2,123162,30189,0,0.7140,0.1959,0.2273,0,1.1372,0
95,cpu_t16,3,123162,30189,0,0.8087,0.1967,0.2142,0,1.2197,0
95,cpu_t16,4,123162,30189,0,0.8487,0.2024,0.2490,0,1.3001,0
95,gpu_thrust_uf,0,123162,30189,0.0782,0.8811,0.0509,0.2161,0.0914,1.3599,0
95,gpu_thrust_uf,1,123162,30189,0.0819,0.8370,0.0758,0.2601,0.0242,1.3177,0
95,gpu_thrust_uf,2,123162,30189,0.0809,0.7847,0.1034,0.2161,0.0595,1.2761,0
95,gpu_thrust_uf,3,123162,30189,0.0785,2.0512,0.0471,0.2386,0.0326,2.4766,0
95,gpu_thrust_uf,4,123162,30189,0.0822,0.7692,0.0492,0.2171,0.0212,1.1726,0
95,gpu_hash_uf,0,123162,30189,0.0784,0.4572,0.0468,0.2273,0.0299,0.8634,0
95,gpu_hash_uf,1,123162,30189,0.0770,0.4612,0.0929,0.3123,0.0475,1.0210,0
95,gpu_hash_uf,2,123162,30189,0.0780,0.3606,0.0461,0.2161,0.0279,0.7568,0
95,gpu_hash_uf,3,123162,30189,0.0771,0.3811,0.0532,0.2540,0.0743,0.8671,0
95,gpu_hash_uf,4,123162,30189,0.0956,0.4188,0.0727,0.2806,0.0277,0.9283,0
95,gpu_hash_prop,0,123162,30189,0.0818,0.3568,0.0461,19.1181,0.1058,19.7317,174
95,gpu_hash_prop,1,123162,30189,0.0793,1.4098,0.0461,20.9234,0.0315,22.5344,174
95,gpu_hash_prop,2,123162,30189,0.0788,0.4190,0.0901,19.1437,0.0978,19.8518,174
95,gpu_hash_prop,3,123162,30189,0.0784,0.4530,0.1105,19.0208,0.0898,19.7797,174
95,gpu_hash_prop,4,123162,30189,0.0787,0.3974,0.1116,18.9112,0.0802,19.6015,174
95,gpu_hash_prop16,0,123162,30189,0.0789,0.3668,0.1126,6.5864,0.0315,7.1996,176
95,gpu_hash_prop16,1,123162,30189,0.0784,0.4333,0.0461,8.4931,0.0358,9.1218,176
95,gpu_hash_prop16,2,123162,30189,0.0784,0.3898,0.1137,6.4143,0.0437,7.0668,176
95,gpu_hash_prop16,3,123162,30189,0.0771,0.3599,0.0461,9.0952,0.0884,9.7151,176
95,gpu_hash_prop16,4,123162,30189,0.0780,0.3772,0.0509,6.5536,0.0971,7.1849,176
96,cpu_t1,0,123253,30179,0,3.8896,1.4640,0.1523,0,5.5058,0
96,cpu_t1,1,123253,30179,0,3.9261,1.5015,0.1543,0,5.5820,0
96,cpu_t1,2,123253,30179,0,3.8489,1.4413,0.1600,0,5.4503,0
96,cpu_t1,3,123253,30179,0,3.8922,1.4614,0.1497,0,5.5033,0
96,cpu_t1,4,123253,30179,0,4.5303,1.4576,0.1641,0,6.1520,0
96,cpu_t2,0,123253,30179,0,2.2302,0.7372,0.1482,0,3.1156,0
96,cpu_t2,1,123253,30179,0,2.2399,0.7166,0.1560,0,3.1124,0
96,cpu_t2,2,123253,30179,0,2.4554,0.7484,0.1496,0,3.3534,0
96,cpu_t2,3,123253,30179,0,2.2433,0.7606,0.1762,0,3.1801,0
96,cpu_t2,4,123253,30179,0,2.1971,0.7429,0.1483,0,3.0883,0
96,cpu_t4,0,123253,30179,0,1.4050,0.3824,0.1687,0,1.9561,0
96,cpu_t4,1,123253,30179,0,1.2640,0.7973,0.1577,0,2.2189,0
96,cpu_t4,2,123253,30179,0,1.7466,0.5760,0.1563,0,2.4790,0
96,cpu_t4,3,123253,30179,0,1.2744,0.3864,0.1501,0,1.8109,0
96,cpu_t4,4,123253,30179,0,1.3150,0.3765,0.1520,0,1.8435,0
96,cpu_t8,0,123253,30179,0,1.0832,0.3455,0.1887,0,1.6174,0
96,cpu_t8,1,123253,30179,0,1.0772,0.3572,0.1891,0,1.6235,0
96,cpu_t8,2,123253,30179,0,1.0784,0.3538,0.1877,0,1.6198,0
96,cpu_t8,3,123253,30179,0,1.0675,0.3848,0.1891,0,1.6415,0
96,cpu_t8,4,123253,30179,0,1.0699,0.3783,0.1943,0,1.6425,0
96,cpu_t16,0,123253,30179,0,0.8114,0.1977,0.1905,0,1.1995,0
96,cpu_t16,1,123253,30179,0,0.8259,0.2061,0.1882,0,1.2202,0
96,cpu_t16,2,123253,30179,0,0.7864,0.2626,0.2210,0,1.2700,0
96,cpu_t16,3,123253,30179,0,1.2923,0.3871,0.1883,0,1.8677,0
96,cpu_t16,4,123253,30179,0,2.0570,0.3926,0.1992,0,2.6488,0
96,gpu_thrust_uf,0,123253,30179,0.0786,0.7870,0.0748,0.2212,0.0232,1.2243,0
96,gpu_thrust_uf,1,123253,30179,0.0820,0.7099,0.0492,0.2212,0.0227,1.1102,0
96,gpu_thrust_uf,2,123253,30179,0.0812,1.0253,0.0778,0.2212,0.0219,1.4500,0
96,gpu_thrust_uf,3,123253,30179,0.0814,0.7172,0.0727,0.2202,0.0318,1.1480,0
96,gpu_thrust_uf,4,123253,30179,0.0782,0.7610,0.0726,0.2212,0.0223,1.1804,0
96,gpu_hash_uf,0,123253,30179,0.0804,0.2088,0.0492,0.2212,0.0278,0.6046,0
96,gpu_hash_uf,1,123253,30179,0.0818,0.3354,0.0973,0.2212,0.0257,0.7849,0
96,gpu_hash_uf,2,123253,30179,0.0769,0.3020,0.1055,0.2212,0.0233,0.7536,0
96,gpu_hash_uf,3,123253,30179,0.0780,0.2567,0.0768,0.2437,0.0231,0.7028,0
96,gpu_hash_uf,4,123253,30179,0.0783,0.2673,0.0532,0.2202,0.0507,0.6944,0
96,gpu_hash_prop,0,123253,30179,0.0780,0.2624,0.0737,13.3898,0.0507,13.8764,179
96,gpu_hash_prop,1,123253,30179,0.0807,0.2595,0.0717,16.5949,0.0415,17.0734,179
96,gpu_hash_prop,2,123253,30179,0.0784,0.4545,0.0910,18.8836,0.0240,19.5543,179
96,gpu_hash_prop,3,123253,30179,0.0798,0.2130,0.0502,12.3812,0.0281,12.7733,179
96,gpu_hash_prop,4,123253,30179,0.0788,0.2066,0.0492,19.1754,0.0891,19.6204,179
96,gpu_hash_prop16,0,123253,30179,0.0784,0.3544,0.1126,5.6904,0.0253,6.2841,192
96,gpu_hash_prop16,1,123253,30179,0.0780,0.2185,0.0461,5.9464,0.0809,6.3899,192
96,gpu_hash_prop16,2,123253,30179,0.0790,0.4676,0.1147,6.5229,0.0463,7.2599,192
96,gpu_hash_prop16,3,123253,30179,0.1148,0.3846,0.0509,9.7895,0.0897,10.4596,192
96,gpu_hash_prop16,4,123253,30179,0.0792,0.3677,0.0461,6.6253,0.0918,7.2366,192
97,cpu_t1,0,123259,30004,0,4.0794,1.4807,0.1607,0,5.7208,0
97,cpu_t1,1,123259,30004,0,4.2683,1.5733,0.1560,0,5.9976,0
97,cpu_t1,2,123259,30004,0,3.9677,1.5245,0.1567,0,5.6489,0
97,cpu_t1,3,123259,30004,0,4.0274,1.5004,0.1535,0,5.6813,0
97,cpu_t1,4,123259,30004,0,4.1288,1.4260,0.1849,0,5.7398,0
97,cpu_t2,0,123259,30004,0,2.1142,0.7732,0.1521,0,3.0396,0
97,cpu_t2,1,123259,30004,0,2.1757,0.7664,0.1671,0,3.1092,0
97,cpu_t2,2,123259,30004,0,2.1404,0.7154,0.1528,0,3.0086,0
97,cpu_t2,3,123259,30004,0,2.2871,0.7339,0.1750,0,3.1960,0
97,cpu_t2,4,123259,30004,0,2.1610,0.7521,0.1558,0,3.0689,0
97,cpu_t4,0,123259,30004,0,1.2948,0.3664,0.1836,0,1.8448,0
97,cpu_t4,1,123259,30004,0,1.2513,0.3862,0.1515,0,1.7890,0
97,cpu_t4,2,123259,30004,0,1.2706,0.4152,0.1544,0,1.8401,0
97,cpu_t4,3,123259,30004,0,1.2518,0.3888,0.1510,0,1.7917,0
97,cpu_t4,4,123259,30004,0,1.8622,0.4364,0.1561,0,2.4547,0
97,cpu_t8,0,123259,30004,0,1.0289,0.4626,0.1548,0,1.6463,0
97,cpu_t8,1,123259,30004,0,1.0160,0.3919,0.1528,0,1.5606,0
97,cpu_t8,2,123259,30004,0,1.0244,0.3900,0.1519,0,1.5663,0
97,cpu_t8,3,123259,30004,0,0.9833,0.4049,0.1564,0,1.5446,0
97,cpu_t8,4,123259,30004,0,1.0276,0.4095,0.1527,0,1.5897,0
97,cpu_t16,0,123259,30004,0,1.3570,0.4043,0.1919,0,1.9531,0
97,cpu_t16,1,123259,30004,0,1.3947,0.4116,0.1938,0,2.0001,0
97,cpu_t16,2,123259,30004,0,1.3826,0.3924,0.1936,0,1.9686,0
97,cpu_t16,3,123259,30004,0,1.3746,0.4260,0.2022,0,2.0029,0
97,cpu_t16,4,123259,30004,0,1.3625,0.4216,0.1985,0,1.9827,0
97,gpu_thrust_uf,0,123259,30004,0.0781,0.8915,0.0584,0.1956,0.0266,1.2875,0
97,gpu_thrust_uf,1,123259,30004,0.0823,0.7504,0.0492,0.1956,0.0298,1.1475,0
97,gpu_thrust_uf,2,123259,30004,0.0816,1.3523,0.0471,0.1956,0.0270,1.7400,0
97,gpu_thrust_uf,3,123259,30004,0.0804,2.7055,0.1219,0.2970,0.0534,3.2875,0
97,gpu_thrust_uf,4,123259,30004,0.1018,0.8535,0.0502,0.2540,0.0303,1.3189,0
97,gpu_hash_uf,0,123259,30004,0.0781,0.4419,0.0469,0.2171,0.0289,0.8434,0
97,gpu_hash_uf,1,123259,30004,0.0774,0.3442,0.0758,0.2253,0.0299,0.7784,0
97,gpu_hash_uf,2,123259,30004,0.0772,0.3975,0.0502,0.2335,0.0304,0.8184,0
97,gpu_hash_uf,3,123259,30004,0.0770,0.5023,0.0911,0.2918,0.0277,1.0172,0
97,gpu_hash_uf,4,123259,30004,0.0770,0.3656,0.0502,0.2540,0.0572,0.8325,0
97,gpu_hash_prop,0,123259,30004,0.0976,1.9182,0.0922,22.8444,0.0322,25.0183,204
97,gpu_hash_prop,1,123259,30004,0.0819,0.3469,0.0962,21.5492,0.0652,22.1649,204
97,gpu_hash_prop,2,123259,30004,0.1022,0.5260,0.0889,22.7052,0.0402,23.4904,204
97,gpu_hash_prop,3,123259,30004,0.0787,0.4851,0.1002,22.1676,0.0852,22.9490,204
97,gpu_hash_prop,4,123259,30004,0.0787,0.4190,0.0502,21.9945,0.0302,22.5989,204
97,gpu_hash_prop16,0,123259,30004,0.0807,0.2268,0.0492,6.1553,0.0312,6.5725,208
97,gpu_hash_prop16,1,123259,30004,0.0785,0.2191,0.0492,2.8631,0.0263,3.2587,208
97,gpu_hash_prop16,2,123259,30004,0.0771,0.2054,0.0502,6.8403,0.0530,7.2484,208
97,gpu_hash_prop16,3,123259,30004,0.0790,0.2597,0.0963,4.7442,0.0263,5.2298,208
97,gpu_hash_prop16,4,123259,30004,0.0798,0.2796,0.0737,3.1990,0.0322,3.6853,208
98,cpu_t1,0,123174,29879,0,4.0395,1.4988,0.1506,0,5.6889,0
98,cpu_t1,1,123174,29879,0,4.1159,1.4302,0.1489,0,5.6950,0
98,cpu_t1,2,123174,29879,0,4.1015,1.4775,0.1563,0,5.7353,0
98,cpu_t1,3,123174,29879,0,3.9342,1.5657,0.2014,0,5.7013,0
98,cpu_t1,4,123174,29879,0,4.0494,1.3820,0.1457,0,5.5770,0
98,cpu_t2,0,123174,29879,0,2.1784,0.7140,0.1442,0,3.0366,0
98,cpu_t2,1,123174,29879,0,2.0994,0.8861,0.1439,0,3.1294,0
98,cpu_t2,2,123174,29879,0,2.9804,0.7479,0.1456,0,3.8739,0
98,cpu_t2,3,123174,29879,0,2.1138,0.7100,0.1660,0,2.9899,0
98,cpu_t2,4,123174,29879,0,2.0825,0.7102,0.1448,0,2.9375,0
98,cpu_t4,0,123174,29879,0,1.2343,0.3843,0.1454,0,1.7640,0
98,cpu_t4,1,123174,29879,0,1.2474,0.3804,0.1471,0,1.7749,0
98,cpu_t4,2,123174,29879,0,1.5341,0.5771,0.1493,0,2.2605,0
98,cpu_t4,3,123174,29879,0,1.5248,0.5485,0.1488,0,2.2221,0
98,cpu_t4,4,123174,29879,0,1.2817,0.4929,0.2205,0,1.9951,0
98,cpu_t8,0,123174,29879,0,0.8200,0.1882,0.1478,0,1.1560,0
98,cpu_t8,1,123174,29879,0,0.8189,0.2019,0.1457,0,1.1665,0
98,cpu_t8,2,123174,29879,0,0.8263,0.2187,0.1458,0,1.1908,0
98,cpu_t8,3,123174,29879,0,0.8271,0.1870,0.1500,0,1.1642,0
98,cpu_t8,4,123174,29879,0,0.7871,0.2016,0.1454,0,1.1342,0
98,cpu_t16,0,123174,29879,0,1.2955,0.3970,0.1923,0,1.8847,0
98,cpu_t16,1,123174,29879,0,1.3392,0.4207,0.1893,0,1.9493,0
98,cpu_t16,2,123174,29879,0,1.2426,0.2310,0.1897,0,1.6632,0
98,cpu_t16,3,123174,29879,0,0.7472,0.2468,0.1907,0,1.1847,0
98,cpu_t16,4,123174,29879,0,0.7733,0.2187,0.1901,0,1.1821,0
98,gpu_thrust_uf,0,123174,29879,0.0838,1.2360,0.0543,0.2099,0.0495,1.6752,0
98,gpu_thrust_uf,1,123174,29879,0.0783,0.7931,0.0993,0.2099,0.0340,1.2460,0
98,gpu_thrust_uf,2,123174,29879,0.0818,0.7852,0.0502,0.2099,0.0820,1.2444,0
98,gpu_thrust_uf,3,123174,29879,0.0784,2.6900,0.0461,0.2140,0.0260,3.0855,0
98,gpu_thrust_uf,4,123174,29879,0.0959,1.5123,0.0717,0.2120,0.0234,1.9464,0
98,gpu_hash_uf,0,123174,29879,0.0799,0.2541,0.0707,0.2417,0.0196,0.6877,0
98,gpu_hash_uf,1,123174,29879,0.0804,0.1940,0.0502,0.2099,0.0220,0.5813,0
98,gpu_hash_uf,2,123174,29879,0.0801,0.1988,0.0502,0.2099,0.0336,0.5974,0
98,gpu_hash_uf,3,123174,29879,0.0780,0.2028,0.0532,0.2099,0.0221,0.5945,0
98,gpu_hash_uf,4,123174,29879,0.0798,0.2144,0.0543,0.2099,0.0237,0.6032,0
98,gpu_hash_prop,0,123174,29879,0.0789,0.2147,0.0543,11.5999,0.0311,12.0037,180
98,gpu_hash_prop,1,123174,29879,0.0783,0.2283,0.0461,10.2298,0.0463,10.6510,180
98,gpu_hash_prop,2,123174,29879,0.0780,0.2059,0.0502,14.0165,0.0498,14.4212,180
98,gpu_hash_prop,3,123174,29879,0.0830,0.2427,0.0542,13.2280,0.0290,13.7195,180
98,gpu_hash_prop,4,123174,29879,0.0809,0.2373,0.0532,19.1068,0.1204,19.6293,180
98,gpu_hash_prop16,0,123174,29879,0.0874,1.8665,0.0492,6.6253,0.1247,8.7812,192
98,gpu_hash_prop16,1,123174,29879,0.1019,0.4541,0.0459,6.7748,0.0901,7.4918,192
98,gpu_hash_prop16,2,123174,29879,0.0782,2.0942,0.1014,6.6152,0.1042,9.0223,192
98,gpu_hash_prop16,3,123174,29879,0.0783,0.4249,0.0952,9.4177,0.0666,10.1102,192
98,gpu_hash_prop16,4,123174,29879,0.0783,0.3585,0.1024,6.6929,0.0290,7.2911,192
99,cpu_t1,0,123181,29833,0,3.9185,1.4559,0.1455,0,5.5198,0
99,cpu_t1,1,123181,29833,0,4.1611,1.5451,0.1432,0,5.8494,0
99,cpu_t1,2,123181,29833,0,3.9743,1.4640,0.1416,0,5.5799,0
99,cpu_t1,3,123181,29833,0,3.9612,1.4891,0.1420,0,5.5923,0
99,cpu_t1,4,123181,29833,0,4.6068,1.4065,0.1438,0,6.1570,0
99,cpu_t2,0,123181,29833,0,2.0826,0.7421,0.1454,0,2.9701,0
99,cpu_t2,1,123181,29833,0,2.0844,0.7646,0.1566,0,3.0056,0
99,cpu_t2,2,123181,29833,0,2.0563,0.6941,0.1575,0,2.9079,0
99,cpu_t2,3,123181,29833,0,2.3848,0.8876,0.1968,0,3.4691,0
99,cpu_t2,4,123181,29833,0,2.3341,0.7252,0.1418,0,3.2011,0
99,cpu_t4,0,123181,29833,0,1.2968,0.3993,0.1440,0,1.8401,0
99,cpu_t4,1,123181,29833,0,1.2495,0.3771,0.1401,0,1.7667,0
99,cpu_t4,2,123181,29833,0,1.2821,0.3622,0.1756,0,1.8200,0
99,cpu_t4,3,123181,29833,0,1.2499,0.3854,0.1411,0,1.7764,0
99,cpu_t4,4,123181,29833,0,1.2959,0.3675,0.1602,0,1.8235,0
99,cpu_t8,0,123181,29833,0,1.0531,0.3971,0.1427,0,1.5929,0
99,cpu_t8,1,123181,29833,0,1.0575,0.4240,0.1423,0,1.6238,0
99,cpu_t8,2,123181,29833,0,1.0570,0.4112,0.1401,0,1.6083,0
99,cpu_t8,3,123181,29833,0,0.9807,0.4064,0.1405,0,1.5276,0
99,cpu_t8,4,123181,29833,0,0.9589,0.4113,0.1411,0,1.5113,0
99,cpu_t16,0,123181,29833,0,1.3299,0.3921,0.1861,0,1.9080,0
99,cpu_t16,1,123181,29833,0,1.3728,0.4078,0.1855,0,1.9660,0
99,cpu_t16,2,123181,29833,0,1.3736,0.4620,0.1866,0,2.0222,0
99,cpu_t16,3,123181,29833,0,1.3408,0.4038,0.1858,0,1.9304,0
99,cpu_t16,4,123181,29833,0,1.2832,0.4172,0.2179,0,1.9184,0
99,gpu_thrust_uf,0,123181,29833,0.0780,1.6636,0.0468,0.2089,0.0295,2.0640,0
99,gpu_thrust_uf,1,123181,29833,0.0781,2.9089,0.0471,0.1997,0.0275,3.2974,0
99,gpu_thrust_uf,2,123181,29833,0.0798,0.7724,0.0532,0.1997,0.0276,1.1614,0
99,gpu_thrust_uf,3,123181,29833,0.0807,0.8011,0.0922,0.2765,0.0277,1.3013,0
99,gpu_thrust_uf,4,123181,29833,0.0782,0.8446,0.0799,0.1997,0.0262,1.2582,0
99,gpu_hash_uf,0,123181,29833,0.0805,0.2629,0.0532,0.1987,0.0261,0.6396,0
99,gpu_hash_uf,1,123181,29833,0.0799,0.2704,0.0737,0.2447,0.0267,0.7169,0
99,gpu_hash_uf,2,123181,29833,0.0798,0.2320,0.0543,0.1976,0.0267,0.6129,0
99,gpu_hash_uf,3,123181,29833,0.0770,0.2187,0.0492,0.1987,0.0270,0.5953,0
99,gpu_hash_uf,4,123181,29833,0.0781,0.2004,0.0502,0.1987,0.0638,0.6161,0
99,gpu_hash_prop,0,123181,29833,0.0787,0.2558,0.0758,13.2577,0.0238,13.7141,182
99,gpu_hash_prop,1,123181,29833,0.0806,0.2301,0.0922,14.5541,0.1118,15.0903,182
99,gpu_hash_prop,2,123181,29833,0.0784,0.4684,0.0461,19.8380,0.0844,20.5418,182
99,gpu_hash_prop,3,123181,29833,0.0796,0.4079,0.0891,27.4473,0.0972,28.1448,182
99,gpu_hash_prop,4,123181,29833,0.2957,0.5068,0.0584,36.7749,0.0357,37.6986,182
99,gpu_hash_prop16,0,123181,29833,0.2944,7.5741,0.1147,6.8250,0.0376,14.8982,192
99,gpu_hash_prop16,1,123181,29833,0.2956,0.4494,0.1229,14.4640,0.0928,15.4527,192
99,gpu_hash_prop16,2,123181,29833,0.3146,0.5348,0.1280,14.7599,0.0398,15.8044,192
99,gpu_hash_prop16,3,123181,29833,0.2956,0.5342,0.1290,14.5101,0.0397,15.5316,192
99,gpu_hash_prop16,4,123181,29833,0.2970,0.4606,0.1085,12.0924,0.0360,13.0197,192
100,cpu_t1,0,123118,29870,0,3.9226,1.4712,0.1590,0,5.5528,0
100,cpu_t1,1,123118,29870,0,4.7229,1.7240,0.2058,0,6.6526,0
100,cpu_t1,2,123118,29870,0,4.1443,1.5080,0.1460,0,5.7983,0
100,cpu_t1,3,123118,29870,0,4.1040,1.6168,0.1459,0,5.8668,0
100,cpu_t1,4,123118,29870,0,4.2361,1.7961,0.1832,0,6.2155,0
100,cpu_t2,0,123118,29870,0,2.1643,0.7738,0.1479,0,3.0859,0
100,cpu_t2,1,123118,29870,0,2.0600,0.8045,0.1482,0,3.0127,0
100,cpu_t2,2,123118,29870,0,2.0392,0.8128,0.1479,0,2.9999,0
100,cpu_t2,3,123118,29870,0,2.2524,0.8258,0.1788,0,3.2570,0
100,cpu_t2,4,123118,29870,0,2.5476,0.8945,0.1821,0,3.6243,0
100,cpu_t4,0,123118,29870,0,1.3286,0.3888,0.1461,0,1.8635,0
100,cpu_t4,1,123118,29870,0,1.2786,0.4008,0.1484,0,1.8278,0
100,cpu_t4,2,123118,29870,0,1.2696,0.3810,0.1455,0,1.7962,0
100,cpu_t4,3,123118,29870,0,1.2597,0.3759,0.1721,0,1.8076,0
100,cpu_t4,4,123118,29870,0,1.3021,0.4087,0.1482,0,1.8590,0
100,cpu_t8,0,123118,29870,0,1.0229,0.4207,0.1467,0,1.5903,0
100,cpu_t8,1,123118,29870,0,1.0114,0.3794,0.1602,0,1.5510,0
100,cpu_t8,2,123118,29870,0,1.0038,0.4005,0.1467,0,1.5510,0
100,cpu_t8,3,123118,29870,0,0.9754,0.3905,0.1459,0,1.5118,0
100,cpu_t8,4,123118,29870,0,1.0111,0.3741,0.1456,0,1.5308,0
100,cpu_t16,0,123118,29870,0,1.3988,0.4660,0.1840,0,2.0488,0
100,cpu_t16,1,123118,29870,0,1.3701,0.3960,0.1968,0,1.9629,0
100,cpu_t16,2,123118,29870,0,1.3412,0.3990,0.1981,0,1.9383,0
100,cpu_t16,3,123118,29870,0,1.3055,0.3976,0.1859,0,1.8890,0
100,cpu_t16,4,123118,29870,0,1.1984,0.3652,0.1794,0,1.7430,0
100,gpu_thrust_uf,0,123118,29870,0.1029,0.9774,0.0522,0.1997,0.0313,1.2849,0
100,gpu_thrust_uf,1,123118,29870,0.0780,1.6220,0.0502,0.1997,0.0236,1.8379,0
100,gpu_thrust_uf,2,123118,29870,0.0951,2.0123,0.0481,0.1997,0.0261,2.2101,0
100,gpu_thrust_uf,3,123118,29870,0.0782,0.7339,0.0471,0.1997,0.0259,1.0212,0
100,gpu_thrust_uf,4,123118,29870,0.0780,0.7027,0.0471,0.1997,0.0264,0.9913,0
100,gpu_hash_uf,0,123118,29870,0.0768,0.2201,0.0481,0.1997,0.0254,0.5474,0
100,gpu_hash_uf,1,123118,29870,0.0780,0.2021,0.0655,0.1987,0.0253,0.5548,0
100,gpu_hash_uf,2,123118,29870,0.0780,0.2279,0.0440,0.1997,0.0243,0.5505,0
100,gpu_hash_uf,3,123118,29870,0.0780,0.2079,0.0430,0.1997,0.0249,0.5320,0
100,gpu_hash_uf,4,123118,29870,0.0783,0.2013,0.0440,0.1997,0.0295,0.5311,0
100,gpu_hash_prop,0,123118,29870,0.0786,0.2033,0.0471,8.6784,0.0213,8.2968,184
100,gpu_hash_prop,1,123118,29870,0.0780,0.2105,0.0563,12.6497,0.0337,11.9633,184
100,gpu_hash_prop,2,123118,29870,0.0783,0.2108,0.0512,12.9649,0.0225,12.2396,184
100,gpu_hash_prop,3,123118,29870,0.0783,0.2261,0.0512,12.3034,0.0253,11.6490,184
100,gpu_hash_prop,4,123118,29870,0.0785,0.2233,0.0440,8.0773,0.0312,7.7699,184
100,gpu_hash_prop16,0,123118,29870,0.0783,1.2276,0.0440,2.4044,0.0220,3.4891,192
100,gpu_hash_prop16,1,123118,29870,0.0785,0.2257,0.0481,4.4083,0.0243,4.4057,192
100,gpu_hash_prop16,2,123118,29870,0.0778,0.2076,0.0481,2.7187,0.0307,2.8464,192
100,gpu_hash_prop16,3,123118,29870,0.0768,0.2103,0.0522,3.0351,0.0282,3.1353,192
100,gpu_hash_prop16,4,123118,29870,0.0780,0.2652,0.0707,6.4287,0.0272,6.3197,192
101,cpu_t1,0,123014,29829,0,3.7009,1.4747,0.1592,0,5.3348,0
101,cpu_t1,1,123014,29829,0,3.6127,1.2519,0.1375,0,5.0022,0
101,cpu_t1,2,123014,29829,0,3.7174,1.4389,0.1372,0,5.2935,0
101,cpu_t1,3,123014,29829,0,3.7717,1.2631,0.1345,0,5.1692,0
101,cpu_t1,4,123014,29829,0,4.4640,1.3125,0.1339,0,5.9103,0
101,cpu_t2,0,123014,29829,0,1.9610,0.6865,0.1363,0,2.7838,0
101,cpu_t2,1,123014,29829,0,1.9187,0.6304,0.1340,0,2.6831,0
101,cpu_t2,2,123014,29829,0,2.0481,0.6481,0.1360,0,2.8322,0
101,cpu_t2,3,123014,29829,0,1.8673,0.9547,0.1384,0,2.9605,0
101,cpu_t2,4,123014,29829,0,1.9740,0.6934,0.1346,0,2.8020,0
101,cpu_t4,0,123014,29829,0,1.1834,0.3330,0.1584,0,1.6747,0
101,cpu_t4,1,123014,29829,0,1.3870,0.6647,0.1445,0,2.1962,0
101,cpu_t4,2,123014,29829,0,1.3133,0.6611,0.1657,0,2.1401,0
101,cpu_t4,3,123014,29829,0,1.3541,0.6627,0.1341,0,2.1510,0
101,cpu_t4,4,123014,29829,0,1.3227,0.6741,0.1341,0,2.1309,0
101,cpu_t8,0,123014,29829,0,1.2486,0.7540,0.1944,0,2.1970,0
101,cpu_t8,1,123014,29829,0,1.0679,0.3028,0.1686,0,1.5393,0
101,cpu_t8,2,123014,29829,0,0.9325,0.3239,0.1669,0,1.4233,0
101,cpu_t8,3,123014,29829,0,0.9678,0.3498,0.1641,0,1.4817,0
101,cpu_t8,4,123014,29829,0,0.9475,0.3556,0.1667,0,1.4697,0
101,cpu_t16,0,123014,29829,0,1.2153,0.3545,0.1731,0,1.7428,0
101,cpu_t16,1,123014,29829,0,2.4110,0.5639,0.2295,0,3.2044,0
101,cpu_t16,2,123014,29829,0,2.2747,0.3446,0.1724,0,2.7917,0
101,cpu_t16,3,123014,29829,0,1.2731,0.3469,0.1724,0,1.7923,0
101,cpu_t16,4,123014,29829,0,1.2999,0.3286,0.1711,0,1.7997,0
101,gpu_thrust_uf,0,123014,29829,0.0797,0.8718,0.0748,0.1894,0.0558,1.2040,0
101,gpu_thrust_uf,1,123014,29829,0.0820,0.7868,0.0471,0.1884,0.0269,1.0780,0
101,gpu_thrust_uf,2,123014,29829,0.0781,0.7011,0.0471,0.1884,0.0274,0.9809,0
101,gpu_thrust_uf,3,123014,29829,0.0780,0.7001,0.0737,0.2191,0.0272,1.0315,0
101,gpu_thrust_uf,4,123014,29829,0.1073,0.8214,0.1024,0.1894,0.0364,1.1773,0
101,gpu_hash_uf,0,123014,29829,0.0780,0.2038,0.0481,0.1894,0.0210,0.5166,0
101,gpu_hash_uf,1,123014,29829,0.0813,0.2012,0.0492,0.1894,0.0334,0.5365,0
101,gpu_hash_uf,2,123014,29829,0.0779,2.7339,0.0440,0.1884,0.0385,2.8758,0
101,gpu_hash_uf,3,123014,29829,0.0788,0.7063,0.0870,0.3123,0.0367,1.1792,0
101,gpu_hash_uf,4,123014,29829,0.0770,0.7008,0.0860,0.2918,0.0502,1.1711,0
101,gpu_hash_prop,0,123014,29829,0.0770,0.2039,0.0492,19.2328,0.1749,18.1398,185
101,gpu_hash_prop,1,123014,29829,0.0786,0.6713,0.1618,21.6791,0.0952,20.8572,185
101,gpu_hash_prop,2,123014,29829,0.0789,0.5279,0.1034,14.7057,0.0399,14.1951,185
101,gpu_hash_prop,3,123014,29829,0.0812,0.2438,0.0481,12.8870,0.0214,12.1912,185
101,gpu_hash_prop,4,123014,29829,0.0805,0.2432,0.0727,12.9280,0.0273,12.2562,185
101,gpu_hash_prop16,0,123014,29829,0.0798,0.2484,0.0693,3.7908,0.0242,3.8773,192
101,gpu_hash_prop16,1,123014,29829,0.0767,0.2570,0.0512,4.4493,0.0302,4.4843,192
101,gpu_hash_prop16,2,123014,29829,0.0768,0.2262,0.0512,4.3858,0.0242,4.3884,192
101,gpu_hash_prop16,3,123014,29829,0.0818,0.2920,0.0819,4.0090,0.0517,4.1622,192
101,gpu_hash_prop16,4,123014,29829,0.0799,0.2709,0.0727,3.5553,0.0306,3.6979,192
102,cpu_t1,0,122964,29844,0,4.0963,1.4279,0.1396,0,5.6638,0
102,cpu_t1,1,122964,29844,0,3.6139,1.3242,0.1369,0,5.0750,0
102,cpu_t1,2,122964,29844,0,3.5857,1.3655,0.1374,0,5.0886,0
102,cpu_t1,3,122964,29844,0,3.6027,1.3652,0.1366,0,5.1044,0
102,cpu_t1,4,122964,29844,0,3.5340,1.3810,0.1371,0,5.0521,0
102,cpu_t2,0,122964,29844,0,1.9480,0.6934,0.1320,0,2.7733,0
102,cpu_t2,1,122964,29844,0,1.9863,0.7854,0.1686,0,2.9402,0
102,cpu_t2,2,122964,29844,0,2.2554,0.7200,0.1361,0,3.1115,0
102,cpu_t2,3,122964,29844,0,2.1748,0.7771,0.1378,0,3.0897,0
102,cpu_t2,4,122964,29844,0,1.9803,0.7048,0.1408,0,2.8259,0
102,cpu_t4,0,122964,29844,0,1.2464,0.3928,0.1684,0,1.8076,0
102,cpu_t4,1,122964,29844,0,1.2128,0.3860,0.1351,0,1.7338,0
102,cpu_t4,2,122964,29844,0,1.6018,0.7479,0.1360,0,2.4857,0
102,cpu_t4,3,122964,29844,0,1.4790,0.7738,0.1344,0,2.3872,0
102,cpu_t4,4,122964,29844,0,1.4902,0.7800,0.1368,0,2.4071,0
102,cpu_t8,0,122964,29844,0,0.9829,0.3819,0.1840,0,1.5488,0
102,cpu_t8,1,122964,29844,0,1.0107,0.3922,0.1662,0,1.5691,0
102,cpu_t8,2,122964,29844,0,0.9768,0.3848,0.1663,0,1.5279,0
102,cpu_t8,3,122964,29844,0,0.9646,0.3944,0.1365,0,1.4955,0
102,cpu_t8,4,122964,29844,0,1.0436,0.3743,0.1356,0,1.5535,0
102,cpu_t16,0,122964,29844,0,0.7389,0.1995,0.1729,0,1.1113,0
102,cpu_t16,1,122964,29844,0,0.7489,0.1986,0.1753,0,1.1228,0
102,cpu_t16,2,122964,29844,0,0.6810,0.2093,0.1865,0,1.0768,0
102,cpu_t16,3,122964,29844,0,0.7114,0.2501,0.1722,0,1.1337,0
102,cpu_t16,4,122964,29844,0,0.6914,0.1984,0.1742,0,1.0640,0
102,gpu_thrust_uf,0,122964,29844,0.0854,1.6920,0.0502,0.2161,0.0361,1.9455,0
102,gpu_thrust_uf,1,122964,29844,0.0782,2.3704,0.0451,0.2181,0.0366,2.5703,0
102,gpu_thrust_uf,2,122964,29844,0.0786,0.9513,0.0829,0.2836,0.0361,1.3755,0
102,gpu_thrust_uf,3,122964,29844,0.0781,0.9238,0.1188,0.2662,0.0371,1.3565,0
102,gpu_thrust_uf,4,122964,29844,0.0780,0.7943,0.0481,0.2161,0.0356,1.1026,0
102,gpu_hash_uf,0,122964,29844,0.0780,0.2182,0.0481,0.2161,0.0273,0.5596,0
102,gpu_hash_uf,1,122964,29844,0.0780,0.2358,0.0676,0.2386,0.0275,0.6169,0
102,gpu_hash_uf,2,122964,29844,0.0768,0.2821,0.0522,0.2150,0.0239,0.6198,0
102,gpu_hash_uf,3,122964,29844,0.1054,0.2634,0.0481,0.2161,0.0196,0.6169,0
102,gpu_hash_uf,4,122964,29844,0.1153,0.2634,0.0520,0.2161,0.0353,0.6439,0
102,gpu_hash_prop,0,122964,29844,0.0809,0.2404,0.0440,14.3206,0.0260,13.5090,187
102,gpu_hash_prop,1,122964,29844,0.0780,0.2518,0.0512,12.0771,0.0275,11.4642,187
102,gpu_hash_prop,2,122964,29844,0.0837,0.2350,0.0522,14.7265,0.1082,13.9664,187
102,gpu_hash_prop,3,122964,29844,0.0979,1.3328,0.0451,21.8431,0.1028,21.5001,187
102,gpu_hash_prop,4,122964,29844,0.0818,0.4212,0.0440,20.7350,0.0330,19.5643,187
102,gpu_hash_prop16,0,122964,29844,0.0781,0.3356,0.0911,7.1424,0.0796,7.1079,192
102,gpu_hash_prop16,1,122964,29844,0.0772,0.3980,0.0980,4.2271,0.0377,4.4593,192
102,gpu_hash_prop16,2,122964,29844,0.0783,0.2150,0.0481,5.4958,0.0241,5.3971,192
102,gpu_hash_prop16,3,122964,29844,0.0810,0.2210,0.0481,3.7427,0.0230,3.7945,192
102,gpu_hash_prop16,4,122964,29844,0.0797,0.2435,0.0440,9.3921,0.0385,9.0009,192
103,cpu_t1,0,122876,29875,0,3.7422,1.4154,0.1409,0,5.2985,0
103,cpu_t1,1,122876,29875,0,3.7537,1.6113,0.1403,0,5.5053,0
103,cpu_t1,2,122876,29875,0,3.7060,1.3909,0.1553,0,5.2522,0
103,cpu_t1,3,122876,29875,0,3.6995,1.3600,0.1369,0,5.1964,0
103,cpu_t1,4,122876,29875,0,3.6348,1.3631,0.1358,0,5.1337,0
103,cpu_t2,0,122876,29875,0,2.0258,0.9648,0.1353,0,3.1259,0
103,cpu_t2,1,122876,29875,0,2.0845,0.6772,0.1384,0,2.9001,0
103,cpu_t2,2,122876,29875,0,1.9839,0.8809,0.1358,0,3.0006,0
103,cpu_t2,3,122876,29875,0,2.0054,0.6984,0.1477,0,2.8514,0
103,cpu_t2,4,122876,29875,0,1.9676,0.7217,0.1354,0,2.8247,0
103,cpu_t4,0,122876,29875,0,1.2038,0.3796,0.1501,0,1.7335,0
103,cpu_t4,1,122876,29875,0,1.1891,0.3524,0.1360,0,1.6776,0
103,cpu_t4,2,122876,29875,0,1.1454,0.3393,0.1340,0,1.6188,0
103,cpu_t4,3,122876,29875,0,1.4729,0.3749,0.1459,0,1.9936,0
103,cpu_t4,4,122876,29875,0,1.2393,0.3931,0.1475,0,1.7799,0
103,cpu_t8,0,122876,29875,0,0.9138,0.3877,0.1774,0,1.4788,0
103,cpu_t8,1,122876,29875,0,0.9335,0.3829,0.1789,0,1.4953,0
103,cpu_t8,2,122876,29875,0,1.0826,0.3111,0.1523,0,1.5461,0
103,cpu_t8,3,122876,29875,0,0.9509,0.3859,0.2036,0,1.5405,0
103,cpu_t8,4,122876,29875,0,0.9465,0.3868,0.1714,0,1.5047,0
103,cpu_t16,0,122876,29875,0,1.3557,0.3881,0.1776,0,1.9214,0
103,cpu_t16,1,122876,29875,0,1.1713,0.2299,0.1738,0,1.5750,0
103,cpu_t16,2,122876,29875,0,0.6886,0.2096,0.1874,0,1.0856,0
103,cpu_t16,3,122876,29875,0,0.6977,0.1999,0.1705,0,1.0681,0
103,cpu_t16,4,122876,29875,0,0.6969,0.2063,0.1762,0,1.0795,0
103,gpu_thrust_uf,0,122876,29875,0.0797,0.9518,0.0635,0.2621,0.0372,1.3122,0
103,gpu_thrust_uf,1,122876,29875,0.0778,0.8156,0.0758,0.2621,0.0211,1.1803,0
103,gpu_thrust_uf,2,122876,29875,0.0769,0.7728,0.0471,0.2621,0.0331,1.1170,0
103,gpu_thrust_uf,3,122876,29875,0.0814,0.7228,0.0532,0.2632,0.0262,1.0765,0
103,gpu_thrust_uf,4,122876,29875,0.0809,1.4662,0.0451,0.2632,0.0335,1.7545,0
103,gpu_hash_uf,0,122876,29875,0.0785,0.4360,0.0440,0.3441,0.0310,0.8864,0
103,gpu_hash_uf,1,122876,29875,0.0770,0.4496,0.0952,0.3430,0.0283,0.9370,0
103,gpu_hash_uf,2,122876,29875,0.0768,0.4080,0.0901,0.3369,0.0271,0.8864,0
103,gpu_hash_uf,3,122876,29875,0.0822,0.3610,0.0440,0.3297,0.0311,0.8034,0
103,gpu_hash_uf,4,122876,29875,0.0770,0.5534,0.0481,0.3348,0.0289,0.9833,0
103,gpu_hash_prop,0,122876,29875,0.0889,0.4019,0.0440,19.0597,0.0277,18.0080,187
103,gpu_hash_prop,1,122876,29875,0.1116,0.3882,0.0471,10.7489,0.0203,10.4156,187
103,gpu_hash_prop,2,122876,29875,0.0805,0.2845,0.0471,15.3139,0.0252,14.4551,187
103,gpu_hash_prop,3,122876,29875,0.0801,0.2764,0.0512,13.4943,0.0220,12.7827,187
103,gpu_hash_prop,4,122876,29875,0.0786,0.2460,0.0707,13.9103,0.0302,13.1603,187
103,gpu_hash_prop16,0,122876,29875,0.0778,0.2909,0.0737,4.0223,0.0279,4.1382,192
103,gpu_hash_prop16,1,122876,29875,0.0803,0.2745,0.0522,7.6730,0.1078,7.5263,192
103,gpu_hash_prop16,2,122876,29875,0.1016,0.3673,0.0440,6.9530,0.0299,6.8978,192
103,gpu_hash_prop16,3,122876,29875,0.0789,0.4744,0.0901,9.7823,0.1027,9.6711,192
103,gpu_hash_prop16,4,122876,29875,0.0980,0.5559,0.0901,6.7799,0.0362,6.9582,192
104,cpu_t1,0,122718,29882,0,3.6803,1.5513,0.1370,0,5.3686,0
104,cpu_t1,1,122718,29882,0,3.6207,1.3705,0.1615,0,5.1528,0
104,cpu_t1,2,122718,29882,0,3.6493,1.3586,0.1484,0,5.1563,0
104,cpu_t1,3,122718,29882,0,3.8559,1.5154,0.1410,0,5.5123,0
104,cpu_t1,4,122718,29882,0,3.6227,1.2776,0.1363,0,5.0366,0
104,cpu_t2,0,122718,29882,0,2.4368,0.6485,0.1513,0,3.2366,0
104,cpu_t2,1,122718,29882,0,2.0114,0.8065,0.1374,0,2.9553,0
104,cpu_t2,2,122718,29882,0,1.9387,0.6472,0.1389,0,2.7248,0
104,cpu_t2,3,122718,29882,0,2.0276,0.6782,0.1351,0,2.8409,0
104,cpu_t2,4,122718,29882,0,1.9261,0.7105,0.1510,0,2.7876,0
104,cpu_t4,0,122718,29882,0,1.2517,0.3979,0.1353,0,1.7849,0
104,cpu_t4,1,122718,29882,0,1.1166,0.3576,0.1512,0,1.6254,0
104,cpu_t4,2,122718,29882,0,1.1684,0.3550,0.1346,0,1.6579,0
104,cpu_t4,3,122718,29882,0,1.3880,0.6799,0.1763,0,2.2443,0
104,cpu_t4,4,122718,29882,0,1.4967,0.7202,0.1735,0,2.3904,0
104,cpu_t8,0,122718,29882,0,0.9556,0.3745,0.1368,0,1.4669,0
104,cpu_t8,1,122718,29882,0,0.9702,0.3426,0.1629,0,1.4757,0
104,cpu_t8,2,122718,29882,0,0.9053,0.3661,0.1370,0,1.4084,0
104,cpu_t8,3,122718,29882,0,0.9177,0.3594,0.1369,0,1.4140,0
104,cpu_t8,4,122718,29882,0,0.9044,0.3645,0.1359,0,1.4048,0
104,cpu_t16,0,122718,29882,0,0.7201,0.1866,0.1825,0,1.0892,0
104,cpu_t16,1,122718,29882,0,0.6676,0.1882,0.1676,0,1.0235,0
104,cpu_t16,2,122718,29882,0,0.6506,0.2044,0.1704,0,1.0254,0
104,cpu_t16,3,122718,29882,0,0.7217,0.1812,0.1694,0,1.0724,0
104,cpu_t16,4,122718,29882,0,1.0328,0.2631,0.1689,0,1.4648,0
104,gpu_thrust_uf,0,122718,29882,0.0778,0.9785,0.0522,0.2007,0.0392,1.2699,0
104,gpu_thrust_uf,1,122718,29882,0.0810,0.7471,0.0481,0.2007,0.0377,1.0504,0
104,gpu_thrust_uf,2,122718,29882,0.0813,0.8092,0.0993,0.2888,0.0544,1.2474,0
104,gpu_thrust_uf,3,122718,29882,0.0768,1.6690,0.0492,0.2017,0.0288,1.8836,0
104,gpu_thrust_uf,4,122718,29882,0.0778,2.5130,0.0471,0.2007,0.0202,2.6469,0
104,gpu_hash_uf,0,122718,29882,0.0777,0.2044,0.0440,0.2007,0.0376,0.5425,0
104,gpu_hash_uf,1,122718,29882,0.0779,0.2144,0.0481,0.2017,0.0252,0.5498,0
104,gpu_hash_uf,2,122718,29882,0.0811,0.1983,0.0481,0.1997,0.0264,0.5310,0
104,gpu_hash_uf,3,122718,29882,0.0796,0.2988,0.0788,0.2007,0.0393,0.6629,0
104,gpu_hash_uf,4,122718,29882,0.0808,0.2576,0.0471,0.2017,0.0268,0.5925,0
104,gpu_hash_prop,0,122718,29882,0.0779,0.2327,0.0440,9.7024,0.0298,9.2725,198
104,gpu_hash_prop,1,122718,29882,0.0782,0.8259,0.0471,17.2728,0.0290,16.7525,198
104,gpu_hash_prop,2,122718,29882,0.0782,0.2229,0.0512,12.4314,0.0265,11.7635,198
104,gpu_hash_prop,3,122718,29882,0.0781,0.2095,0.0471,14.2254,0.0244,13.3915,198
104,gpu_hash_prop,4,122718,29882,0.0777,0.2707,0.0522,12.8514,0.0298,12.1969,198
104,gpu_hash_prop16,0,122718,29882,0.0799,0.2367,0.0737,7.2335,0.0240,7.0265,208
104,gpu_hash_prop16,1,122718,29882,0.1022,0.2782,0.0748,6.9256,0.0990,6.8856,208
104,gpu_hash_prop16,2,122718,29882,0.0770,0.3209,0.1103,9.5317,0.1071,9.3222,208
104,gpu_hash_prop16,3,122718,29882,0.0886,0.3332,0.1075,7.3984,0.0305,7.3200,208
104,gpu_hash_prop16,4,122718,29882,0.0809,0.3585,0.0911,7.6657,0.0257,7.5565,208
105,cpu_t1,0,122543,30083,0,3.6404,1.3962,0.1408,0,5.1774,0
105,cpu_t1,1,122543,30083,0,3.5738,1.3811,0.1406,0,5.0954,0
105,cpu_t1,2,122543,30083,0,3.6627,1.5815,0.1882,0,5.4324,0
105,cpu_t1,3,122543,30083,0,3.6652,1.3730,0.1399,0,5.1782,0
105,cpu_t1,4,122543,30083,0,3.6310,1.3557,0.1400,0,5.1268,0
105,cpu_t2,0,122543,30083,0,1.9461,0.7715,0.1393,0,2.8568,0
105,cpu_t2,1,122543,30083,0,1.9534,0.6396,0.1382,0,2.7312,0
105,cpu_t2,2,122543,30083,0,1.9387,0.6414,0.1361,0,2.7162,0
105,cpu_t2,3,122543,30083,0,1.8987,0.6661,0.1678,0,2.7325,0
105,cpu_t2,4,122543,30083,0,2.1011,0.6507,0.1375,0,2.8894,0
105,cpu_t4,0,122543,30083,0,1.1451,0.3781,0.1401,0,1.6633,0
105,cpu_t4,1,122543,30083,0,1.2002,0.4480,0.1422,0,1.7904,0
105,cpu_t4,2,122543,30083,0,1.2059,0.3565,0.1412,0,1.7037,0
105,cpu_t4,3,122543,30083,0,1.2098,0.3472,0.1388,0,1.6957,0
105,cpu_t4,4,122543,30083,0,1.1224,0.3536,0.1382,0,1.6142,0
105,cpu_t8,0,122543,30083,0,1.0504,0.3585,0.1408,0,1.5497,0
105,cpu_t8,1,122543,30083,0,0.9432,0.3501,0.1402,0,1.4335,0
105,cpu_t8,2,122543,30083,0,0.9969,0.5286,0.1440,0,1.6696,0
105,cpu_t8,3,122543,30083,0,0.9096,0.3478,0.1409,0,1.3983,0
105,cpu_t8,4,122543,30083,0,0.8847,0.3731,0.1427,0,1.4005,0
105,cpu_t16,0,122543,30083,0,0.9272,0.3015,0.1839,0,1.4125,0
105,cpu_t16,1,122543,30083,0,1.1938,0.2778,0.1839,0,1.6556,0
105,cpu_t16,2,122543,30083,0,1.1636,0.2732,0.1713,0,1.6081,0
105,cpu_t16,3,122543,30083,0,1.2060,0.4279,0.1737,0,1.8075,0
105,cpu_t16,4,122543,30083,0,1.2862,0.3468,0.1811,0,1.8141,0
105,gpu_thrust_uf,0,122543,30083,0.0781,1.3684,0.0553,0.1628,0.0407,1.5994,0
105,gpu_thrust_uf,1,122543,30083,0.0809,0.7389,0.0471,0.1628,0.0232,0.9899,0
105,gpu_thrust_uf,2,122543,30083,0.0804,0.8540,0.0481,0.1628,0.0227,1.0922,0
105,gpu_thrust_uf,3,122543,30083,0.0799,0.7201,0.0492,0.1628,0.0258,0.9741,0
105,gpu_thrust_uf,4,122543,30083,0.0798,0.7090,0.0768,0.1628,0.0276,0.9885,0
105,gpu_hash_uf,0,122543,30083,0.0801,0.3197,0.0440,0.1956,0.0352,0.6451,0
105,gpu_hash_uf,1,122543,30083,0.0776,0.2624,0.0438,0.1946,0.0269,0.5852,0
105,gpu_hash_uf,2,122543,30083,0.0779,0.2653,0.0717,0.1628,0.0257,0.5757,0
105,gpu_hash_uf,3,122543,30083,0.0776,0.2439,0.1485,0.1823,0.0239,0.6423,0
105,gpu_hash_uf,4,122543,30083,0.0837,1.1146,0.0451,0.1638,0.0260,1.3449,0
105,gpu_hash_prop,0,122543,30083,0.0776,0.2828,0.0748,12.2092,0.0253,11.6336,158
105,gpu_hash_prop,1,122543,30083,0.0807,0.2761,0.0676,9.6983,0.0291,9.3249,158
105,gpu_hash_prop,2,122543,30083,0.0779,1.9976,0.0502,9.2867,0.0250,10.5099,158
105,gpu_hash_prop,3,122543,30083,0.0801,0.2589,0.0727,11.7791,0.0785,11.2695,158
105,gpu_hash_prop,4,122543,30083,0.0772,0.3678,0.0447,17.2902,0.0566,16.3743,158
105,gpu_hash_prop16,0,122543,30083,0.0809,0.3967,0.0481,7.0113,0.0310,6.9583,160
105,gpu_hash_prop16,1,122543,30083,0.0826,0.4209,0.0439,5.7856,0.0364,5.8587,160
105,gpu_hash_prop16,2,122543,30083,0.0798,0.2810,0.0727,7.9790,0.0871,7.8082,160
105,gpu_hash_prop16,3,122543,30083,0.0988,0.4518,0.0440,5.9436,0.0961,6.1109,160
105,gpu_hash_prop16,4,122543,30083,0.0846,0.3484,0.1166,7.6012,0.0301,7.5241,160
106,cpu_t1,0,122669,30150,0,3.6452,1.3760,0.1407,0,5.1619,0
106,cpu_t1,1,122669,30150,0,3.5818,1.3831,0.1434,0,5.1082,0
106,cpu_t1,2,122669,30150,0,3.5607,1.3994,0.1386,0,5.0987,0
106,cpu_t1,3,122669,30150,0,3.5631,1.3630,0.1384,0,5.0645,0
106,cpu_t1,4,122669,30150,0,3.6154,1.3694,0.1410,0,5.1257,0
106,cpu_t2,0,122669,30150,0,2.0446,0.7626,0.1405,0,2.9477,0
106,cpu_t2,1,122669,30150,0,1.9355,0.6781,0.1546,0,2.7682,0
106,cpu_t2,2,122669,30150,0,1.9255,0.6727,0.1384,0,2.7366,0
106,cpu_t2,3,122669,30150,0,2.0651,0.6732,0.1610,0,2.8993,0
106,cpu_t2,4,122669,30150,0,1.9199,0.7191,0.1532,0,2.7923,0
106,cpu_t4,0,122669,30150,0,1.2712,0.3752,0.1484,0,1.7947,0
106,cpu_t4,1,122669,30150,0,1.2949,0.4382,0.1397,0,1.8727,0
106,cpu_t4,2,122669,30150,0,1.4213,0.5249,0.1751,0,2.1213,0
106,cpu_t4,3,122669,30150,0,1.3925,0.4025,0.1435,0,1.9385,0
106,cpu_t4,4,122669,30150,0,1.1615,0.3526,0.1644,0,1.6786,0
106,cpu_t8,0,122669,30150,0,1.0212,0.3751,0.1747,0,1.5710,0
106,cpu_t8,1,122669,30150,0,1.0290,0.3697,0.1724,0,1.5711,0
106,cpu_t8,2,122669,30150,0,1.1344,0.3790,0.1764,0,1.6898,0
106,cpu_t8,3,122669,30150,0,0.9572,0.3683,0.1923,0,1.5178,0
106,cpu_t8,4,122669,30150,0,1.0364,0.3846,0.1430,0,1.5640,0
106,cpu_t16,0,122669,30150,0,1.0959,0.3461,0.1836,0,1.6256,0
106,cpu_t16,1,122669,30150,0,1.0660,0.2881,0.1772,0,1.5313,0
106,cpu_t16,2,122669,30150,0,1.0863,0.2835,0.1826,0,1.5525,0
106,cpu_t16,3,122669,30150,0,1.0784,0.2635,0.1830,0,1.5249,0
106,cpu_t16,4,122669,30150,0,0.9945,0.3398,0.1994,0,1.5336,0
106,gpu_thrust_uf,0,122669,30150,0.0838,2.5293,0.0451,0.1864,0.0320,2.6711,0
106,gpu_thrust_uf,1,122669,30150,0.0819,0.7548,0.0522,0.1853,0.0229,1.0360,0
106,gpu_thrust_uf,2,122669,30150,0.0798,0.8259,0.0932,0.2867,0.0326,1.2325,0
106,gpu_thrust_uf,3,122669,30150,0.0778,0.8702,0.0870,0.2406,0.0403,1.2354,0
106,gpu_thrust_uf,4,122669,30150,0.0767,0.8182,0.0481,0.1853,0.0228,1.0780,0
106,gpu_hash_uf,0,122669,30150,0.0802,0.2215,0.0522,0.1864,0.0489,0.5632,0
106,gpu_hash_uf,1,122669,30150,0.0771,0.3731,0.0481,0.2263,0.0390,0.7279,0
106,gpu_hash_uf,2,122669,30150,0.0954,0.4329,0.0932,0.2888,0.0415,0.8965,0
106,gpu_hash_uf,3,122669,30150,0.0954,0.4399,0.0440,0.2324,0.0306,0.7986,0
106,gpu_hash_uf,4,122669,30150,0.0779,0.4200,0.0952,0.2847,0.0409,0.8716,0
106,gpu_hash_prop,0,122669,30150,0.0884,0.2440,0.0522,13.4400,0.0255,12.7231,191
106,gpu_hash_prop,1,122669,30150,0.0780,0.2148,0.0592,10.6506,0.0209,10.1245,191
106,gpu_hash_prop,2,122669,30150,0.0765,0.2618,0.0768,15.4440,0.1286,14.6750,191
106,gpu_hash_prop,3,122669,30150,0.0879,0.6606,0.1055,16.4465,0.0299,15.9126,191
106,gpu_hash_prop,4,122669,30150,0.0770,0.2049,0.0512,13.4502,0.0347,12.6859,191
106,gpu_hash_prop16,0,122669,30150,0.0780,0.2010,0.0481,3.6628,0.0293,3.7010,192
106,gpu_hash_prop16,1,122669,30150,0.0766,1.9940,0.0512,3.0386,0.0426,4.7910,192
106,gpu_hash_prop16,2,122669,30150,0.0781,0.2105,0.0512,4.3602,0.1026,4.4196,192
106,gpu_hash_prop16,3,122669,30150,0.0766,0.3637,0.0438,9.0799,0.0994,8.8832,192
106,gpu_hash_prop16,4,122669,30150,0.0804,0.3810,0.1004,4.6234,0.0238,4.7968,192
107,cpu_t1,0,98322,28591,0,2.9705,1.3225,0.1497,0,4.4428,0
107,cpu_t1,1,98322,28591,0,3.1715,1.3707,0.1480,0,4.6902,0
107,cpu_t1,2,98322,28591,0,3.3308,1.3540,0.1488,0,4.8336,0
107,cpu_t1,3,98322,28591,0,2.8943,1.3130,0.1484,0,4.3557,0
107,cpu_t1,4,98322,28591,0,2.8463,1.2860,0.1583,0,4.2906,0
107,cpu_t2,0,98322,28591,0,1.8389,0.6375,0.1490,0,2.6254,0
107,cpu_t2,1,98322,28591,0,1.6265,0.7057,0.1884,0,2.5206,0
107,cpu_t2,2,98322,28591,0,1.8530,0.8973,0.1815,0,2.9318,0
107,cpu_t2,3,98322,28591,0,1.8119,0.6282,0.1561,0,2.5963,0
107,cpu_t2,4,98322,28591,0,1.5961,0.6458,0.1451,0,2.3870,0
107,cpu_t4,0,98322,28591,0,1.0704,0.3289,0.1491,0,1.5485,0
107,cpu_t4,1,98322,28591,0,0.9459,0.3363,0.1537,0,1.4359,0
107,cpu_t4,2,98322,28591,0,0.9835,0.4076,0.1483,0,1.5394,0
107,cpu_t4,3,98322,28591,0,0.9579,0.3396,0.1470,0,1.4445,0
107,cpu_t4,4,98322,28591,0,1.2129,0.4085,0.1502,0,1.7715,0
107,cpu_t8,0,98322,28591,0,0.7650,0.3553,0.1470,0,1.2673,0
107,cpu_t8,1,98322,28591,0,0.7784,0.3446,0.1479,0,1.2709,0
107,cpu_t8,2,98322,28591,0,0.7726,0.3506,0.1573,0,1.2805,0
107,cpu_t8,3,98322,28591,0,0.7665,0.3433,0.1479,0,1.2577,0
107,cpu_t8,4,98322,28591,0,0.7545,0.3458,0.1814,0,1.2817,0
107,cpu_t16,0,98322,28591,0,0.5597,0.1827,0.1854,0,0.9278,0
107,cpu_t16,1,98322,28591,0,0.5514,0.1974,0.1852,0,0.9340,0
107,cpu_t16,2,98322,28591,0,0.6898,0.1886,0.1872,0,1.0656,0
107,cpu_t16,3,98322,28591,0,0.5572,0.1822,0.1862,0,0.9256,0
107,cpu_t16,4,98322,28591,0,0.5532,0.1828,0.1864,0,0.9224,0
107,gpu_thrust_uf,0,98322,28591,0.0633,0.7961,0.0512,0.1997,0.0315,1.0825,0
107,gpu_thrust_uf,1,98322,28591,0.0675,0.7758,0.0471,0.1997,0.0308,1.0615,0
107,gpu_thrust_uf,2,98322,28591,0.0632,0.6844,0.7864,0.2007,0.0255,1.6434,0
107,gpu_thrust_uf,3,98322,28591,0.0641,0.7248,0.0461,0.2007,0.0210,0.9991,0
107,gpu_thrust_uf,4,98322,28591,0.0822,2.1575,0.0942,0.2580,0.0356,2.4500,0
107,gpu_hash_uf,0,98322,28591,0.0670,0.2656,0.0502,0.1997,0.0270,0.5956,0
107,gpu_hash_uf,1,98322,28591,0.0657,0.2955,0.0686,0.2314,0.0328,0.6575,0
107,gpu_hash_uf,2,98322,28591,0.0622,0.2670,0.0512,0.1997,0.0275,0.5800,0
107,gpu_hash_uf,3,98322,28591,0.0656,0.2006,0.0512,0.1997,0.0289,0.5199,0
107,gpu_hash_uf,4,98322,28591,0.0633,0.2611,0.0707,0.1997,0.0260,0.5947,0
107,gpu_hash_prop,0,98322,28591,0.0633,0.2179,0.0430,13.4728,0.0281,12.6943,192
107,gpu_hash_prop,1,98322,28591,0.0660,2.0478,0.0461,21.9863,0.0332,22.1842,192
107,gpu_hash_prop,2,98322,28591,0.0638,0.2171,0.0430,14.6381,0.0392,13.7714,192
107,gpu_hash_prop,3,98322,28591,0.1028,0.2477,0.0788,19.2522,0.0347,18.1018,192
107,gpu_hash_prop,4,98322,28591,0.0666,0.2344,0.0717,15.5464,0.0217,14.6315,192
107,gpu_hash_prop16,0,98322,28591,0.1176,0.6098,0.0778,8.4982,0.0261,8.5809,192
107,gpu_hash_prop16,1,98322,28591,0.0632,0.2639,0.1178,7.2417,0.0574,7.1176,192
107,gpu_hash_prop16,2,98322,28591,0.0659,0.2683,0.1126,4.3561,0.0267,4.4498,192
107,gpu_hash_prop16,3,98322,28591,0.0621,0.2967,0.0563,4.1656,0.0238,4.2398,192
107,gpu_hash_prop16,4,98322,28591,0.0655,0.3692,0.0901,3.8615,0.0218,4.0598,192
