scan,impl,rep,n_points,n_voxels,h2d,voxel,ransac,cluster,d2h,total,prop_iters
0,cpu_t1,0,121015,31363,0,3.9584,1.3963,0.1646,0,5.5192,0
0,cpu_t1,1,121015,31363,0,3.7694,1.4168,0.1592,0,5.3454,0
0,cpu_t1,2,121015,31363,0,3.8862,1.4443,0.1616,0,5.4921,0
0,cpu_t1,3,121015,31363,0,3.7797,1.4120,0.1596,0,5.3512,0
0,cpu_t1,4,121015,31363,0,3.7490,1.4505,0.1596,0,5.3592,0
0,cpu_t2,0,121015,31363,0,4.1190,1.1027,0.1661,0,5.3877,0
0,cpu_t2,1,121015,31363,0,9.4920,0.7635,0.1841,0,10.4396,0
0,cpu_t2,2,121015,31363,0,1.8485,0.7465,0.1627,0,2.7576,0
0,cpu_t2,3,121015,31363,0,21.9489,0.8327,0.2068,0,22.9884,0
0,cpu_t2,4,121015,31363,0,13.4880,0.7674,0.1638,0,14.4192,0
0,cpu_t4,0,121015,31363,0,7.0950,0.4236,0.1628,0,7.6813,0
0,cpu_t4,1,121015,31363,0,11.1412,0.3691,0.1780,0,11.6884,0
0,cpu_t4,2,121015,31363,0,4.8078,0.7304,0.2005,0,5.7387,0
0,cpu_t4,3,121015,31363,0,6.7408,0.7473,0.1662,0,7.6543,0
0,cpu_t4,4,121015,31363,0,9.6424,0.7668,0.1868,0,10.5961,0
0,cpu_t8,0,121015,31363,0,12.8766,0.4170,0.1640,0,13.4576,0
0,cpu_t8,1,121015,31363,0,13.1059,0.3765,0.1623,0,13.6446,0
0,cpu_t8,2,121015,31363,0,13.6974,0.3879,0.2005,0,14.2858,0
0,cpu_t8,3,121015,31363,0,13.0889,0.3963,0.2160,0,13.7011,0
0,cpu_t8,4,121015,31363,0,6.2007,0.4032,0.2016,0,6.8055,0
0,cpu_t16,0,121015,31363,0,0.7349,0.2817,0.2035,0,1.2201,0
0,cpu_t16,1,121015,31363,0,0.7387,0.2046,0.3643,0,1.3077,0
0,cpu_t16,2,121015,31363,0,0.8613,0.2014,0.1979,0,1.2607,0
0,cpu_t16,3,121015,31363,0,0.8412,0.2081,0.1990,0,1.2483,0
0,cpu_t16,4,121015,31363,0,0.7782,0.2033,0.1981,0,1.1795,0
0,gpu_thrust_uf,0,121015,31363,0.0775,0.7200,0.0369,0.1516,0.0240,0.9921,0
0,gpu_thrust_uf,1,121015,31363,0.0775,0.6901,0.0379,0.1516,0.0283,0.9579,0
0,gpu_thrust_uf,2,121015,31363,0.0752,0.6655,0.0481,0.1516,0.0189,0.9321,0
0,gpu_thrust_uf,3,121015,31363,0.0798,1.8080,0.0307,0.1526,0.0185,2.0053,0
0,gpu_thrust_uf,4,121015,31363,0.0842,1.2776,0.0778,0.1505,0.0217,1.5508,0
0,gpu_hash_uf,0,121015,31363,0.0760,0.2876,0.0809,0.1915,0.0308,0.6536,0
0,gpu_hash_uf,1,121015,31363,0.0776,0.2725,0.1014,0.1894,0.0200,0.6526,0
0,gpu_hash_uf,2,121015,31363,0.0791,0.2756,0.0344,0.1516,0.0193,0.5532,0
0,gpu_hash_uf,3,121015,31363,0.0760,0.2506,0.0369,0.1516,0.0284,0.5379,0
0,gpu_hash_uf,4,121015,31363,0.0793,0.2175,0.0613,0.1935,0.0190,0.5596,0
0,gpu_hash_prop,0,121015,31363,0.0899,0.2525,0.0369,11.9818,0.0392,11.7467,171
0,gpu_hash_prop,1,121015,31363,0.0817,0.2037,0.0369,7.3298,0.0242,7.2860,171
0,gpu_hash_prop,2,121015,31363,0.0752,0.1906,0.0379,14.9432,0.0257,14.4610,171
0,gpu_hash_prop,3,121015,31363,0.0824,0.1797,0.0379,9.8478,0.0273,9.6479,171
0,gpu_hash_prop,4,121015,31363,0.0942,0.3653,0.0918,20.4708,0.0317,19.9107,171
1,cpu_t1,0,121151,30983,0,4.1636,1.3916,0.1532,0,5.7084,0
1,cpu_t1,1,121151,30983,0,3.9461,1.4213,0.1496,0,5.5171,0
1,cpu_t1,2,121151,30983,0,4.0283,1.4747,0.1496,0,5.6526,0
1,cpu_t1,3,121151,30983,0,3.9259,1.3928,0.1654,0,5.4841,0
1,cpu_t1,4,121151,30983,0,3.8804,1.3871,0.1531,0,5.4206,0
1,cpu_t2,0,121151,30983,0,6.7239,0.7265,0.1523,0,7.6027,0
1,cpu_t2,1,121151,30983,0,7.5188,0.7017,0.1520,0,8.3725,0
1,cpu_t2,2,121151,30983,0,7.1137,0.7340,0.1528,0,8.0005,0
1,cpu_t2,3,121151,30983,0,16.3779,0.7161,0.1522,0,17.2462,0
1,cpu_t2,4,121151,30983,0,15.2662,0.6914,0.1508,0,16.1084,0
1,cpu_t4,0,121151,30983,0,21.3726,0.7303,0.1543,0,22.2572,0
1,cpu_t4,1,121151,30983,0,7.6653,0.3873,0.1537,0,8.2063,0
1,cpu_t4,2,121151,30983,0,16.9847,0.4211,0.1576,0,17.5633,0
1,cpu_t4,3,121151,30983,0,13.4674,0.3872,0.1508,0,14.0054,0
1,cpu_t4,4,121151,30983,0,15.4305,1.0000,0.1739,0,16.6044,0
1,cpu_t8,0,121151,30983,0,16.2763,0.3699,0.1879,0,16.8341,0
1,cpu_t8,1,121151,30983,0,21.4610,0.4236,0.1993,0,22.0839,0
1,cpu_t8,2,121151,30983,0,7.8012,0.3656,0.1517,0,8.3185,0
1,cpu_t8,3,121151,30983,0,16.9943,0.4027,0.1983,0,17.5954,0
1,cpu_t8,4,121151,30983,0,10.4864,0.3960,0.1536,0,11.0361,0
1,cpu_t16,0,121151,30983,0,0.7261,0.2337,0.2669,0,1.2267,0
1,cpu_t16,1,121151,30983,0,0.7366,0.2070,0.1977,0,1.1413,0
1,cpu_t16,2,121151,30983,0,0.7468,0.2949,0.3844,0,1.4261,0
1,cpu_t16,3,121151,30983,0,1.7762,0.3321,0.1864,0,2.2947,0
1,cpu_t16,4,121151,30983,0,1.3695,0.3470,0.1840,0,1.9006,0
1,gpu_thrust_uf,0,121151,30983,0.0759,0.8533,0.0335,0.1065,0.0283,1.0711,0
1,gpu_thrust_uf,1,121151,30983,0.0810,0.7396,0.0717,0.1280,0.0192,1.0160,0
1,gpu_thrust_uf,2,121151,30983,0.0763,0.9764,0.0809,0.2089,0.1174,1.4026,0
1,gpu_thrust_uf,3,121151,30983,0.0776,0.8834,0.0594,0.1382,0.0175,1.1387,0
1,gpu_thrust_uf,4,121151,30983,0.0763,0.7251,0.0768,0.1065,0.0178,0.9703,0
1,gpu_hash_uf,0,121151,30983,0.0761,0.2564,0.0369,0.1065,0.0192,0.4893,0
1,gpu_hash_uf,1,121151,30983,0.0760,0.2734,0.0440,0.1055,0.0193,0.5117,0
1,gpu_hash_uf,2,121151,30983,0.0762,0.2633,0.0328,0.1055,0.0279,0.5008,0
1,gpu_hash_uf,3,121151,30983,0.0828,0.2736,0.0582,0.4035,0.0246,0.8365,0
1,gpu_hash_uf,4,121151,30983,0.0773,0.6778,0.0594,0.1556,0.0210,0.9646,0
1,gpu_hash_prop,0,121151,30983,0.0822,0.2566,0.0584,17.3138,0.0212,16.7812,169
1,gpu_hash_prop,1,121151,30983,0.0753,0.2036,0.0369,11.3961,0.0607,11.1429,169
1,gpu_hash_prop,2,121151,30983,0.0762,0.2227,0.0727,13.9837,0.0337,13.6228,169
1,gpu_hash_prop,3,121151,30983,0.0825,0.2065,0.0369,11.4545,0.0441,11.2050,169
1,gpu_hash_prop,4,121151,30983,0.0777,0.2421,0.0625,10.0751,0.0233,9.9371,169
2,cpu_t1,0,121483,31077,0,3.8335,1.3825,0.1504,0,5.3664,0
2,cpu_t1,1,121483,31077,0,3.8823,1.3791,0.1400,0,5.4015,0
2,cpu_t1,2,121483,31077,0,3.8685,1.4074,0.1390,0,5.4149,0
2,cpu_t1,3,121483,31077,0,3.8435,1.4206,0.1387,0,5.4028,0
2,cpu_t1,4,121483,31077,0,3.8476,1.4152,0.1428,0,5.4057,0
2,cpu_t2,0,121483,31077,0,17.8430,0.7457,0.1419,0,18.7306,0
2,cpu_t2,1,121483,31077,0,7.5014,0.9784,0.1434,0,8.6231,0
2,cpu_t2,2,121483,31077,0,6.5503,0.7473,0.1432,0,7.4409,0
2,cpu_t2,3,121483,31077,0,4.6150,0.7036,0.1427,0,5.4613,0
2,cpu_t2,4,121483,31077,0,5.8178,0.7034,0.1409,0,6.6621,0
2,cpu_t4,0,121483,31077,0,20.9861,0.4112,0.1419,0,21.5391,0
2,cpu_t4,1,121483,31077,0,19.5922,0.7277,0.1423,0,20.4622,0
2,cpu_t4,2,121483,31077,0,13.7797,0.6737,0.1727,0,14.6260,0
2,cpu_t4,3,121483,31077,0,3.7210,0.3712,0.1570,0,4.2493,0
2,cpu_t4,4,121483,31077,0,7.5715,0.4652,0.2078,0,8.2445,0
2,cpu_t8,0,121483,31077,0,6.7819,0.4206,0.1751,0,7.3776,0
2,cpu_t8,1,121483,31077,0,6.8323,0.3974,0.1890,0,7.4187,0
2,cpu_t8,2,121483,31077,0,7.2080,0.3499,0.1427,0,7.7006,0
2,cpu_t8,3,121483,31077,0,1.7632,0.3869,0.1723,0,2.3224,0
2,cpu_t8,4,121483,31077,0,19.7608,0.3860,0.1745,0,20.3213,0
2,cpu_t16,0,121483,31077,0,0.7443,0.1921,0.1785,0,1.1149,0
2,cpu_t16,1,121483,31077,0,0.7454,0.1966,0.1728,0,1.1147,0
2,cpu_t16,2,121483,31077,0,0.8536,0.1891,0.1857,0,1.2284,0
2,cpu_t16,3,121483,31077,0,0.7763,0.1891,0.1742,0,1.1397,0
2,cpu_t16,4,121483,31077,0,0.7201,0.1983,0.1724,0,1.0908,0
2,gpu_thrust_uf,0,121483,31077,0.0838,1.3186,0.0502,0.0963,0.0347,1.5332,0
2,gpu_thrust_uf,1,121483,31077,0.0813,0.8280,0.0338,0.0963,0.0328,1.0475,0
2,gpu_thrust_uf,2,121483,31077,0.0794,1.8586,0.0307,0.0973,0.0252,2.0045,0
2,gpu_thrust_uf,3,121483,31077,0.0867,1.3098,0.0973,0.2150,0.0304,1.6751,0
2,gpu_thrust_uf,4,121483,31077,0.0754,0.8141,0.0604,0.0963,0.0175,1.0263,0
2,gpu_hash_uf,0,121483,31077,0.0788,0.2330,0.1260,0.1434,0.0300,0.5979,0
2,gpu_hash_uf,1,121483,31077,0.0763,0.2019,0.0420,0.0963,0.0174,0.4360,0
2,gpu_hash_uf,2,121483,31077,0.0762,0.2344,0.0584,0.1220,0.0176,0.5050,0
2,gpu_hash_uf,3,121483,31077,0.0789,0.2586,0.0369,0.1157,0.0180,0.5066,0
2,gpu_hash_uf,4,121483,31077,0.0787,0.2398,0.0573,0.0953,0.0179,0.4853,0
2,gpu_hash_prop,0,121483,31077,0.0799,0.2531,0.0338,9.5027,0.0316,9.3711,156
2,gpu_hash_prop,1,121483,31077,0.0764,0.2497,0.0594,11.4883,0.0241,11.2598,156
2,gpu_hash_prop,2,121483,31077,0.0780,0.2307,0.0584,9.0962,0.0301,8.9914,156
2,gpu_hash_prop,3,121483,31077,0.0777,0.1783,0.0338,18.0777,0.0368,17.4106,156
2,gpu_hash_prop,4,121483,31077,0.0993,0.2461,0.0594,8.6692,0.0538,8.6564,156
3,cpu_t1,0,121604,30976,0,3.8460,1.4791,0.2126,0,5.5377,0
3,cpu_t1,1,121604,30976,0,4.0476,1.3643,0.1657,0,5.5776,0
3,cpu_t1,2,121604,30976,0,3.8389,1.3916,0.1560,0,5.3865,0
3,cpu_t1,3,121604,30976,0,3.9002,1.5845,0.1560,0,5.6407,0
3,cpu_t1,4,121604,30976,0,4.1439,1.3939,0.1557,0,5.6935,0
3,cpu_t2,0,121604,30976,0,9.7156,0.7329,0.1619,0,10.6104,0
3,cpu_t2,1,121604,30976,0,7.9262,0.7613,0.1575,0,8.8449,0
3,cpu_t2,2,121604,30976,0,10.3648,0.7361,0.1897,0,11.2905,0
3,cpu_t2,3,121604,30976,0,4.0069,1.1420,0.1561,0,5.3049,0
3,cpu_t2,4,121604,30976,0,1.9785,1.4506,0.1957,0,3.6248,0
3,cpu_t4,0,121604,30976,0,4.4492,0.4942,0.2228,0,5.1661,0
3,cpu_t4,1,121604,30976,0,9.4804,0.3788,0.1719,0,10.0311,0
3,cpu_t4,2,121604,30976,0,5.4330,0.4041,0.1688,0,6.0059,0
3,cpu_t4,3,121604,30976,0,11.0334,0.5281,0.1570,0,11.7184,0
3,cpu_t4,4,121604,30976,0,6.5246,0.4770,0.1569,0,7.1585,0
3,cpu_t8,0,121604,30976,0,9.9494,0.3434,0.1716,0,10.4644,0
3,cpu_t8,1,121604,30976,0,3.7714,0.3953,0.1592,0,4.3258,0
3,cpu_t8,2,121604,30976,0,4.3129,0.3877,0.1564,0,4.8570,0
3,cpu_t8,3,121604,30976,0,9.8462,0.4000,0.1615,0,10.4077,0
3,cpu_t8,4,121604,30976,0,4.6763,0.3496,0.1925,0,5.2184,0
3,cpu_t16,0,121604,30976,0,1.3721,0.4189,0.2015,0,1.9925,0
3,cpu_t16,1,121604,30976,0,1.3091,0.3037,0.2120,0,1.8249,0
3,cpu_t16,2,121604,30976,0,0.8132,0.1999,0.2041,0,1.2172,0
3,cpu_t16,3,121604,30976,0,0.7510,0.2094,0.2015,0,1.1620,0
3,cpu_t16,4,121604,30976,0,0.7528,0.2096,0.1921,0,1.1545,0
3,gpu_thrust_uf,0,121604,30976,0.0827,0.8296,0.0399,0.1302,0.0333,1.0898,0
3,gpu_thrust_uf,1,121604,30976,0.0764,0.6748,0.0369,0.1198,0.0296,0.9249,0
3,gpu_thrust_uf,2,121604,30976,0.0765,1.5502,0.0666,0.1669,0.0286,1.8131,0
3,gpu_thrust_uf,3,121604,30976,0.0780,0.9346,0.0840,0.1782,0.1513,1.3725,0
3,gpu_thrust_uf,4,121604,30976,0.1250,1.8379,0.0573,0.1475,0.0183,2.0936,0
3,gpu_hash_uf,0,121604,30976,0.0788,0.2209,0.0369,0.1198,0.0173,0.4695,0
3,gpu_hash_uf,1,121604,30976,0.0818,0.2237,0.0614,0.1372,0.0195,0.5188,0
3,gpu_hash_uf,2,121604,30976,0.0790,0.2382,0.0338,0.1198,0.0181,0.4849,0
3,gpu_hash_uf,3,121604,30976,0.0764,0.2041,0.0399,0.1198,0.0178,0.4558,0
3,gpu_hash_uf,4,121604,30976,0.0764,0.1863,0.0420,0.1197,0.0177,0.4399,0
3,gpu_hash_prop,0,121604,30976,0.0768,0.1800,0.0338,10.5147,0.0237,10.2535,154
3,gpu_hash_prop,1,121604,30976,0.0795,0.2364,0.0369,8.2473,0.0296,8.1744,154
3,gpu_hash_prop,2,121604,30976,0.0755,0.1737,0.0338,11.1515,0.1209,10.9687,154
3,gpu_hash_prop,3,121604,30976,0.0768,1.0151,0.0973,18.5620,0.0288,18.7161,154
3,gpu_hash_prop,4,121604,30976,0.0785,0.1845,0.0328,6.2730,0.0251,6.2516,154
4,cpu_t1,0,121779,30875,0,3.9633,1.3414,0.1446,0,5.4493,0
4,cpu_t1,1,121779,30875,0,3.8002,1.3367,0.1557,0,5.2927,0
4,cpu_t1,2,121779,30875,0,3.9027,1.3138,0.1413,0,5.3577,0
4,cpu_t1,3,121779,30875,0,4.0516,1.3271,0.1404,0,5.5191,0
4,cpu_t1,4,121779,30875,0,3.8256,1.3460,0.1405,0,5.3122,0
4,cpu_t2,0,121779,30875,0,23.3506,0.7194,0.1449,0,24.2149,0
4,cpu_t2,1,121779,30875,0,16.4528,0.8550,0.2041,0,17.5119,0
4,cpu_t2,2,121779,30875,0,9.0048,0.7349,0.1429,0,9.8826,0
4,cpu_t2,3,121779,30875,0,16.1028,0.6800,0.1431,0,16.9259,0
4,cpu_t2,4,121779,30875,0,8.4050,0.7125,0.1598,0,9.2773,0
4,cpu_t4,0,121779,30875,0,16.5504,0.7219,0.1437,0,17.4160,0
4,cpu_t4,1,121779,30875,0,5.9076,0.5100,0.1473,0,6.5649,0
4,cpu_t4,2,121779,30875,0,9.7082,0.7570,0.1480,0,10.6132,0
4,cpu_t4,3,121779,30875,0,2.0716,0.7204,0.1445,0,2.9365,0
4,cpu_t4,4,121779,30875,0,5.4110,0.5577,0.1643,0,6.1329,0
4,cpu_t8,0,121779,30875,0,1.5683,0.3628,0.1456,0,2.0766,0
4,cpu_t8,1,121779,30875,0,1.5582,0.3559,0.1784,0,2.0926,0
4,cpu_t8,2,121779,30875,0,3.8749,0.3540,0.1795,0,4.4085,0
4,cpu_t8,3,121779,30875,0,7.0712,0.3890,0.1868,0,7.6470,0
4,cpu_t8,4,121779,30875,0,10.2422,0.4281,0.1880,0,10.8583,0
4,cpu_t16,0,121779,30875,0,1.2919,0.4300,0.1795,0,1.9015,0
4,cpu_t16,1,121779,30875,0,1.3160,0.3841,0.1793,0,1.8793,0
4,cpu_t16,2,121779,30875,0,1.2955,0.4402,0.1797,0,1.9155,0
4,cpu_t16,3,121779,30875,0,1.2650,0.3207,0.1861,0,1.7718,0
4,cpu_t16,4,121779,30875,0,1.7569,0.3464,0.1852,0,2.2885,0
4,gpu_thrust_uf,0,121779,30875,0.0828,0.9157,0.0388,0.1178,0.0328,1.1598,0
4,gpu_thrust_uf,1,121779,30875,0.0788,2.1628,0.0317,0.1044,0.0294,2.3089,0
4,gpu_thrust_uf,2,121779,30875,0.0764,0.7060,0.0337,0.1055,0.0181,0.9162,0
4,gpu_thrust_uf,3,121779,30875,0.0801,0.7734,0.0737,0.1261,0.0341,1.0491,0
4,gpu_thrust_uf,4,121779,30875,0.0987,0.6751,0.0379,0.1044,0.0196,0.9172,0
4,gpu_hash_uf,0,121779,30875,0.0797,0.1885,0.0410,0.1044,0.0175,0.4278,0
4,gpu_hash_uf,1,121779,30875,0.0768,0.1977,0.0358,0.1055,0.0177,0.4328,0
4,gpu_hash_uf,2,121779,30875,0.0787,0.1739,0.0451,0.1044,0.0189,0.4199,0
4,gpu_hash_uf,3,121779,30875,0.0769,0.1858,0.0338,0.1044,0.0178,0.4182,0
4,gpu_hash_uf,4,121779,30875,0.0764,0.1944,0.0417,0.1085,0.0180,0.4368,0
4,gpu_hash_prop,0,121779,30875,0.0766,0.2060,0.0367,8.4132,0.0312,8.2981,153
4,gpu_hash_prop,1,121779,30875,0.1009,0.3136,0.0369,9.2436,0.0709,9.2617,153
4,gpu_hash_prop,2,121779,30875,0.0781,0.2574,0.0369,15.5535,0.0967,15.1968,153
4,gpu_hash_prop,3,121779,30875,0.0806,0.6844,0.1382,13.7923,0.0773,13.9877,153
4,gpu_hash_prop,4,121779,30875,0.0785,0.2346,0.0430,10.9293,0.0271,10.7194,153
5,cpu_t1,0,121948,30884,0,3.7922,1.3566,0.1427,0,5.2915,0
5,cpu_t1,1,121948,30884,0,3.7912,1.3632,0.1401,0,5.2945,0
5,cpu_t1,2,121948,30884,0,3.7816,1.3749,0.1396,0,5.2960,0
5,cpu_t1,3,121948,30884,0,3.7617,1.5704,0.1431,0,5.4752,0
5,cpu_t1,4,121948,30884,0,3.8034,1.3589,0.1406,0,5.3030,0
5,cpu_t2,0,121948,30884,0,13.0878,0.7681,0.1414,0,13.9973,0
5,cpu_t2,1,121948,30884,0,16.0514,0.7445,0.1434,0,16.9392,0
5,cpu_t2,2,121948,30884,0,8.0721,0.8480,0.1429,0,9.0630,0
5,cpu_t2,3,121948,30884,0,10.1420,0.8332,0.1650,0,11.1402,0
5,cpu_t2,4,121948,30884,0,4.4133,0.6822,0.1427,0,5.2381,0
5,cpu_t4,0,121948,30884,0,4.3840,0.4071,0.1439,0,4.9351,0
5,cpu_t4,1,121948,30884,0,16.9889,0.3938,0.1447,0,17.5274,0
5,cpu_t4,2,121948,30884,0,11.5438,0.4202,0.1450,0,12.1090,0
5,cpu_t4,3,121948,30884,0,7.7541,0.3829,0.1424,0,8.2794,0
5,cpu_t4,4,121948,30884,0,7.4657,0.4015,0.1417,0,8.0090,0
5,cpu_t8,0,121948,30884,0,1.3848,0.3608,0.1609,0,1.9065,0
5,cpu_t8,1,121948,30884,0,1.1519,0.3829,0.1810,0,1.7158,0
5,cpu_t8,2,121948,30884,0,1.2643,0.3871,0.1790,0,1.8304,0
5,cpu_t8,3,121948,30884,0,1.3064,0.3852,0.1786,0,1.8702,0
5,cpu_t8,4,121948,30884,0,20.8330,0.3718,0.1773,0,21.3821,0
5,cpu_t16,0,121948,30884,0,0.8151,0.2076,0.1732,0,1.1960,0
5,cpu_t16,1,121948,30884,0,0.8290,0.3138,0.1800,0,1.3228,0
5,cpu_t16,2,121948,30884,0,2.4275,0.8074,0.1735,0,3.4083,0
5,cpu_t16,3,121948,30884,0,1.4336,0.3713,0.1730,0,1.9779,0
5,cpu_t16,4,121948,30884,0,1.3896,0.3731,0.2246,0,1.9874,0
5,gpu_thrust_uf,0,121948,30884,0.0820,0.8613,0.0328,0.1403,0.0314,1.1226,0
5,gpu_thrust_uf,1,121948,30884,0.0789,0.7921,0.0369,0.1229,0.0302,1.0496,0
5,gpu_thrust_uf,2,121948,30884,0.0818,0.8148,0.0604,0.1669,0.0204,1.1208,0
5,gpu_thrust_uf,3,121948,30884,0.0766,0.6808,0.0338,0.1229,0.0194,0.9062,0
5,gpu_thrust_uf,4,121948,30884,0.0782,0.7968,0.1280,0.1362,0.0426,1.1469,0
5,gpu_hash_uf,0,121948,30884,0.0806,0.8838,0.1465,0.1843,0.0359,1.2972,0
5,gpu_hash_uf,1,121948,30884,0.0813,0.3934,0.0307,0.1731,0.0328,0.7016,0
5,gpu_hash_uf,2,121948,30884,0.0759,0.4863,0.0369,0.1230,0.0205,0.7243,0
5,gpu_hash_uf,3,121948,30884,0.0881,1.1935,0.0316,0.1229,0.0199,1.4061,0
5,gpu_hash_uf,4,121948,30884,0.0945,0.9789,0.0430,0.1270,0.0245,1.2271,0
5,gpu_hash_prop,0,121948,30884,0.0803,0.2722,0.0778,15.3006,0.1043,14.9822,138
5,gpu_hash_prop,1,121948,30884,0.0802,0.5124,0.1044,15.9181,0.1013,15.8230,138
5,gpu_hash_prop,2,121948,30884,0.0832,0.3187,0.0530,16.3174,0.0303,15.9028,138
5,gpu_hash_prop,3,121948,30884,0.0767,0.4163,0.0779,15.6139,0.1374,15.4495,138
5,gpu_hash_prop,4,121948,30884,0.0769,0.4288,0.0336,15.6307,0.1048,15.4093,138
6,cpu_t1,0,121848,30634,0,3.8743,1.3705,0.1409,0,5.3856,0
6,cpu_t1,1,121848,30634,0,3.8331,1.3540,0.1370,0,5.3241,0
6,cpu_t1,2,121848,30634,0,3.8497,1.3833,0.1350,0,5.3679,0
6,cpu_t1,3,121848,30634,0,3.8434,1.3577,0.1361,0,5.3372,0
6,cpu_t1,4,121848,30634,0,3.8358,1.3628,0.1351,0,5.3337,0
6,cpu_t2,0,121848,30634,0,17.7903,1.3562,0.1392,0,19.2856,0
6,cpu_t2,1,121848,30634,0,9.5012,0.7949,0.1657,0,10.4619,0
6,cpu_t2,2,121848,30634,0,3.9659,0.7017,0.1390,0,4.8067,0
6,cpu_t2,3,121848,30634,0,19.3820,0.7257,0.1382,0,20.2459,0
6,cpu_t2,4,121848,30634,0,7.3609,0.8733,0.1387,0,8.3729,0
6,cpu_t4,0,121848,30634,0,18.0722,0.4154,0.1392,0,18.6268,0
6,cpu_t4,1,121848,30634,0,16.6433,0.4409,0.1636,0,17.2478,0
6,cpu_t4,2,121848,30634,0,22.0198,0.3962,0.1386,0,22.5546,0
6,cpu_t4,3,121848,30634,0,3.5878,0.7453,0.1376,0,4.4706,0
6,cpu_t4,4,121848,30634,0,1.5715,0.5898,0.1405,0,2.3018,0
6,cpu_t8,0,121848,30634,0,21.7806,0.4093,0.1381,0,22.3280,0
6,cpu_t8,1,121848,30634,0,13.5168,0.3444,0.1495,0,14.0107,0
6,cpu_t8,2,121848,30634,0,6.0461,0.3934,0.1730,0,6.6124,0
6,cpu_t8,3,121848,30634,0,1.2956,0.3778,0.1718,0,1.8451,0
6,cpu_t8,4,121848,30634,0,9.7486,0.3888,0.1379,0,10.2754,0
6,cpu_t16,0,121848,30634,0,0.8024,0.2023,0.1678,0,1.1725,0
6,cpu_t16,1,121848,30634,0,1.0081,0.2609,0.1746,0,1.4436,0
6,cpu_t16,2,121848,30634,0,0.9946,0.3782,0.1689,0,1.5417,0
6,cpu_t16,3,121848,30634,0,1.6183,0.3559,0.1693,0,2.1435,0
6,cpu_t16,4,121848,30634,0,1.3508,0.3616,0.1691,0,1.8814,0
6,gpu_thrust_uf,0,121848,30634,0.0780,0.8113,0.0674,0.1476,0.0328,1.1097,0
6,gpu_thrust_uf,1,121848,30634,0.0777,0.6823,0.0410,0.1454,0.0203,0.9406,0
6,gpu_thrust_uf,2,121848,30634,0.0779,0.8330,0.0625,0.1608,0.0373,1.1313,0
6,gpu_thrust_uf,3,121848,30634,0.0828,0.8432,0.0942,0.2632,0.1526,1.3879,0
6,gpu_thrust_uf,4,121848,30634,0.0821,0.9141,0.0369,0.1188,0.0197,1.1425,0
6,gpu_hash_uf,0,121848,30634,0.0769,0.2558,0.0850,0.1403,0.0214,0.5717,0
6,gpu_hash_uf,1,121848,30634,0.0795,0.2566,0.0328,0.1188,0.0222,0.5045,0
6,gpu_hash_uf,2,121848,30634,0.0765,0.2398,0.0748,0.3973,0.0196,0.8025,0
6,gpu_hash_uf,3,121848,30634,0.0786,0.6360,0.0840,0.1188,0.0180,0.9236,0
6,gpu_hash_uf,4,121848,30634,0.0765,0.2400,0.0360,0.1197,0.0180,0.4882,0
6,gpu_hash_prop,0,121848,30634,0.0801,0.1892,0.0410,11.5876,0.0259,11.2830,137
6,gpu_hash_prop,1,121848,30634,0.0798,0.2074,0.0369,9.6074,0.0311,9.4315,137
6,gpu_hash_prop,2,121848,30634,0.0816,0.5988,0.0358,6.2720,0.0196,6.6431,137
6,gpu_hash_prop,3,121848,30634,0.0779,0.1884,0.0358,8.6170,0.0275,8.4737,137
6,gpu_hash_prop,4,121848,30634,0.0955,0.2042,0.0358,9.8389,0.0316,9.6647,137
7,cpu_t1,0,121997,30349,0,3.8151,1.3734,0.1471,0,5.3356,0
7,cpu_t1,1,121997,30349,0,3.7682,1.3637,0.1365,0,5.2683,0
7,cpu_t1,2,121997,30349,0,3.7933,1.3588,0.1382,0,5.2903,0
7,cpu_t1,3,121997,30349,0,3.8012,1.3483,0.1472,0,5.2967,0
7,cpu_t1,4,121997,30349,0,4.1680,1.4391,0.1385,0,5.7456,0
7,cpu_t2,0,121997,30349,0,20.3921,0.7077,0.1398,0,21.2396,0
7,cpu_t2,1,121997,30349,0,8.1272,0.8554,0.1680,0,9.1505,0
7,cpu_t2,2,121997,30349,0,12.5778,0.6755,0.1401,0,13.3934,0
7,cpu_t2,3,121997,30349,0,6.4896,0.7156,0.1394,0,7.3447,0
7,cpu_t2,4,121997,30349,0,7.5798,0.6936,0.1396,0,8.4131,0
7,cpu_t4,0,121997,30349,0,17.2531,0.6915,0.1396,0,18.0842,0
7,cpu_t4,1,121997,30349,0,13.1989,0.7205,0.1436,0,14.0630,0
7,cpu_t4,2,121997,30349,0,23.1831,0.3950,0.1404,0,23.7184,0
7,cpu_t4,3,121997,30349,0,21.0529,0.4269,0.1641,0,21.6439,0
7,cpu_t4,4,121997,30349,0,7.3915,0.5460,0.1410,0,8.0786,0
7,cpu_t8,0,121997,30349,0,10.4360,0.3928,0.1394,0,10.9682,0
7,cpu_t8,1,121997,30349,0,23.1232,0.3633,0.1806,0,23.6671,0
7,cpu_t8,2,121997,30349,0,11.5599,0.3980,0.1400,0,12.0979,0
7,cpu_t8,3,121997,30349,0,7.9004,0.3707,0.1529,0,8.4240,0
7,cpu_t8,4,121997,30349,0,1.4778,0.3756,0.1799,0,2.0332,0
7,cpu_t16,0,121997,30349,0,1.0623,0.1931,0.1700,0,1.4254,0
7,cpu_t16,1,121997,30349,0,2.2353,0.3758,0.1818,0,2.7929,0
7,cpu_t16,2,121997,30349,0,1.3588,0.3311,0.1724,0,1.8622,0
7,cpu_t16,3,121997,30349,0,1.4297,0.2425,0.1777,0,1.8498,0
7,cpu_t16,4,121997,30349,0,0.9571,0.2160,0.2350,0,1.4081,0
7,gpu_thrust_uf,0,121997,30349,0.0827,0.8359,0.0780,0.1308,0.0200,1.1202,0
7,gpu_thrust_uf,1,121997,30349,0.0781,0.7928,0.0604,0.1536,0.0259,1.0741,0
7,gpu_thrust_uf,2,121997,30349,0.0779,0.7192,0.0614,0.1075,0.0279,0.9694,0
7,gpu_thrust_uf,3,121997,30349,0.0782,0.7881,0.0594,0.1456,0.0338,1.0764,0
7,gpu_thrust_uf,4,121997,30349,0.0792,0.8623,0.3012,0.1073,0.0191,1.3291,0
7,gpu_hash_uf,0,121997,30349,0.0783,0.2034,0.0420,0.1178,0.0266,0.4764,0
7,gpu_hash_uf,1,121997,30349,0.0762,0.1764,0.0358,0.1065,0.0171,0.4106,0
7,gpu_hash_uf,2,121997,30349,0.0769,0.1876,0.0358,0.1065,0.0171,0.4241,0
7,gpu_hash_uf,3,121997,30349,0.0766,0.2194,0.0358,0.1065,0.0204,0.4573,0
7,gpu_hash_uf,4,121997,30349,0.0817,0.1983,0.0368,0.1065,0.0193,0.4548,0
7,gpu_hash_prop,0,121997,30349,0.0767,0.2268,0.0328,12.1235,0.0966,11.8856,135
7,gpu_hash_prop,1,121997,30349,0.1383,0.3722,0.0959,15.9624,0.0960,15.7782,135
7,gpu_hash_prop,2,121997,30349,0.0798,0.4612,0.0336,11.7709,0.0156,11.7022,135
7,gpu_hash_prop,3,121997,30349,0.0803,0.2452,0.0369,7.3759,0.0260,7.3589,135
7,gpu_hash_prop,4,121997,30349,0.0760,0.1801,0.0335,7.8780,0.0315,7.7691,135
8,cpu_t1,0,122227,30566,0,4.0134,1.3931,0.1448,0,5.5513,0
8,cpu_t1,1,122227,30566,0,4.0611,1.6011,0.1375,0,5.7998,0
8,cpu_t1,2,122227,30566,0,4.0056,1.3575,0.1380,0,5.5010,0
8,cpu_t1,3,122227,30566,0,4.0800,1.4353,0.1614,0,5.6768,0
8,cpu_t1,4,122227,30566,0,4.1648,1.4419,0.1399,0,5.7466,0
8,cpu_t2,0,122227,30566,0,2.3226,0.6732,0.1447,0,3.1405,0
8,cpu_t2,1,122227,30566,0,10.2596,0.7779,0.1380,0,11.1755,0
8,cpu_t2,2,122227,30566,0,2.3392,0.7253,0.1370,0,3.2015,0
8,cpu_t2,3,122227,30566,0,2.1335,0.6863,0.1379,0,2.9577,0
8,cpu_t2,4,122227,30566,0,8.2928,0.7495,0.1392,0,9.1815,0
8,cpu_t4,0,122227,30566,0,7.2202,0.3998,0.1376,0,7.7576,0
8,cpu_t4,1,122227,30566,0,10.3157,0.3681,0.1369,0,10.8207,0
8,cpu_t4,2,122227,30566,0,4.2445,0.6944,0.1438,0,5.0828,0
8,cpu_t4,3,122227,30566,0,1.5800,0.3970,0.1378,0,2.1148,0
8,cpu_t4,4,122227,30566,0,4.0321,0.3597,0.1371,0,4.5289,0
8,cpu_t8,0,122227,30566,0,10.0409,0.3824,0.1748,0,10.5981,0
8,cpu_t8,1,122227,30566,0,6.0565,0.3848,0.1734,0,6.6147,0
8,cpu_t8,2,122227,30566,0,3.9651,0.3520,0.1379,0,4.4551,0
8,cpu_t8,3,122227,30566,0,20.9017,0.3637,0.2014,0,21.4668,0
8,cpu_t8,4,122227,30566,0,5.1240,0.3787,0.1796,0,5.6822,0
8,cpu_t16,0,122227,30566,0,0.7398,0.3077,0.1698,0,1.2173,0
8,cpu_t16,1,122227,30566,0,0.8028,0.1920,0.1780,0,1.1727,0
8,cpu_t16,2,122227,30566,0,0.7273,0.2375,0.1786,0,1.1434,0
8,cpu_t16,3,122227,30566,0,0.8049,0.1925,0.1746,0,1.1720,0
8,cpu_t16,4,122227,30566,0,0.7333,0.2175,0.1752,0,1.1261,0
8,gpu_thrust_uf,0,122227,30566,0.0799,1.3477,0.0307,0.1085,0.0295,1.5470,0
8,gpu_thrust_uf,1,122227,30566,0.0790,0.7971,0.0666,0.1269,0.0189,1.0614,0
8,gpu_thrust_uf,2,122227,30566,0.0767,1.7516,0.0307,0.1085,0.0138,1.9191,0
8,gpu_thrust_uf,3,122227,30566,0.0967,1.0641,0.0635,0.1300,0.0233,1.3325,0
8,gpu_thrust_uf,4,122227,30566,0.0769,0.7502,0.0850,0.1281,0.0271,1.0327,0
8,gpu_hash_uf,0,122227,30566,0.0800,0.2570,0.0635,0.1485,0.0191,0.5521,0
8,gpu_hash_uf,1,122227,30566,0.0770,0.2557,0.0778,0.1505,0.0195,0.5712,0
8,gpu_hash_uf,2,122227,30566,0.0768,0.2363,0.0594,0.1567,0.0185,0.5395,0
8,gpu_hash_uf,3,122227,30566,0.0769,0.2669,0.0366,0.1065,0.0194,0.5157,0
8,gpu_hash_uf,4,122227,30566,0.0982,0.2215,0.0358,0.1075,0.0364,0.5020,0
8,gpu_hash_prop,0,122227,30566,0.0808,0.1936,0.0337,8.7357,0.0241,8.5901,135
8,gpu_hash_prop,1,122227,30566,0.0804,0.2101,0.0553,11.2415,0.0227,10.9860,135
8,gpu_hash_prop,2,122227,30566,0.0808,0.2653,0.0416,8.1961,0.0260,8.1558,135
8,gpu_hash_prop,3,122227,30566,0.0788,0.3811,0.0307,8.9856,0.0260,8.9992,135
8,gpu_hash_prop,4,122227,30566,0.0803,0.2510,0.0614,8.7081,0.0226,8.6373,135
9,cpu_t1,0,122402,30482,0,3.9218,1.4274,0.1682,0,5.5175,0
9,cpu_t1,1,122402,30482,0,3.8268,1.3385,0.1273,0,5.2925,0
9,cpu_t1,2,122402,30482,0,3.7802,1.3997,0.1276,0,5.3076,0
9,cpu_t1,3,122402,30482,0,4.2997,1.3560,0.1328,0,5.7885,0
9,cpu_t1,4,122402,30482,0,3.8071,1.3327,0.1261,0,5.2659,0
9,cpu_t2,0,122402,30482,0,7.2555,0.6843,0.1561,0,8.0958,0
9,cpu_t2,1,122402,30482,0,4.7800,1.4092,0.1634,0,6.3525,0
9,cpu_t2,2,122402,30482,0,23.0891,0.7014,0.1332,0,23.9237,0
9,cpu_t2,3,122402,30482,0,9.1627,0.7428,0.1303,0,10.0357,0
9,cpu_t2,4,122402,30482,0,1.7889,0.7187,0.1306,0,2.6383,0
9,cpu_t4,0,122402,30482,0,10.7527,0.3692,0.1293,0,11.2512,0
9,cpu_t4,1,122402,30482,0,4.0744,0.7508,0.1314,0,4.9567,0
9,cpu_t4,2,122402,30482,0,4.2810,0.7113,0.1619,0,5.1542,0
9,cpu_t4,3,122402,30482,0,6.1878,0.4052,0.1301,0,6.7231,0
9,cpu_t4,4,122402,30482,0,1.4999,0.3738,0.1287,0,2.0024,0
9,cpu_t8,0,122402,30482,0,6.7763,0.3937,0.1720,0,7.3420,0
9,cpu_t8,1,122402,30482,0,7.5222,0.3674,0.1619,0,8.0515,0
9,cpu_t8,2,122402,30482,0,17.4788,0.3676,0.1619,0,18.0084,0
9,cpu_t8,3,122402,30482,0,10.2390,0.3805,0.1498,0,10.7693,0
9,cpu_t8,4,122402,30482,0,16.5348,0.3765,0.1307,0,17.0420,0
9,cpu_t16,0,122402,30482,0,0.7310,0.2121,0.1639,0,1.1070,0
9,cpu_t16,1,122402,30482,0,0.7369,0.2030,0.1623,0,1.1022,0
9,cpu_t16,2,122402,30482,0,0.7718,0.2625,0.1634,0,1.1977,0
9,cpu_t16,3,122402,30482,0,0.7362,0.3174,0.1744,0,1.2280,0
9,cpu_t16,4,122402,30482,0,0.7517,0.2656,0.1699,0,1.1872,0
9,gpu_thrust_uf,0,122402,30482,0.0796,1.8050,0.0317,0.0942,0.0316,1.9899,0
9,gpu_thrust_uf,1,122402,30482,0.0834,0.8363,0.1133,0.1546,0.0205,1.1729,0
9,gpu_thrust_uf,2,122402,30482,0.0771,0.7504,0.0840,0.0942,0.0199,0.9999,0
9,gpu_thrust_uf,3,122402,30482,0.0769,0.6771,0.0328,0.0952,0.0220,0.8786,0
9,gpu_thrust_uf,4,122402,30482,0.0769,1.7624,0.0317,0.0952,0.0179,1.9002,0
9,gpu_hash_uf,0,122402,30482,0.0767,0.5024,0.0932,0.2068,0.0487,0.8994,0
9,gpu_hash_uf,1,122402,30482,0.0762,0.5362,0.0338,0.1692,0.0311,0.8215,0
9,gpu_hash_uf,2,122402,30482,0.0838,0.4747,0.1187,0.2128,0.0445,0.9093,0
9,gpu_hash_uf,3,122402,30482,0.0798,0.4751,0.0327,0.1372,0.0393,0.7477,0
9,gpu_hash_uf,4,122402,30482,0.0759,0.3824,0.0307,0.1434,0.0420,0.6689,0
9,gpu_hash_prop,0,122402,30482,0.0797,0.2332,0.0358,8.6836,0.0149,8.5693,127
9,gpu_hash_prop,1,122402,30482,0.0842,0.1960,0.0369,9.0706,0.0241,8.9230,127
9,gpu_hash_prop,2,122402,30482,0.0768,0.2464,0.0590,7.3769,0.0231,7.3745,127
9,gpu_hash_prop,3,122402,30482,0.0781,0.1933,0.0334,9.6072,0.0364,9.4208,127
9,gpu_hash_prop,4,122402,30482,0.0833,0.2127,0.0553,9.7649,0.0265,9.6030,127
10,cpu_t1,0,122486,30510,0,4.0833,1.3581,0.1394,0,5.5808,0
10,cpu_t1,1,122486,30510,0,3.7781,1.3216,0.1456,0,5.2453,0
10,cpu_t1,2,122486,30510,0,3.8989,1.3224,0.1453,0,5.3666,0
10,cpu_t1,3,122486,30510,0,3.7847,1.3534,0.1368,0,5.2749,0
10,cpu_t1,4,122486,30510,0,3.7826,1.3921,0.1352,0,5.3099,0
10,cpu_t2,0,122486,30510,0,9.0972,0.7425,0.1736,0,10.0133,0
10,cpu_t2,1,122486,30510,0,7.5127,0.7476,0.1408,0,8.4011,0
10,cpu_t2,2,122486,30510,0,3.8479,0.6929,0.1430,0,4.6838,0
10,cpu_t2,3,122486,30510,0,22.8738,0.6808,0.1425,0,23.6971,0
10,cpu_t2,4,122486,30510,0,6.9928,0.7014,0.1524,0,7.8466,0
10,cpu_t4,0,122486,30510,0,20.5090,0.3687,0.1600,0,21.0377,0
10,cpu_t4,1,122486,30510,0,19.8139,0.6631,0.1401,0,20.6171,0
10,cpu_t4,2,122486,30510,0,9.1136,0.7548,0.1746,0,10.0430,0
10,cpu_t4,3,122486,30510,0,7.4716,0.5127,0.1393,0,8.1237,0
10,cpu_t4,4,122486,30510,0,3.9980,0.6935,0.1767,0,4.8682,0
10,cpu_t8,0,122486,30510,0,13.5534,0.3848,0.1390,0,14.0771,0
10,cpu_t8,1,122486,30510,0,10.4316,0.4113,0.1858,0,11.0288,0
10,cpu_t8,2,122486,30510,0,4.3315,0.3719,0.1555,0,4.8589,0
10,cpu_t8,3,122486,30510,0,23.2442,0.3415,0.1406,0,23.7263,0
10,cpu_t8,4,122486,30510,0,13.6874,0.3534,0.1394,0,14.1801,0
10,cpu_t16,0,122486,30510,0,1.5752,0.3012,0.1709,0,2.0473,0
10,cpu_t16,1,122486,30510,0,1.4673,0.3816,0.1720,0,2.0210,0
10,cpu_t16,2,122486,30510,0,1.3554,0.3766,0.1822,0,1.9142,0
10,cpu_t16,3,122486,30510,0,1.3993,0.3673,0.1727,0,1.9393,0
10,cpu_t16,4,122486,30510,0,1.3735,0.4119,0.1740,0,1.9595,0
10,gpu_thrust_uf,0,122486,30510,0.0769,0.9791,0.0405,0.1055,0.0334,1.2013,0
10,gpu_thrust_uf,1,122486,30510,0.0791,0.7386,0.0768,0.1300,0.0200,1.0260,0
10,gpu_thrust_uf,2,122486,30510,0.0782,1.2092,0.0315,0.1055,0.0316,1.4049,0
10,gpu_thrust_uf,3,122486,30510,0.0771,0.8720,0.0306,0.1515,0.0202,1.1215,0
10,gpu_thrust_uf,4,122486,30510,0.0814,2.3811,0.0307,0.1056,0.0780,2.5630,0
10,gpu_hash_uf,0,122486,30510,0.0760,0.5425,0.0934,0.1953,0.0579,0.9333,0
10,gpu_hash_uf,1,122486,30510,0.0833,0.3922,0.0307,0.1587,0.0609,0.7069,0
10,gpu_hash_uf,2,122486,30510,0.0833,0.4683,0.0819,0.1413,0.0345,0.7855,0
10,gpu_hash_uf,3,122486,30510,0.0763,0.4851,0.0328,0.1908,0.0298,0.7955,0
10,gpu_hash_uf,4,122486,30510,0.0760,0.4280,0.0307,0.1669,0.0400,0.7221,0
10,gpu_hash_prop,0,122486,30510,0.0806,0.4655,0.0849,13.7181,0.1054,13.6785,120
10,gpu_hash_prop,1,122486,30510,0.0950,0.4015,0.0919,11.9726,0.0944,11.9914,120
10,gpu_hash_prop,2,122486,30510,0.0763,0.4863,0.1065,12.6497,0.0937,12.7004,120
10,gpu_hash_prop,3,122486,30510,0.0760,0.4216,0.2734,13.3479,0.0470,13.4103,120
10,gpu_hash_prop,4,122486,30510,0.0761,0.4346,0.0369,13.4236,0.1026,13.3185,120
11,cpu_t1,0,122554,30492,0,3.8705,1.3093,0.1490,0,5.3287,0
11,cpu_t1,1,122554,30492,0,3.7909,1.4229,0.1512,0,5.3650,0
11,cpu_t1,2,122554,30492,0,3.8563,1.3042,0.1510,0,5.3115,0
11,cpu_t1,3,122554,30492,0,3.8049,1.2606,0.1590,0,5.2245,0
11,cpu_t1,4,122554,30492,0,3.8349,1.2757,0.1500,0,5.2605,0
11,cpu_t2,0,122554,30492,0,3.8399,0.6941,0.1521,0,4.6860,0
11,cpu_t2,1,122554,30492,0,19.5759,0.6731,0.1691,0,20.4181,0
11,cpu_t2,2,122554,30492,0,19.1781,0.9519,0.1567,0,20.2867,0
11,cpu_t2,3,122554,30492,0,21.5722,0.7606,0.1768,0,22.5097,0
11,cpu_t2,4,122554,30492,0,3.9388,0.7059,0.1748,0,4.8195,0
11,cpu_t4,0,122554,30492,0,15.8874,0.3615,0.1527,0,16.4016,0
11,cpu_t4,1,122554,30492,0,20.6360,0.4810,0.1536,0,21.2705,0
11,cpu_t4,2,122554,30492,0,11.9628,0.6922,0.1867,0,12.8417,0
11,cpu_t4,3,122554,30492,0,11.1454,0.3656,0.1533,0,11.6642,0
11,cpu_t4,4,122554,30492,0,1.5598,0.3370,0.1523,0,2.0491,0
11,cpu_t8,0,122554,30492,0,10.1359,0.3509,0.1549,0,10.6416,0
11,cpu_t8,1,122554,30492,0,11.7632,0.3632,0.1911,0,12.3176,0
11,cpu_t8,2,122554,30492,0,20.3911,0.3474,0.1878,0,20.9263,0
11,cpu_t8,3,122554,30492,0,3.7983,0.3874,0.1758,0,4.3615,0
11,cpu_t8,4,122554,30492,0,1.2351,0.3988,0.1508,0,1.7847,0
11,cpu_t16,0,122554,30492,0,1.4054,0.3940,0.1851,0,1.9844,0
11,cpu_t16,1,122554,30492,0,0.9322,0.2091,0.1874,0,1.3286,0
11,cpu_t16,2,122554,30492,0,0.7515,0.2025,0.1918,0,1.1458,0
11,cpu_t16,3,122554,30492,0,0.7478,0.1796,0.1836,0,1.1110,0
11,cpu_t16,4,122554,30492,0,0.7670,0.1947,0.2114,0,1.1731,0
11,gpu_thrust_uf,0,122554,30492,0.0843,0.8300,0.0420,0.1546,0.0285,1.1152,0
11,gpu_thrust_uf,1,122554,30492,0.1210,0.8302,0.0604,0.1528,0.0289,1.1681,0
11,gpu_thrust_uf,2,122554,30492,0.0830,0.7379,0.0645,0.1505,0.0192,1.0306,0
11,gpu_thrust_uf,3,122554,30492,0.0769,0.7353,0.0583,0.4096,0.0276,1.2621,0
11,gpu_thrust_uf,4,122554,30492,0.1074,1.0367,0.0369,0.1127,0.0208,1.2715,0
11,gpu_hash_uf,0,122554,30492,0.0960,0.2493,0.0328,0.1126,0.0182,0.5105,0
11,gpu_hash_uf,1,122554,30492,0.0873,1.7412,0.0942,0.1700,0.1763,2.1726,0
11,gpu_hash_uf,2,122554,30492,0.1015,0.8043,0.1761,0.2888,0.0297,1.3747,0
11,gpu_hash_uf,3,122554,30492,0.0784,0.5956,0.0911,0.2490,0.0885,1.0677,0
11,gpu_hash_uf,4,122554,30492,0.0783,0.6469,0.0942,0.2222,0.1031,1.1356,0
11,gpu_hash_prop,0,122554,30492,0.0772,0.2256,0.0328,15.0794,0.0256,14.6094,197
11,gpu_hash_prop,1,122554,30492,0.1044,0.1948,0.0561,15.6764,0.1187,15.2809,197
11,gpu_hash_prop,2,122554,30492,0.0786,0.6112,0.0973,29.2076,0.1223,28.5151,197
11,gpu_hash_prop,3,122554,30492,0.0772,0.7237,0.0850,18.8283,0.0540,18.7094,197
11,gpu_hash_prop,4,122554,30492,0.0806,0.2043,0.0367,10.0486,0.0173,9.8386,197
12,cpu_t1,0,122460,30316,0,4.7110,1.4202,0.1405,0,6.2717,0
12,cpu_t1,1,122460,30316,0,3.8220,1.5480,0.1290,0,5.4990,0
12,cpu_t1,2,122460,30316,0,4.5455,1.5487,0.1571,0,6.2513,0
12,cpu_t1,3,122460,30316,0,4.0090,1.4642,0.1281,0,5.6013,0
12,cpu_t1,4,122460,30316,0,4.1024,1.6976,0.3416,0,6.1416,0
12,cpu_t2,0,122460,30316,0,4.1020,0.6987,0.1306,0,4.9313,0
12,cpu_t2,1,122460,30316,0,12.6507,0.7069,0.1323,0,13.4899,0
12,cpu_t2,2,122460,30316,0,5.0572,1.3695,0.1688,0,6.5954,0
12,cpu_t2,3,122460,30316,0,6.9038,0.6862,0.1311,0,7.7211,0
12,cpu_t2,4,122460,30316,0,3.2948,0.6794,0.1327,0,4.1069,0
12,cpu_t4,0,122460,30316,0,11.5684,0.6746,0.1610,0,12.4040,0
12,cpu_t4,1,122460,30316,0,7.3229,0.4128,0.1312,0,7.8669,0
12,cpu_t4,2,122460,30316,0,7.0517,0.6877,0.1313,0,7.8707,0
12,cpu_t4,3,122460,30316,0,13.9880,0.3588,0.1314,0,14.4782,0
12,cpu_t4,4,122460,30316,0,3.9630,0.4127,0.1363,0,4.5121,0
12,cpu_t8,0,122460,30316,0,9.8696,0.3901,0.1357,0,10.3954,0
12,cpu_t8,1,122460,30316,0,7.4395,0.3915,0.1438,0,7.9748,0
12,cpu_t8,2,122460,30316,0,6.5841,0.4111,0.1334,0,7.1285,0
12,cpu_t8,3,122460,30316,0,16.6797,0.4303,0.1552,0,17.2652,0
12,cpu_t8,4,122460,30316,0,12.8406,0.3707,0.1306,0,13.3420,0
12,cpu_t16,0,122460,30316,0,1.5755,0.3417,0.1620,0,2.0792,0
12,cpu_t16,1,122460,30316,0,1.3276,0.4025,0.1603,0,1.8903,0
12,cpu_t16,2,122460,30316,0,1.3034,0.2028,0.1607,0,1.6669,0
12,cpu_t16,3,122460,30316,0,0.7402,0.1913,0.1618,0,1.0933,0
12,cpu_t16,4,122460,30316,0,1.3228,0.1921,0.1601,0,1.6749,0
12,gpu_thrust_uf,0,122460,30316,0.0789,0.8822,0.0410,0.1556,0.0322,1.1659,0
12,gpu_thrust_uf,1,122460,30316,0.0784,0.7595,0.0736,0.1392,0.0202,1.0467,0
12,gpu_thrust_uf,2,122460,30316,0.0760,0.7846,0.0653,0.1548,0.0203,1.0698,0
12,gpu_thrust_uf,3,122460,30316,0.0768,0.6934,0.0772,0.1389,0.0200,0.9744,0
12,gpu_thrust_uf,4,122460,30316,0.0853,0.7216,0.0369,0.1147,0.0317,0.9597,0
12,gpu_hash_uf,0,122460,30316,0.0838,0.3420,0.0369,0.1147,0.0215,0.5909,0
12,gpu_hash_uf,1,122460,30316,0.0783,0.1961,0.0369,0.1116,0.0193,0.4447,0
12,gpu_hash_uf,2,122460,30316,0.0760,0.1786,0.0328,0.1126,0.0194,0.4208,0
12,gpu_hash_uf,3,122460,30316,0.0769,0.1748,0.0359,0.1127,0.0175,0.4197,0
12,gpu_hash_uf,4,122460,30316,0.0781,0.1830,0.0358,0.1126,0.0197,0.4294,0
12,gpu_hash_prop,0,122460,30316,0.0796,0.2449,0.0563,7.4332,0.0254,7.4235,114
12,gpu_hash_prop,1,122460,30316,0.0842,0.1930,0.0338,7.9032,0.0247,7.8065,114
12,gpu_hash_prop,2,122460,30316,0.0798,0.2012,0.0328,7.2694,0.0235,7.2045,114
12,gpu_hash_prop,3,122460,30316,0.0947,1.7674,0.0584,6.5386,0.0260,8.0408,114
12,gpu_hash_prop,4,122460,30316,0.0804,0.2637,0.0645,8.3661,0.0231,8.3297,114
13,cpu_t1,0,122566,30372,0,3.7903,1.2840,0.1331,0,5.2074,0
13,cpu_t1,1,122566,30372,0,3.8089,1.3063,0.1307,0,5.2460,0
13,cpu_t1,2,122566,30372,0,3.7679,1.3469,0.1433,0,5.2582,0
13,cpu_t1,3,122566,30372,0,3.8202,1.2783,0.1322,0,5.2307,0
13,cpu_t1,4,122566,30372,0,3.7768,1.3214,0.1377,0,5.2359,0
13,cpu_t2,0,122566,30372,0,22.1203,0.6855,0.1333,0,22.9391,0
13,cpu_t2,1,122566,30372,0,7.6505,0.8662,0.1339,0,8.6507,0
13,cpu_t2,2,122566,30372,0,4.4701,0.6702,0.1331,0,5.2734,0
13,cpu_t2,3,122566,30372,0,20.1003,0.6773,0.1347,0,20.9123,0
13,cpu_t2,4,122566,30372,0,8.0742,0.7027,0.1338,0,8.9107,0
13,cpu_t4,0,122566,30372,0,13.5451,0.5597,0.1334,0,14.2383,0
13,cpu_t4,1,122566,30372,0,4.6113,0.3857,0.1346,0,5.1315,0
13,cpu_t4,2,122566,30372,0,4.7229,0.4294,0.1389,0,5.2912,0
13,cpu_t4,3,122566,30372,0,10.0714,0.6886,0.1846,0,10.9446,0
13,cpu_t4,4,122566,30372,0,4.4670,0.5235,0.1385,0,5.1290,0
13,cpu_t8,0,122566,30372,0,19.2955,0.3794,0.1343,0,19.8093,0
13,cpu_t8,1,122566,30372,0,9.5614,0.3624,0.1677,0,10.0914,0
13,cpu_t8,2,122566,30372,0,1.6959,0.3855,0.1726,0,2.2539,0
13,cpu_t8,3,122566,30372,0,1.9342,0.3443,0.1660,0,2.4446,0
13,cpu_t8,4,122566,30372,0,1.7147,0.4122,0.1327,0,2.2596,0
13,cpu_t16,0,122566,30372,0,1.3126,0.2900,0.1674,0,1.7701,0
13,cpu_t16,1,122566,30372,0,1.2513,0.3587,0.1707,0,1.7807,0
13,cpu_t16,2,122566,30372,0,1.3491,0.3374,0.1652,0,1.8517,0
13,cpu_t16,3,122566,30372,0,1.3192,0.3561,0.1640,0,1.8392,0
13,cpu_t16,4,122566,30372,0,1.5010,0.3784,0.1647,0,2.0441,0
13,gpu_thrust_uf,0,122566,30372,0.0832,0.8409,0.0307,0.1106,0.0332,1.0738,0
13,gpu_thrust_uf,1,122566,30372,0.0835,1.7029,0.0307,0.1116,0.0194,1.8807,0
13,gpu_thrust_uf,2,122566,30372,0.0901,1.0164,0.0358,0.1107,0.0202,1.2317,0
13,gpu_thrust_uf,3,122566,30372,0.0770,0.8048,0.0594,0.1536,0.0197,1.0767,0
13,gpu_thrust_uf,4,122566,30372,0.0768,0.7055,0.0573,0.1556,0.0195,0.9822,0
13,gpu_hash_uf,0,122566,30372,0.0804,0.3503,0.0359,0.1381,0.0324,0.6186,0
13,gpu_hash_uf,1,122566,30372,0.0806,0.2332,0.0758,0.1106,0.0177,0.5122,0
13,gpu_hash_uf,2,122566,30372,0.0788,0.2624,0.0635,0.1331,0.0287,0.5583,0
13,gpu_hash_uf,3,122566,30372,0.0770,0.2282,0.0809,0.1260,0.0194,0.5268,0
13,gpu_hash_uf,4,122566,30372,0.0797,0.2497,0.0378,0.1106,0.0211,0.4936,0
13,gpu_hash_prop,0,122566,30372,0.1158,0.8016,0.0369,4.9254,0.0305,5.6176,86
13,gpu_hash_prop,1,122566,30372,0.0804,0.3287,0.0358,4.9521,0.0280,5.1436,86
13,gpu_hash_prop,2,122566,30372,0.0810,0.2569,0.0359,5.2193,0.0290,5.3488,86
13,gpu_hash_prop,3,122566,30372,0.0946,1.9410,0.0819,9.6440,0.0274,11.1667,86
13,gpu_hash_prop,4,122566,30372,0.0758,0.9968,0.0307,6.5116,0.0258,7.2407,86
14,cpu_t1,0,122501,30406,0,3.8311,1.3346,0.1306,0,5.2963,0
14,cpu_t1,1,122501,30406,0,3.8035,1.3983,0.1263,0,5.3280,0
14,cpu_t1,2,122501,30406,0,3.7937,1.3656,0.1248,0,5.2841,0
14,cpu_t1,3,122501,30406,0,3.7761,1.3934,0.1283,0,5.2979,0
14,cpu_t1,4,122501,30406,0,3.8003,1.4308,0.1250,0,5.3561,0
14,cpu_t2,0,122501,30406,0,7.2092,0.7129,0.1279,0,8.0500,0
14,cpu_t2,1,122501,30406,0,18.6057,0.7331,0.1279,0,19.4667,0
14,cpu_t2,2,122501,30406,0,11.1737,0.6952,0.1274,0,11.9963,0
14,cpu_t2,3,122501,30406,0,10.6725,0.7608,0.1348,0,11.5680,0
14,cpu_t2,4,122501,30406,0,7.0876,0.7375,0.1532,0,7.9784,0
14,cpu_t4,0,122501,30406,0,21.8385,0.3713,0.1318,0,22.3415,0
14,cpu_t4,1,122501,30406,0,5.0897,0.7138,0.1317,0,5.9351,0
14,cpu_t4,2,122501,30406,0,1.8524,0.4186,0.1481,0,2.4190,0
14,cpu_t4,3,122501,30406,0,1.8599,0.3719,0.1290,0,2.3608,0
14,cpu_t4,4,122501,30406,0,22.6526,0.4314,0.1280,0,23.2121,0
14,cpu_t8,0,122501,30406,0,18.7720,0.3888,0.2022,0,19.3631,0
14,cpu_t8,1,122501,30406,0,6.9990,0.4019,0.1612,0,7.5621,0
14,cpu_t8,2,122501,30406,0,4.2915,0.3616,0.1808,0,4.8339,0
14,cpu_t8,3,122501,30406,0,13.6253,0.3566,0.1289,0,14.1108,0
14,cpu_t8,4,122501,30406,0,4.2224,0.4027,0.1317,0,4.7568,0
14,cpu_t16,0,122501,30406,0,1.4119,0.3460,0.1588,0,1.9166,0
14,cpu_t16,1,122501,30406,0,1.3411,0.3202,0.1583,0,1.8196,0
14,cpu_t16,2,122501,30406,0,2.4201,0.3856,0.1597,0,2.9655,0
14,cpu_t16,3,122501,30406,0,1.2483,0.2164,0.1623,0,1.6270,0
14,cpu_t16,4,122501,30406,0,0.7489,0.1987,0.1617,0,1.1093,0
14,gpu_thrust_uf,0,122501,30406,0.0793,1.0585,0.0420,0.1148,0.0471,1.3068,0
14,gpu_thrust_uf,1,122501,30406,0.1021,0.6929,0.0860,0.1372,0.0190,1.0139,0
14,gpu_thrust_uf,2,122501,30406,0.0771,0.7409,0.0594,0.1382,0.0197,1.0017,0
14,gpu_thrust_uf,3,122501,30406,0.0769,0.7413,0.0789,0.1189,0.0266,1.0088,0
14,gpu_thrust_uf,4,122501,30406,0.1329,1.4166,0.0944,0.2374,0.0313,1.8876,0
14,gpu_hash_uf,0,122501,30406,0.0873,1.8648,0.0810,0.2272,0.0323,2.1954,0
14,gpu_hash_uf,1,122501,30406,0.0760,0.4770,0.0936,0.2250,0.0366,0.8804,0
14,gpu_hash_uf,2,122501,30406,0.0763,0.5166,0.0307,0.1823,0.0346,0.8188,0
14,gpu_hash_uf,3,122501,30406,0.0761,0.4092,0.0306,0.1372,0.0596,0.6986,0
14,gpu_hash_uf,4,122501,30406,0.0849,0.4740,0.0307,0.1915,0.0769,0.8314,0
14,gpu_hash_prop,0,122501,30406,0.0762,0.4868,0.1190,10.1234,0.1310,10.3591,94
14,gpu_hash_prop,1,122501,30406,0.0952,0.4837,0.0337,11.2937,0.1049,11.3720,94
14,gpu_hash_prop,2,122501,30406,0.0980,0.6058,0.0335,8.2903,0.0287,8.5846,94
14,gpu_hash_prop,3,122501,30406,0.0809,0.2634,0.0399,6.2300,0.0448,6.3142,94
14,gpu_hash_prop,4,122501,30406,0.0800,0.2484,0.0399,5.0196,0.0491,5.1567,94
15,cpu_t1,0,122455,30384,0,3.7982,1.3475,0.1375,0,5.2833,0
15,cpu_t1,1,122455,30384,0,3.8190,1.3161,0.1378,0,5.2729,0
15,cpu_t1,2,122455,30384,0,3.8067,1.3671,0.1362,0,5.3100,0
15,cpu_t1,3,122455,30384,0,3.7934,1.3827,0.1419,0,5.3179,0
15,cpu_t1,4,122455,30384,0,3.8461,1.3182,0.1370,0,5.3012,0
15,cpu_t2,0,122455,30384,0,7.4616,0.6827,0.1407,0,8.2849,0
15,cpu_t2,1,122455,30384,0,16.7678,0.6745,0.1401,0,17.5825,0
15,cpu_t2,2,122455,30384,0,17.0220,0.7220,0.1688,0,17.9129,0
15,cpu_t2,3,122455,30384,0,4.0914,0.7080,0.1395,0,4.9390,0
15,cpu_t2,4,122455,30384,0,16.5110,0.6648,0.1387,0,17.3144,0
15,cpu_t4,0,122455,30384,0,14.4332,0.6673,0.1507,0,15.2512,0
15,cpu_t4,1,122455,30384,0,14.1673,0.3767,0.1467,0,14.6906,0
15,cpu_t4,2,122455,30384,0,4.2100,0.4012,0.1463,0,4.7576,0
15,cpu_t4,3,122455,30384,0,8.1251,0.3675,0.1855,0,8.6781,0
15,cpu_t4,4,122455,30384,0,7.5490,0.4372,0.1477,0,8.1339,0
15,cpu_t8,0,122455,30384,0,1.1591,0.3840,0.1460,0,1.6891,0
15,cpu_t8,1,122455,30384,0,1.2131,0.4033,0.1793,0,1.7957,0
15,cpu_t8,2,122455,30384,0,1.3713,0.3940,0.1773,0,1.9426,0
15,cpu_t8,3,122455,30384,0,1.2850,0.4005,0.1843,0,1.8698,0
15,cpu_t8,4,122455,30384,0,1.4472,0.4844,0.1992,0,2.1308,0
15,cpu_t16,0,122455,30384,0,1.4658,0.3766,0.1904,0,2.0328,0
15,cpu_t16,1,122455,30384,0,1.4341,0.3528,0.1778,0,1.9648,0
15,cpu_t16,2,122455,30384,0,1.4323,0.3737,0.2009,0,2.0069,0
15,cpu_t16,3,122455,30384,0,1.4766,0.3895,0.1834,0,2.0494,0
15,cpu_t16,4,122455,30384,0,0.8811,0.2176,0.1874,0,1.2860,0
15,gpu_thrust_uf,0,122455,30384,0.0801,1.2055,0.1096,0.1876,0.0272,1.6512,0
15,gpu_thrust_uf,1,122455,30384,0.0962,1.5281,0.0307,0.1230,0.0203,1.8262,0
15,gpu_thrust_uf,2,122455,30384,0.0771,0.7891,0.0338,0.1239,0.0287,1.0862,0
15,gpu_thrust_uf,3,122455,30384,0.0836,0.6549,0.0369,0.1220,0.0286,0.9528,0
15,gpu_thrust_uf,4,122455,30384,0.0761,1.7289,0.0307,0.1229,0.0166,2.0037,0
15,gpu_hash_uf,0,122455,30384,0.0760,0.4505,0.0481,0.2304,0.0337,0.8840,0
15,gpu_hash_uf,1,122455,30384,0.0760,0.5884,0.0328,0.1434,0.0648,0.9339,0
15,gpu_hash_uf,2,122455,30384,0.0760,0.4694,0.1823,0.2121,0.0290,0.9920,0
15,gpu_hash_uf,3,122455,30384,0.0761,0.4972,0.0676,0.1393,0.0381,0.8461,0
15,gpu_hash_uf,4,122455,30384,0.0760,0.4169,0.0328,0.1382,0.0595,0.7505,0
15,gpu_hash_prop,0,122455,30384,0.0770,0.2510,0.0788,12.4221,0.0233,12.8734,179
15,gpu_hash_prop,1,122455,30384,0.0773,0.1999,0.0778,10.2113,0.0362,10.6314,179
15,gpu_hash_prop,2,122455,30384,0.0866,0.6287,0.0317,12.1221,0.0279,12.9177,179
15,gpu_hash_prop,3,122455,30384,0.0772,0.2508,0.0727,12.2071,0.0433,12.6706,179
15,gpu_hash_prop,4,122455,30384,0.0798,0.2583,0.0573,10.4612,0.0240,10.9052,179
16,cpu_t1,0,122296,30595,0,4.0174,1.4485,0.1427,0,5.6087,0
16,cpu_t1,1,122296,30595,0,4.0312,1.4393,0.1431,0,5.6136,0
16,cpu_t1,2,122296,30595,0,4.0174,1.3921,0.1446,0,5.5542,0
16,cpu_t1,3,122296,30595,0,4.3100,1.3775,0.1356,0,5.8230,0
16,cpu_t1,4,122296,30595,0,4.0139,1.4407,0.1348,0,5.5893,0
16,cpu_t2,0,122296,30595,0,9.4858,0.7504,0.1366,0,10.3728,0
16,cpu_t2,1,122296,30595,0,11.8690,0.7150,0.1375,0,12.7215,0
16,cpu_t2,2,122296,30595,0,1.9400,0.7267,0.1387,0,2.8054,0
16,cpu_t2,3,122296,30595,0,1.8864,0.7191,0.1404,0,2.7459,0
16,cpu_t2,4,122296,30595,0,12.8988,0.7575,0.1379,0,13.7942,0
16,cpu_t4,0,122296,30595,0,9.2046,0.7364,0.1710,0,10.1120,0
16,cpu_t4,1,122296,30595,0,10.6885,0.7012,0.1794,0,11.5691,0
16,cpu_t4,2,122296,30595,0,17.0741,0.4242,0.1509,0,17.6492,0
16,cpu_t4,3,122296,30595,0,2.0741,0.4029,0.1366,0,2.6136,0
16,cpu_t4,4,122296,30595,0,13.4091,0.4058,0.1368,0,13.9517,0
16,cpu_t8,0,122296,30595,0,1.7501,0.4006,0.1673,0,2.3180,0
16,cpu_t8,1,122296,30595,0,1.3091,0.4196,0.1661,0,1.8948,0
16,cpu_t8,2,122296,30595,0,1.8101,0.4318,0.1370,0,2.3789,0
16,cpu_t8,3,122296,30595,0,4.2554,0.4206,0.1712,0,4.8473,0
16,cpu_t8,4,122296,30595,0,7.2927,0.3989,0.1379,0,7.8295,0
16,cpu_t16,0,122296,30595,0,0.7952,0.2257,0.1739,0,1.1948,0
16,cpu_t16,1,122296,30595,0,1.5539,0.3370,0.1682,0,2.0591,0
16,cpu_t16,2,122296,30595,0,1.4371,0.3391,0.1685,0,1.9447,0
16,cpu_t16,3,122296,30595,0,1.4138,0.3646,0.1695,0,1.9478,0
16,cpu_t16,4,122296,30595,0,0.9823,0.2944,0.1709,0,1.4476,0
16,gpu_thrust_uf,0,122296,30595,0.0791,0.8468,0.1106,0.1321,0.0311,1.2429,0
16,gpu_thrust_uf,1,122296,30595,0.0762,0.6715,0.0329,0.1321,0.0285,0.9766,0
16,gpu_thrust_uf,2,122296,30595,0.0768,0.7578,0.0307,0.1946,0.0303,1.1201,0
16,gpu_thrust_uf,3,122296,30595,0.0760,0.6798,0.1004,0.2590,0.0333,1.1764,0
16,gpu_thrust_uf,4,122296,30595,0.0831,0.8082,0.1034,0.1311,0.0318,1.1853,0
16,gpu_hash_uf,0,122296,30595,0.0833,1.0730,0.0918,0.2540,0.0301,1.5591,0
16,gpu_hash_uf,1,122296,30595,0.0769,0.5019,0.0303,0.1863,0.0780,0.9016,0
16,gpu_hash_uf,2,122296,30595,0.0927,1.1385,0.0375,0.1321,0.0267,1.4647,0
16,gpu_hash_uf,3,122296,30595,0.0899,0.8825,0.0625,0.1321,0.0231,1.2200,0
16,gpu_hash_uf,4,122296,30595,0.0782,0.2063,0.0369,0.1311,0.0285,0.5105,0
16,gpu_hash_prop,0,122296,30595,0.0796,0.2512,0.0358,13.6212,0.0188,14.0240,177
16,gpu_hash_prop,1,122296,30595,0.0811,0.2918,0.0358,12.5279,0.0268,12.9821,177
16,gpu_hash_prop,2,122296,30595,0.0798,0.1968,0.0338,10.5943,0.0235,10.9510,177
16,gpu_hash_prop,3,122296,30595,0.0771,0.2097,0.0328,10.5117,0.0333,10.8862,177
16,gpu_hash_prop,4,122296,30595,0.0790,0.2025,0.0541,11.8927,0.0570,12.3056,177
17,cpu_t1,0,122260,30426,0,4.1445,1.4805,0.1517,0,5.7767,0
17,cpu_t1,1,122260,30426,0,4.1603,1.7704,0.1635,0,6.0943,0
17,cpu_t1,2,122260,30426,0,4.2179,1.4462,0.1512,0,5.8153,0
17,cpu_t1,3,122260,30426,0,4.1490,1.4544,0.1744,0,5.7778,0
17,cpu_t1,4,122260,30426,0,4.1657,1.5057,0.1537,0,5.8251,0
17,cpu_t2,0,122260,30426,0,1.8215,1.5130,0.1688,0,3.5033,0
17,cpu_t2,1,122260,30426,0,2.8461,0.8290,0.1799,0,3.8550,0
17,cpu_t2,2,122260,30426,0,15.8318,0.7673,0.1548,0,16.7540,0
17,cpu_t2,3,122260,30426,0,4.5247,0.7422,0.1526,0,5.4196,0
17,cpu_t2,4,122260,30426,0,22.5619,0.7244,0.1521,0,23.4384,0
17,cpu_t4,0,122260,30426,0,3.0148,0.4183,0.1539,0,3.5870,0
17,cpu_t4,1,122260,30426,0,4.0718,0.4655,0.1544,0,4.6916,0
17,cpu_t4,2,122260,30426,0,11.3823,0.7919,0.1535,0,12.3277,0
17,cpu_t4,3,122260,30426,0,18.3660,0.4011,0.1678,0,18.9349,0
17,cpu_t4,4,122260,30426,0,8.4187,0.5445,0.1780,0,9.1412,0
17,cpu_t8,0,122260,30426,0,22.8178,0.4004,0.1529,0,23.3712,0
17,cpu_t8,1,122260,30426,0,7.3345,0.3103,0.1687,0,7.8134,0
17,cpu_t8,2,122260,30426,0,1.7889,0.4086,0.1837,0,2.3812,0
17,cpu_t8,3,122260,30426,0,1.8162,0.4214,0.1856,0,2.4232,0
17,cpu_t8,4,122260,30426,0,1.4103,0.3722,0.1854,0,1.9680,0
17,cpu_t16,0,122260,30426,0,1.3528,0.2153,0.1977,0,1.7659,0
17,cpu_t16,1,122260,30426,0,0.8211,0.2150,0.1845,0,1.2206,0
17,cpu_t16,2,122260,30426,0,0.8643,0.3334,0.2108,0,1.4085,0
17,cpu_t16,3,122260,30426,0,0.7897,0.2596,0.1852,0,1.2345,0
17,cpu_t16,4,122260,30426,0,0.7841,0.2118,0.1842,0,1.1800,0
17,gpu_thrust_uf,0,122260,30426,0.0806,0.9563,0.0338,0.1321,0.0308,1.2717,0
17,gpu_thrust_uf,1,122260,30426,0.0767,2.4725,0.0307,0.1331,0.0317,2.7817,0
17,gpu_thrust_uf,2,122260,30426,0.1017,0.7460,0.0625,0.1783,0.0236,1.1457,0
17,gpu_thrust_uf,3,122260,30426,0.0767,0.7957,0.0860,0.1700,0.0204,1.1736,0
17,gpu_thrust_uf,4,122260,30426,0.0767,0.6932,0.0592,0.1536,0.0238,1.0351,0
17,gpu_hash_uf,0,122260,30426,0.0798,0.2647,0.0328,0.1321,0.0192,0.5464,0
17,gpu_hash_uf,1,122260,30426,0.0767,0.2604,0.0788,0.1311,0.0194,0.5908,0
17,gpu_hash_uf,2,122260,30426,0.0770,0.2476,0.0860,0.1321,0.0188,0.5848,0
17,gpu_hash_uf,3,122260,30426,0.0767,0.2606,0.0614,0.1722,0.0188,0.6180,0
17,gpu_hash_uf,4,122260,30426,0.0793,0.2530,0.0788,0.1300,0.0283,0.5940,0
17,gpu_hash_prop,0,122260,30426,0.0769,0.1787,0.0338,12.2024,0.0210,12.5341,190
17,gpu_hash_prop,1,122260,30426,0.0781,0.1919,0.0338,7.8545,0.0263,8.2060,190
17,gpu_hash_prop,2,122260,30426,0.0768,1.1906,0.0307,19.2573,0.1538,20.7347,190
17,gpu_hash_prop,3,122260,30426,0.1269,0.3806,0.0797,20.8005,0.1172,21.5409,190
17,gpu_hash_prop,4,122260,30426,0.0763,1.9359,0.0307,20.2865,0.1128,22.4648,190
18,cpu_t1,0,122219,30323,0,4.1182,1.4511,0.1398,0,5.7091,0
18,cpu_t1,1,122219,30323,0,4.0522,1.4217,0.1312,0,5.6051,0
18,cpu_t1,2,122219,30323,0,4.2453,1.4833,0.1329,0,5.8616,0
18,cpu_t1,3,122219,30323,0,4.0079,1.3916,0.1310,0,5.5305,0
18,cpu_t1,4,122219,30323,0,4.0846,1.4179,0.1447,0,5.6473,0
18,cpu_t2,0,122219,30323,0,7.2682,0.7104,0.1389,0,8.1174,0
18,cpu_t2,1,122219,30323,0,7.1784,0.7028,0.1341,0,8.0154,0
18,cpu_t2,2,122219,30323,0,10.9997,0.7815,0.1530,0,11.9341,0
18,cpu_t2,3,122219,30323,0,10.6126,0.7600,0.1335,0,11.5061,0
18,cpu_t2,4,122219,30323,0,11.7320,0.7023,0.1336,0,12.5679,0
18,cpu_t4,0,122219,30323,0,24.0913,0.4196,0.1339,0,24.6448,0
18,cpu_t4,1,122219,30323,0,6.1278,0.3867,0.1363,0,6.6509,0
18,cpu_t4,2,122219,30323,0,7.8494,0.6744,0.1338,0,8.6576,0
18,cpu_t4,3,122219,30323,0,19.5410,0.7364,0.1696,0,20.4471,0
18,cpu_t4,4,122219,30323,0,10.0797,0.4078,0.1344,0,10.6220,0
18,cpu_t8,0,122219,30323,0,3.7844,0.4032,0.1662,0,4.3538,0
18,cpu_t8,1,122219,30323,0,21.8205,0.3853,0.1478,0,22.3536,0
18,cpu_t8,2,122219,30323,0,4.1840,0.3811,0.1696,0,4.7346,0
18,cpu_t8,3,122219,30323,0,1.3214,0.2151,0.1354,0,1.6720,0
18,cpu_t8,4,122219,30323,0,1.2126,0.2839,0.1581,0,1.6547,0
18,cpu_t16,0,122219,30323,0,0.8400,0.1934,0.1651,0,1.1985,0
18,cpu_t16,1,122219,30323,0,0.8868,0.1950,0.1658,0,1.2476,0
18,cpu_t16,2,122219,30323,0,0.7766,0.1945,0.1669,0,1.1381,0
18,cpu_t16,3,122219,30323,0,1.9559,0.3293,0.1650,0,2.4502,0
18,cpu_t16,4,122219,30323,0,1.5410,0.3653,0.1620,0,2.0683,0
18,gpu_thrust_uf,0,122219,30323,0.0857,0.8873,0.0625,0.1690,0.0299,1.2704,0
18,gpu_thrust_uf,1,122219,30323,0.0808,0.7697,0.0656,0.1760,0.0358,1.1548,0
18,gpu_thrust_uf,2,122219,30323,0.0782,0.8265,0.0739,0.1596,0.0281,1.2060,0
18,gpu_thrust_uf,3,122219,30323,0.0792,0.7205,0.0335,0.1362,0.0180,1.0128,0
18,gpu_thrust_uf,4,122219,30323,0.0799,0.7702,0.0594,0.1567,0.0280,1.1188,0
18,gpu_hash_uf,0,122219,30323,0.0791,0.2543,0.0758,0.1352,0.0284,0.5905,0
18,gpu_hash_uf,1,122219,30323,0.0786,0.2427,0.0584,0.1577,0.0275,0.5891,0
18,gpu_hash_uf,2,122219,30323,0.0794,0.2302,0.0575,0.1361,0.0197,0.5465,0
18,gpu_hash_uf,3,122219,30323,0.0996,0.2345,0.0573,0.1352,0.0283,0.5897,0
18,gpu_hash_uf,4,122219,30323,0.0793,0.2437,0.0573,0.1505,0.0171,0.5721,0
18,gpu_hash_prop,0,122219,30323,0.0831,0.2157,0.0358,11.4555,0.0260,11.8467,164
18,gpu_hash_prop,1,122219,30323,0.0768,0.2000,0.0358,7.0349,0.0225,7.3916,164
18,gpu_hash_prop,2,122219,30323,0.0770,0.1933,0.0328,14.5760,0.1057,15.0062,164
18,gpu_hash_prop,3,122219,30323,0.0767,0.5255,0.0966,17.7736,0.0978,18.5980,164
18,gpu_hash_prop,4,122219,30323,0.0761,0.5267,0.0336,18.0679,0.0990,18.8584,164
19,cpu_t1,0,121870,30173,0,4.0779,1.3615,0.1426,0,5.5819,0
19,cpu_t1,1,121870,30173,0,4.1281,1.5548,0.1802,0,5.8631,0
19,cpu_t1,2,121870,30173,0,4.1172,1.3941,0.1369,0,5.6483,0
19,cpu_t1,3,121870,30173,0,4.0628,1.3787,0.1381,0,5.5796,0
19,cpu_t1,4,121870,30173,0,4.1267,1.4016,0.1478,0,5.6761,0
19,cpu_t2,0,121870,30173,0,11.8197,0.7578,0.1832,0,12.7607,0
19,cpu_t2,1,121870,30173,0,4.7088,0.7415,0.1391,0,5.5895,0
19,cpu_t2,2,121870,30173,0,10.8327,0.6979,0.1386,0,11.6691,0
19,cpu_t2,3,121870,30173,0,7.0036,0.7184,0.1624,0,7.8844,0
19,cpu_t2,4,121870,30173,0,13.4161,0.7903,0.1682,0,14.3746,0
19,cpu_t4,0,121870,30173,0,10.5937,0.3743,0.1426,0,11.1107,0
19,cpu_t4,1,121870,30173,0,4.1526,0.7239,0.1778,0,5.0543,0
19,cpu_t4,2,121870,30173,0,12.9836,0.4699,0.1385,0,13.5920,0
19,cpu_t4,3,121870,30173,0,22.5823,0.5165,0.1427,0,23.2414,0
19,cpu_t4,4,121870,30173,0,21.5978,0.4004,0.1414,0,22.1395,0
19,cpu_t8,0,121870,30173,0,24.2037,0.3665,0.1703,0,24.7405,0
19,cpu_t8,1,121870,30173,0,14.2671,0.3935,0.1418,0,14.8024,0
19,cpu_t8,2,121870,30173,0,23.1440,0.4556,0.1420,0,23.7417,0
19,cpu_t8,3,121870,30173,0,20.9564,0.3728,0.1392,0,21.4684,0
19,cpu_t8,4,121870,30173,0,13.7937,0.4086,0.1507,0,14.3531,0
19,cpu_t16,0,121870,30173,0,0.7972,0.2091,0.1715,0,1.1778,0
19,cpu_t16,1,121870,30173,0,1.4431,0.3988,0.1693,0,2.0112,0
19,cpu_t16,2,121870,30173,0,1.4235,0.4212,0.1683,0,2.0130,0
19,cpu_t16,3,121870,30173,0,1.4266,0.4140,0.1636,0,2.0042,0
19,cpu_t16,4,121870,30173,0,0.8540,0.2062,0.1791,0,1.2393,0
19,gpu_thrust_uf,0,121870,30173,0.0773,0.9402,0.0492,0.2120,0.0350,1.3510,0
19,gpu_thrust_uf,1,121870,30173,0.0796,0.7845,0.0717,0.2120,0.0246,1.2006,0
19,gpu_thrust_uf,2,121870,30173,0.0792,0.8428,0.0737,0.2120,0.0351,1.2696,0
19,gpu_thrust_uf,3,121870,30173,0.0772,0.7317,0.0481,0.2345,0.0267,1.1475,0
19,gpu_thrust_uf,4,121870,30173,0.0773,0.8110,0.0768,0.2120,0.0261,1.2352,0
19,gpu_hash_uf,0,121870,30173,0.0772,0.7296,0.0461,0.2120,0.0235,1.1107,0
19,gpu_hash_uf,1,121870,30173,0.0802,0.9233,0.0492,0.2150,0.0377,1.3426,0
19,gpu_hash_uf,2,121870,30173,0.0808,0.2612,0.0502,0.2161,0.0241,0.6653,0
19,gpu_hash_uf,3,121870,30173,0.0762,0.2140,0.0502,0.2161,0.0274,0.6105,0
19,gpu_hash_uf,4,121870,30173,0.0847,0.2176,0.0492,0.2171,0.0255,0.6224,0
19,gpu_hash_prop,0,121870,30173,0.0793,0.2076,0.0717,10.9773,0.0460,11.4037,150
19,gpu_hash_prop,1,121870,30173,0.0763,0.2874,0.0502,12.7396,0.0295,13.2089,150
19,gpu_hash_prop,2,121870,30173,0.0776,0.2674,0.0502,10.0803,0.0321,10.5297,150
19,gpu_hash_prop,3,121870,30173,0.0777,0.2847,0.0502,10.4940,0.0234,10.9617,150
19,gpu_hash_prop,4,121870,30173,0.0773,0.2487,0.0707,8.9702,0.0225,9.4203,150
20,cpu_t1,0,121860,29998,0,4.3654,1.4135,0.1402,0,5.9191,0
20,cpu_t1,1,121860,29998,0,4.1075,1.3922,0.1393,0,5.6390,0
20,cpu_t1,2,121860,29998,0,4.2245,1.4398,0.1410,0,5.8054,0
20,cpu_t1,3,121860,29998,0,4.1332,1.3942,0.1399,0,5.6673,0
20,cpu_t1,4,121860,29998,0,4.0347,1.6140,0.1489,0,5.7975,0
20,cpu_t2,0,121860,29998,0,22.4211,0.7324,0.1405,0,23.2941,0
20,cpu_t2,1,121860,29998,0,14.5877,0.7618,0.1419,0,15.4914,0
20,cpu_t2,2,121860,29998,0,21.6422,0.6999,0.1445,0,22.4867,0
20,cpu_t2,3,121860,29998,0,1.8063,0.8960,0.1418,0,2.8441,0
20,cpu_t2,4,121860,29998,0,19.6257,0.7352,0.1400,0,20.5009,0
20,cpu_t4,0,121860,29998,0,13.7701,0.7339,0.1733,0,14.6773,0
20,cpu_t4,1,121860,29998,0,4.1614,0.3871,0.1407,0,4.6893,0
20,cpu_t4,2,121860,29998,0,8.0459,0.5265,0.1421,0,8.7145,0
20,cpu_t4,3,121860,29998,0,10.0230,0.3896,0.1713,0,10.5839,0
20,cpu_t4,4,121860,29998,0,1.5619,0.3762,0.1420,0,2.0802,0
20,cpu_t8,0,121860,29998,0,6.9480,0.3906,0.1429,0,7.4814,0
20,cpu_t8,1,121860,29998,0,1.2516,0.3998,0.1402,0,1.7915,0
20,cpu_t8,2,121860,29998,0,1.5007,0.4265,0.1423,0,2.0696,0
20,cpu_t8,3,121860,29998,0,4.8512,0.4175,0.1551,0,5.4239,0
20,cpu_t8,4,121860,29998,0,20.2257,0.4003,0.1744,0,20.8003,0
20,cpu_t16,0,121860,29998,0,1.4463,0.4319,0.1823,0,2.0605,0
20,cpu_t16,1,121860,29998,0,1.2290,0.2071,0.1711,0,1.6073,0
20,cpu_t16,2,121860,29998,0,0.8147,0.2195,0.1790,0,1.2132,0
20,cpu_t16,3,121860,29998,0,0.7872,0.2208,0.1821,0,1.1901,0
20,cpu_t16,4,121860,29998,0,0.7721,0.2061,0.1792,0,1.1573,0
20,gpu_thrust_uf,0,121860,29998,0.0800,0.8788,0.0553,0.1874,0.0292,1.2662,0
20,gpu_thrust_uf,1,121860,29998,0.0819,0.8337,0.0512,0.1864,0.0353,1.2248,0
20,gpu_thrust_uf,2,121860,29998,0.0773,0.7586,0.0748,0.1874,0.0219,1.1489,0
20,gpu_thrust_uf,3,121860,29998,0.0761,1.8088,0.0481,0.1894,0.0397,2.2377,0
20,gpu_thrust_uf,4,121860,29998,0.0774,2.9768,0.0666,0.3154,0.0262,3.5198,0
20,gpu_hash_uf,0,121860,29998,0.0775,0.2771,0.0799,0.2109,0.0263,0.6940,0
20,gpu_hash_uf,1,121860,29998,0.0762,0.2767,0.0788,0.2181,0.0270,0.7035,0
20,gpu_hash_uf,2,121860,29998,0.0772,0.2278,0.0553,0.1874,0.0249,0.5990,0
20,gpu_hash_uf,3,121860,29998,0.0772,0.2596,0.0727,0.1874,0.0252,0.6504,0
20,gpu_hash_uf,4,121860,29998,0.0791,0.2436,0.0727,0.1976,0.0276,0.6462,0
20,gpu_hash_prop,0,121860,29998,0.0772,0.2548,0.0768,4.9787,0.0309,5.4395,79
20,gpu_hash_prop,1,121860,29998,0.0775,0.2138,0.0481,3.6434,0.0226,4.0282,79
20,gpu_hash_prop,2,121860,29998,0.0769,0.2091,0.0481,5.8624,0.0479,6.2684,79
20,gpu_hash_prop,3,121860,29998,0.0789,0.2741,0.0707,7.3083,0.0213,7.7785,79
20,gpu_hash_prop,4,121860,29998,0.0774,0.2679,0.0788,4.6950,0.0230,5.1673,79
21,cpu_t1,0,121514,30126,0,4.0316,1.4436,0.1420,0,5.6172,0
21,cpu_t1,1,121514,30126,0,4.6739,1.9203,0.1548,0,6.7490,0
21,cpu_t1,2,121514,30126,0,4.1446,1.4044,0.1425,0,5.6915,0
21,cpu_t1,3,121514,30126,0,4.1118,1.3813,0.1431,0,5.6363,0
21,cpu_t1,4,121514,30126,0,4.2360,1.3917,0.1438,0,5.7715,0
21,cpu_t2,0,121514,30126,0,21.2941,0.7966,0.1448,0,22.2355,0
21,cpu_t2,1,121514,30126,0,4.6663,0.9621,0.1442,0,5.7726,0
21,cpu_t2,2,121514,30126,0,22.7156,1.2896,0.1451,0,24.1503,0
21,cpu_t2,3,121514,30126,0,16.7064,0.7100,0.1447,0,17.5611,0
21,cpu_t2,4,121514,30126,0,8.2473,0.9987,0.1452,0,9.3912,0
21,cpu_t4,0,121514,30126,0,20.1634,0.3620,0.1452,0,20.6705,0
21,cpu_t4,1,121514,30126,0,4.4097,0.5072,0.1613,0,5.0782,0
21,cpu_t4,2,121514,30126,0,2.1787,0.5014,0.2045,0,2.8846,0
21,cpu_t4,3,121514,30126,0,4.5627,0.7123,0.1779,0,5.4529,0
21,cpu_t4,4,121514,30126,0,1.6956,0.6994,0.1767,0,2.5716,0
21,cpu_t8,0,121514,30126,0,7.4953,0.3612,0.1478,0,8.0043,0
21,cpu_t8,1,121514,30126,0,14.2316,0.3394,0.1470,0,14.7180,0
21,cpu_t8,2,121514,30126,0,1.1459,0.2572,0.1436,0,1.5467,0
21,cpu_t8,3,121514,30126,0,4.2263,0.4919,0.1606,0,4.8788,0
21,cpu_t8,4,121514,30126,0,1.7553,0.3946,0.1475,0,2.2974,0
21,cpu_t16,0,121514,30126,0,0.7710,0.2184,0.1828,0,1.1723,0
21,cpu_t16,1,121514,30126,0,0.8577,0.2162,0.1900,0,1.2639,0
21,cpu_t16,2,121514,30126,0,0.7883,0.1945,0.1758,0,1.1586,0
21,cpu_t16,3,121514,30126,0,0.7811,0.2015,0.1776,0,1.1602,0
21,cpu_t16,4,121514,30126,0,0.7818,0.2021,0.1790,0,1.1628,0
21,gpu_thrust_uf,0,121514,30126,0.0830,1.0333,0.0532,0.1833,0.0499,1.4451,0
21,gpu_thrust_uf,1,121514,30126,0.0814,1.7782,0.0501,0.1843,0.0268,2.1586,0
21,gpu_thrust_uf,2,121514,30126,0.0814,0.8059,0.0860,0.1833,0.0254,1.2165,0
21,gpu_thrust_uf,3,121514,30126,0.1058,2.9723,0.0645,0.2826,0.0267,3.5135,0
21,gpu_thrust_uf,4,121514,30126,0.0982,0.8881,0.0788,0.1823,0.0254,1.3024,0
21,gpu_hash_uf,0,121514,30126,0.0772,0.2987,0.0840,0.1833,0.0241,0.6892,0
21,gpu_hash_uf,1,121514,30126,0.0801,0.2468,0.0492,0.1833,0.0244,0.6045,0
21,gpu_hash_uf,2,121514,30126,0.0788,0.2486,0.0492,0.2109,0.0219,0.6340,0
21,gpu_hash_uf,3,121514,30126,0.0799,0.3091,0.0737,0.2017,0.0313,0.7201,0
21,gpu_hash_uf,4,121514,30126,0.0795,0.2785,0.0522,0.1833,0.0345,0.6566,0
21,gpu_hash_prop,0,121514,30126,0.0794,0.6012,0.1260,16.0123,0.0307,16.9765,86
21,gpu_hash_prop,1,121514,30126,0.0792,0.6837,0.2173,6.2472,0.0280,7.2893,86
21,gpu_hash_prop,2,121514,30126,0.0771,0.2643,0.1014,6.2740,0.0314,6.7690,86
21,gpu_hash_prop,3,121514,30126,0.0760,0.2222,0.0512,3.9444,0.0313,4.3474,86
21,gpu_hash_prop,4,121514,30126,0.0762,0.2151,0.0543,4.0202,0.0214,4.4087,86
22,cpu_t1,0,121316,30185,0,4.2296,1.4503,0.1545,0,5.8345,0
22,cpu_t1,1,121316,30185,0,4.6715,1.3429,0.1532,0,6.1675,0
22,cpu_t1,2,121316,30185,0,4.3339,1.4173,0.1521,0,5.9033,0
22,cpu_t1,3,121316,30185,0,4.1186,1.3655,0.1518,0,5.6359,0
22,cpu_t1,4,121316,30185,0,4.0350,1.3308,0.1652,0,5.5310,0
22,cpu_t2,0,121316,30185,0,8.1603,0.7240,0.1536,0,9.0379,0
22,cpu_t2,1,121316,30185,0,14.1804,0.7405,0.1523,0,15.0732,0
22,cpu_t2,2,121316,30185,0,8.1768,0.6992,0.1785,0,9.0545,0
22,cpu_t2,3,121316,30185,0,7.0264,0.8039,0.1531,0,7.9834,0
22,cpu_t2,4,121316,30185,0,3.5594,0.9506,0.2099,0,4.7199,0
22,cpu_t4,0,121316,30185,0,1.6690,0.3673,0.1527,0,2.1890,0
22,cpu_t4,1,121316,30185,0,21.8341,0.4306,0.1521,0,22.4168,0
22,cpu_t4,2,121316,30185,0,11.0913,0.3677,0.1798,0,11.6388,0
22,cpu_t4,3,121316,30185,0,4.0125,0.3793,0.1566,0,4.5483,0
22,cpu_t4,4,121316,30185,0,1.9844,0.4322,0.1549,0,2.5715,0
22,cpu_t8,0,121316,30185,0,4.2304,0.1979,0.1918,0,4.6201,0
22,cpu_t8,1,121316,30185,0,4.4028,0.3953,0.1850,0,4.9831,0
22,cpu_t8,2,121316,30185,0,10.2448,0.3843,0.1848,0,10.8139,0
22,cpu_t8,3,121316,30185,0,4.1833,0.3729,0.1541,0,4.7103,0
22,cpu_t8,4,121316,30185,0,1.6953,0.3678,0.1538,0,2.2169,0
22,cpu_t16,0,121316,30185,0,0.8566,0.2083,0.1855,0,1.2503,0
22,cpu_t16,1,121316,30185,0,0.8146,0.2081,0.1889,0,1.2116,0
22,cpu_t16,2,121316,30185,0,0.8017,0.2088,0.1942,0,1.2047,0
22,cpu_t16,3,121316,30185,0,0.7955,0.2177,0.2035,0,1.2167,0
22,cpu_t16,4,121316,30185,0,0.8653,0.3041,0.1880,0,1.3574,0
22,gpu_thrust_uf,0,121316,30185,0.0845,0.9125,0.0604,0.2273,0.0562,1.3747,0
22,gpu_thrust_uf,1,121316,30185,0.0769,0.7740,0.0604,0.2273,0.0306,1.2050,0
22,gpu_thrust_uf,2,121316,30185,0.0825,1.8025,0.0573,0.2284,0.0436,2.2491,0
22,gpu_thrust_uf,3,121316,30185,0.0773,2.8080,0.0573,0.2284,0.0360,3.2366,0
22,gpu_thrust_uf,4,121316,30185,0.0823,0.9437,0.1065,0.3512,0.0501,1.5810,0
22,gpu_hash_uf,0,121316,30185,0.0772,0.3926,0.0952,0.2284,0.0258,0.8540,0
22,gpu_hash_uf,1,121316,30185,0.0867,0.2839,0.0614,0.2273,0.0287,0.7141,0
22,gpu_hash_uf,2,121316,30185,0.0758,0.2952,0.0870,0.2273,0.0236,0.7354,0
22,gpu_hash_uf,3,121316,30185,0.0769,0.2232,0.0532,0.2273,0.0249,0.6332,0
22,gpu_hash_uf,4,121316,30185,0.0769,0.2464,0.0573,0.2273,0.0235,0.6661,0
22,gpu_hash_prop,0,121316,30185,0.0769,0.2249,0.0532,4.3868,0.0245,4.7891,95
22,gpu_hash_prop,1,121316,30185,0.0781,0.2350,0.0522,7.0103,0.0488,7.4476,95
22,gpu_hash_prop,2,121316,30185,0.0789,0.2932,0.0808,9.6195,0.0239,10.1223,95
22,gpu_hash_prop,3,121316,30185,0.0789,0.2845,0.0788,5.4784,0.0240,5.9670,95
22,gpu_hash_prop,4,121316,30185,0.0769,0.2925,0.0604,5.9464,0.0292,6.4277,95
23,cpu_t1,0,121321,30094,0,4.1235,1.3996,0.1449,0,5.6680,0
23,cpu_t1,1,121321,30094,0,4.0660,1.3600,0.1365,0,5.5626,0
23,cpu_t1,2,121321,30094,0,4.0407,1.4042,0.1325,0,5.5774,0
23,cpu_t1,3,121321,30094,0,4.0591,1.3996,0.1322,0,5.5909,0
23,cpu_t1,4,121321,30094,0,4.0082,1.4369,0.1330,0,5.5780,0
23,cpu_t2,0,121321,30094,0,1.7726,0.9129,0.1856,0,2.8712,0
23,cpu_t2,1,121321,30094,0,13.3314,0.7472,0.1338,0,14.2125,0
23,cpu_t2,2,121321,30094,0,8.1156,0.7494,0.1351,0,9.0001,0
23,cpu_t2,3,121321,30094,0,7.4202,0.7368,0.1387,0,8.2957,0
23,cpu_t2,4,121321,30094,0,7.4758,0.6959,0.1346,0,8.3063,0
23,cpu_t4,0,121321,30094,0,4.3802,0.7155,0.1471,0,5.2428,0
23,cpu_t4,1,121321,30094,0,7.4353,0.7227,0.1844,0,8.3424,0
23,cpu_t4,2,121321,30094,0,8.8785,0.4546,0.1462,0,9.4793,0
23,cpu_t4,3,121321,30094,0,13.1695,0.7542,0.1371,0,14.0608,0
23,cpu_t4,4,121321,30094,0,12.5119,0.3649,0.1401,0,13.0169,0
23,cpu_t8,0,121321,30094,0,4.9045,0.3848,0.1347,0,5.4240,0
23,cpu_t8,1,121321,30094,0,7.2858,0.4003,0.1356,0,7.8217,0
23,cpu_t8,2,121321,30094,0,10.9410,0.3726,0.1667,0,11.4803,0
23,cpu_t8,3,121321,30094,0,1.7788,0.3811,0.1349,0,2.2947,0
23,cpu_t8,4,121321,30094,0,5.3354,0.4001,0.1748,0,5.9103,0
23,cpu_t16,0,121321,30094,0,1.7336,0.4147,0.1644,0,2.3127,0
23,cpu_t16,1,121321,30094,0,1.4704,0.3891,0.1688,0,2.0283,0
23,cpu_t16,2,121321,30094,0,1.5897,0.3703,0.2043,0,2.1643,0
23,cpu_t16,3,121321,30094,0,1.2063,0.2141,0.1705,0,1.5910,0
23,cpu_t16,4,121321,30094,0,0.7881,0.2123,0.1752,0,1.1756,0
23,gpu_thrust_uf,0,121321,30094,0.2909,0.7172,0.0881,0.3195,0.0352,1.4892,0
23,gpu_thrust_uf,1,121321,30094,0.2892,0.6337,0.1085,0.2734,0.0366,1.3706,0
23,gpu_thrust_uf,2,121321,30094,0.2900,0.6442,0.1147,0.2744,0.0444,1.3947,0
23,gpu_thrust_uf,3,121321,30094,0.2965,2.5938,0.0594,0.2755,0.0268,3.2873,0
23,gpu_thrust_uf,4,121321,30094,0.3660,6.3875,0.0768,0.2714,0.0295,7.1733,0
23,gpu_hash_uf,0,121321,30094,0.2927,0.2816,0.0922,0.2744,0.0315,0.9949,0
23,gpu_hash_uf,1,121321,30094,0.2899,0.2745,0.0881,0.2744,0.0334,0.9892,0
23,gpu_hash_uf,2,121321,30094,0.2898,0.2678,0.0829,0.2744,0.0332,0.9763,0
23,gpu_hash_uf,3,121321,30094,0.2898,0.2999,0.0635,0.2734,0.0326,0.9868,0
23,gpu_hash_uf,4,121321,30094,0.2896,0.2761,0.0860,0.2744,0.0412,0.9994,0
23,gpu_hash_prop,0,121321,30094,0.2899,0.3653,0.0594,15.8863,0.0391,16.6692,169
23,gpu_hash_prop,1,121321,30094,0.2917,0.3642,0.0850,19.3249,0.0283,20.1266,169
23,gpu_hash_prop,2,121321,30094,0.0807,0.2820,0.1147,12.2163,0.0205,12.7393,169
23,gpu_hash_prop,3,121321,30094,0.0759,0.2107,0.0768,12.5727,0.0305,12.9868,169
23,gpu_hash_prop,4,121321,30094,0.0795,0.3193,0.0819,10.9896,0.0228,11.2186,169
24,cpu_t1,0,121180,29986,0,3.9015,1.3917,0.1467,0,5.4399,0
24,cpu_t1,1,121180,29986,0,3.8924,1.3141,0.1521,0,5.3587,0
24,cpu_t1,2,121180,29986,0,3.8665,1.3336,0.1441,0,5.3442,0
24,cpu_t1,3,121180,29986,0,3.8530,1.3118,0.1423,0,5.3072,0
24,cpu_t1,4,121180,29986,0,3.9138,1.3520,0.1432,0,5.4090,0
24,cpu_t2,0,121180,29986,0,11.2406,0.6697,0.1463,0,12.0566,0
24,cpu_t2,1,121180,29986,0,6.3299,0.6973,0.1474,0,7.1746,0
24,cpu_t2,2,121180,29986,0,9.3767,0.8350,0.1733,0,10.3850,0
24,cpu_t2,3,121180,29986,0,11.0906,0.7328,0.1460,0,11.9694,0
24,cpu_t2,4,121180,29986,0,2.1771,0.6841,0.1486,0,3.0097,0
24,cpu_t4,0,121180,29986,0,3.9828,0.4108,0.1455,0,4.5392,0
24,cpu_t4,1,121180,29986,0,1.5893,0.4036,0.1728,0,2.1657,0
24,cpu_t4,2,121180,29986,0,4.9752,0.5016,0.2051,0,5.6819,0
24,cpu_t4,3,121180,29986,0,2.0997,0.7008,0.1465,0,2.9470,0
24,cpu_t4,4,121180,29986,0,7.2244,0.6880,0.1785,0,8.0909,0
24,cpu_t8,0,121180,29986,0,1.7100,0.3384,0.1458,0,2.1943,0
24,cpu_t8,1,121180,29986,0,1.5668,0.3467,0.1459,0,2.0595,0
24,cpu_t8,2,121180,29986,0,1.2096,0.2136,0.1458,0,1.5690,0
24,cpu_t8,3,121180,29986,0,1.1000,0.3376,0.1453,0,1.5829,0
24,cpu_t8,4,121180,29986,0,1.6505,0.3582,0.1716,0,2.1803,0
24,cpu_t16,0,121180,29986,0,1.3473,0.3500,0.1791,0,1.8764,0
24,cpu_t16,1,121180,29986,0,1.4525,0.3613,0.1789,0,1.9926,0
24,cpu_t16,2,121180,29986,0,0.8219,0.1915,0.1790,0,1.1924,0
24,cpu_t16,3,121180,29986,0,0.7760,0.1921,0.1814,0,1.1495,0
24,cpu_t16,4,121180,29986,0,0.8229,0.4210,0.1782,0,1.4220,0
24,gpu_thrust_uf,0,121180,29986,0.0828,0.8994,0.0604,0.2007,0.0267,1.2604,0
24,gpu_thrust_uf,1,121180,29986,0.0768,0.7943,0.0911,0.2017,0.0250,1.1812,0
24,gpu_thrust_uf,2,121180,29986,0.0760,0.7442,0.0584,0.2007,0.0243,1.0888,0
24,gpu_thrust_uf,3,121180,29986,0.0794,0.7610,0.0543,0.2007,0.0497,1.1295,0
24,gpu_thrust_uf,4,121180,29986,0.0768,1.7457,0.0543,0.2017,0.0308,2.0629,0
24,gpu_hash_uf,0,121180,29986,0.0789,0.2112,0.0543,0.2007,0.0282,0.5765,0
24,gpu_hash_uf,1,121180,29986,0.0813,0.2944,0.0502,0.2007,0.0290,0.6666,0
24,gpu_hash_uf,2,121180,29986,0.0757,0.2141,0.0553,0.1997,0.0255,0.5771,0
24,gpu_hash_uf,3,121180,29986,0.0870,0.3587,0.0543,0.2017,0.0252,0.7269,0
24,gpu_hash_uf,4,121180,29986,0.0879,2.1539,0.0553,0.2017,0.0851,2.5229,0
24,gpu_hash_prop,0,121180,29986,0.0760,0.4383,0.0502,11.9491,0.0236,12.1245,172
24,gpu_hash_prop,1,121180,29986,0.0758,0.2315,0.0502,10.5462,0.0263,10.5617,172
24,gpu_hash_prop,2,121180,29986,0.0788,0.2779,0.0788,12.7642,0.0277,12.7889,172
24,gpu_hash_prop,3,121180,29986,0.0770,0.2685,0.0543,10.1233,0.0205,10.1885,172
24,gpu_hash_prop,4,121180,29986,0.0759,0.2077,0.0553,17.7725,0.0881,17.5723,172
25,cpu_t1,0,121376,29955,0,3.9430,1.4603,0.1370,0,5.5403,0
25,cpu_t1,1,121376,29955,0,3.8711,1.4876,0.1375,0,5.4963,0
25,cpu_t1,2,121376,29955,0,4.4602,1.4709,0.1377,0,6.0688,0
25,cpu_t1,3,121376,29955,0,3.9469,1.3968,0.1361,0,5.4798,0
25,cpu_t1,4,121376,29955,0,3.9501,1.4248,0.1376,0,5.5125,0
25,cpu_t2,0,121376,29955,0,2.1734,0.7853,0.1368,0,3.0956,0
25,cpu_t2,1,121376,29955,0,6.3305,0.7045,0.1360,0,7.1710,0
25,cpu_t2,2,121376,29955,0,7.3331,0.7371,0.1384,0,8.2087,0
25,cpu_t2,3,121376,29955,0,6.1851,0.8007,0.1573,0,7.1430,0
25,cpu_t2,4,121376,29955,0,11.0067,0.7589,0.1377,0,11.9033,0
25,cpu_t4,0,121376,29955,0,1.6554,0.3903,0.1373,0,2.1830,0
25,cpu_t4,1,121376,29955,0,1.5215,0.3767,0.1367,0,2.0349,0
25,cpu_t4,2,121376,29955,0,7.7248,0.3876,0.1372,0,8.2496,0
25,cpu_t4,3,121376,29955,0,7.1526,0.3927,0.1374,0,7.6828,0
25,cpu_t4,4,121376,29955,0,20.9011,0.7155,0.1509,0,21.7674,0
25,cpu_t8,0,121376,29955,0,7.1391,0.4011,0.1410,0,7.6812,0
25,cpu_t8,1,121376,29955,0,15.5414,0.3874,0.1745,0,16.1032,0
25,cpu_t8,2,121376,29955,0,4.2346,0.3546,0.1700,0,4.7592,0
25,cpu_t8,3,121376,29955,0,1.2478,0.3784,0.1701,0,1.7963,0
25,cpu_t8,4,121376,29955,0,4.9042,0.3699,0.1462,0,5.4203,0
25,cpu_t16,0,121376,29955,0,0.8729,0.4192,0.2108,0,1.5030,0
25,cpu_t16,1,121376,29955,0,1.8659,0.3917,0.1797,0,2.4373,0
25,cpu_t16,2,121376,29955,0,1.3711,0.3995,0.1804,0,1.9510,0
25,cpu_t16,3,121376,29955,0,1.2683,0.2553,0.1654,0,1.6890,0
25,cpu_t16,4,121376,29955,0,0.7935,0.2123,0.1895,0,1.1954,0
25,gpu_thrust_uf,0,121376,29955,0.0935,0.9454,0.0532,0.2488,0.0480,1.3786,0
25,gpu_thrust_uf,1,121376,29955,0.0769,0.8025,0.0799,0.2499,0.0253,1.2244,0
25,gpu_thrust_uf,2,121376,29955,0.0769,0.7368,0.0543,0.2499,0.0380,1.1402,0
25,gpu_thrust_uf,3,121376,29955,0.0770,0.8160,0.0553,0.2499,0.0353,1.2201,0
25,gpu_thrust_uf,4,121376,29955,0.0798,1.7544,0.0553,0.2499,0.0238,2.1112,0
25,gpu_hash_uf,0,121376,29955,0.0788,0.2155,0.0543,0.2499,0.0256,0.6247,0
25,gpu_hash_uf,1,121376,29955,0.0930,2.3213,0.0646,0.2498,0.0288,2.6963,0
25,gpu_hash_uf,2,121376,29955,0.0822,0.2967,0.0807,0.2488,0.0248,0.7341,0
25,gpu_hash_uf,3,121376,29955,0.0790,0.2249,0.0553,0.2488,0.0251,0.6351,0
25,gpu_hash_uf,4,121376,29955,0.0980,0.2458,0.0676,0.2499,0.0341,0.6964,0
25,gpu_hash_prop,0,121376,29955,0.0769,0.2265,0.0584,10.5114,0.0289,10.5354,116
25,gpu_hash_prop,1,121376,29955,0.0827,0.2568,0.0584,8.6426,0.0205,8.7773,116
25,gpu_hash_prop,2,121376,29955,0.0792,0.2318,0.0502,8.5749,0.0274,8.6663,116
25,gpu_hash_prop,3,121376,29955,0.0772,0.2367,0.0543,7.3339,0.0203,7.4682,116
25,gpu_hash_prop,4,121376,29955,0.0761,0.2245,0.0840,7.5039,0.0284,7.6559,116
26,cpu_t1,0,121544,30015,0,3.9640,1.3543,0.1435,0,5.4619,0
26,cpu_t1,1,121544,30015,0,3.8621,1.6604,0.2100,0,5.7325,0
26,cpu_t1,2,121544,30015,0,5.1154,1.3906,0.1470,0,6.6530,0
26,cpu_t1,3,121544,30015,0,3.8487,1.3408,0.1581,0,5.3476,0
26,cpu_t1,4,121544,30015,0,4.0241,1.3729,0.1439,0,5.5409,0
26,cpu_t2,0,121544,30015,0,6.7235,0.9502,0.1514,0,7.8250,0
26,cpu_t2,1,121544,30015,0,12.9186,0.7606,0.1460,0,13.8252,0
26,cpu_t2,2,121544,30015,0,8.8148,0.7158,0.1440,0,9.6747,0
26,cpu_t2,3,121544,30015,0,7.8625,0.7201,0.1451,0,8.7277,0
26,cpu_t2,4,121544,30015,0,17.4765,0.7023,0.1858,0,18.3646,0
26,cpu_t4,0,121544,30015,0,7.5677,0.4857,0.1453,0,8.1987,0
26,cpu_t4,1,121544,30015,0,14.0226,0.3916,0.1459,0,14.5601,0
26,cpu_t4,2,121544,30015,0,21.6439,0.4718,0.1469,0,22.2626,0
26,cpu_t4,3,121544,30015,0,9.9517,0.4779,0.1463,0,10.5760,0
26,cpu_t4,4,121544,30015,0,12.2670,0.3810,0.1480,0,12.7960,0
26,cpu_t8,0,121544,30015,0,22.0962,0.3929,0.1738,0,22.6629,0
26,cpu_t8,1,121544,30015,0,6.8608,0.3853,0.1829,0,7.4291,0
26,cpu_t8,2,121544,30015,0,10.2333,0.4932,0.1829,0,10.9094,0
26,cpu_t8,3,121544,30015,0,4.8979,0.4013,0.1454,0,5.4445,0
26,cpu_t8,4,121544,30015,0,1.2131,0.3794,0.1462,0,1.7387,0
26,cpu_t16,0,121544,30015,0,1.4139,0.5666,0.2230,0,2.2035,0
26,cpu_t16,1,121544,30015,0,1.4181,0.3793,0.1786,0,1.9760,0
26,cpu_t16,2,121544,30015,0,1.3917,0.3615,0.2318,0,1.9850,0
26,cpu_t16,3,121544,30015,0,1.3476,0.2676,0.1779,0,1.7931,0
26,cpu_t16,4,121544,30015,0,1.2927,0.2807,0.1774,0,1.7508,0
26,gpu_thrust_uf,0,121544,30015,0.0818,0.7561,0.0707,0.2232,0.0326,1.1625,0
26,gpu_thrust_uf,1,121544,30015,0.0772,1.1730,0.0717,0.2212,0.0246,1.5414,0
26,gpu_thrust_uf,2,121544,30015,0.0760,0.7419,0.0543,0.2222,0.0246,1.1036,0
26,gpu_thrust_uf,3,121544,30015,0.0794,1.8132,0.0584,0.2232,0.0323,2.1522,0
26,gpu_thrust_uf,4,121544,30015,0.0770,0.8449,0.0543,0.2222,0.0278,1.2109,0
26,gpu_hash_uf,0,121544,30015,0.0889,0.3449,0.0502,0.2232,0.0234,0.7263,0
26,gpu_hash_uf,1,121544,30015,0.0893,2.0898,0.0758,0.2222,0.0240,2.4374,0
26,gpu_hash_uf,2,121544,30015,0.0770,0.2026,0.0584,0.2232,0.0236,0.5890,0
26,gpu_hash_uf,3,121544,30015,0.0759,0.2161,0.0635,0.2212,0.0273,0.6063,0
26,gpu_hash_uf,4,121544,30015,0.0789,0.2057,0.0543,0.2222,0.0255,0.5899,0
26,gpu_hash_prop,0,121544,30015,0.0798,0.2418,0.0543,9.3808,0.0249,9.4557,119
26,gpu_hash_prop,1,121544,30015,0.0801,0.2260,0.0584,8.0517,0.0292,8.1660,119
26,gpu_hash_prop,2,121544,30015,0.0773,0.2164,0.0512,8.7688,0.0196,8.8315,119
26,gpu_hash_prop,3,121544,30015,0.0759,0.2151,0.0594,13.0898,0.1091,13.0864,119
26,gpu_hash_prop,4,121544,30015,0.0982,0.4157,0.0502,14.3032,0.0300,14.3960,119
27,cpu_t1,0,121556,29915,0,3.9041,1.3554,0.1300,0,5.3895,0
27,cpu_t1,1,121556,29915,0,3.9037,1.3271,0.1259,0,5.3567,0
27,cpu_t1,2,121556,29915,0,3.8883,1.3451,0.1305,0,5.3639,0
27,cpu_t1,3,121556,29915,0,3.8178,1.3946,0.1279,0,5.3403,0
27,cpu_t1,4,121556,29915,0,3.8697,1.3537,0.1267,0,5.3501,0
27,cpu_t2,0,121556,29915,0,9.1373,0.7391,0.1331,0,10.0095,0
27,cpu_t2,1,121556,29915,0,10.7773,0.7027,0.1283,0,11.6083,0
27,cpu_t2,2,121556,29915,0,7.4525,0.7443,0.1626,0,8.3594,0
27,cpu_t2,3,121556,29915,0,7.6469,0.9209,0.1555,0,8.7233,0
27,cpu_t2,4,121556,29915,0,10.7564,0.9458,0.1367,0,11.8388,0
27,cpu_t4,0,121556,29915,0,27.6395,0.7901,0.1358,0,28.5655,0
27,cpu_t4,1,121556,29915,0,15.5031,0.7241,0.1329,0,16.3601,0
27,cpu_t4,2,121556,29915,0,15.8852,0.3572,0.1347,0,16.3771,0
27,cpu_t4,3,121556,29915,0,7.3110,0.5105,0.1894,0,8.0108,0
27,cpu_t4,4,121556,29915,0,16.8946,0.3884,0.1424,0,17.4254,0
27,cpu_t8,0,121556,29915,0,7.1532,0.4016,0.1321,0,7.6868,0
27,cpu_t8,1,121556,29915,0,19.5094,0.3707,0.1291,0,20.0091,0
27,cpu_t8,2,121556,29915,0,23.0717,0.3697,0.1295,0,23.5709,0
27,cpu_t8,3,121556,29915,0,7.6545,0.3953,0.1723,0,8.2221,0
27,cpu_t8,4,121556,29915,0,3.9255,0.3788,0.1518,0,4.4560,0
27,cpu_t16,0,121556,29915,0,0.7346,0.1962,0.1672,0,1.0980,0
27,cpu_t16,1,121556,29915,0,0.7469,0.1883,0.1575,0,1.0927,0
27,cpu_t16,2,121556,29915,0,0.7452,0.1871,0.1580,0,1.0904,0
27,cpu_t16,3,121556,29915,0,0.7588,0.1892,0.1592,0,1.1072,0
27,cpu_t16,4,121556,29915,0,0.7562,0.1945,0.1589,0,1.1096,0
27,gpu_thrust_uf,0,121556,29915,0.1106,1.6786,0.0584,0.2284,0.0275,2.1189,0
27,gpu_thrust_uf,1,121556,29915,0.0774,0.7038,0.0543,0.2284,0.0362,1.0865,0
27,gpu_thrust_uf,2,121556,29915,0.0804,2.0641,0.0522,0.2294,0.0248,2.3965,0
27,gpu_thrust_uf,3,121556,29915,0.0884,1.1996,0.0840,0.2284,0.0266,1.5998,0
27,gpu_thrust_uf,4,121556,29915,0.0825,0.7860,0.0980,0.3318,0.0305,1.3102,0
27,gpu_hash_uf,0,121556,29915,0.0771,0.4923,0.0960,0.3103,0.0299,1.0042,0
27,gpu_hash_uf,1,121556,29915,0.0771,0.5539,0.0502,0.2652,0.0297,0.9756,0
27,gpu_hash_uf,2,121556,29915,0.0762,0.4734,0.0807,0.3011,0.0325,0.9579,0
27,gpu_hash_uf,3,121556,29915,0.0773,0.2121,0.0532,0.2284,0.0239,0.6050,0
27,gpu_hash_uf,4,121556,29915,0.0794,0.2059,0.0543,0.2284,0.0240,0.5912,0
27,gpu_hash_prop,0,121556,29915,0.0806,0.2241,0.0584,5.8532,0.0344,6.0462,114
27,gpu_hash_prop,1,121556,29915,0.0814,0.2397,0.0881,8.4654,0.0272,8.6201,114
27,gpu_hash_prop,2,121556,29915,0.0772,0.2267,0.0512,5.8337,0.0200,6.0096,114
27,gpu_hash_prop,3,121556,29915,0.0788,0.5113,0.1700,16.2367,0.1105,16.5404,114
27,gpu_hash_prop,4,121556,29915,0.0796,0.5416,0.0553,13.5414,0.0274,13.7646,114
28,cpu_t1,0,121524,29967,0,4.0417,1.4071,0.1358,0,5.5846,0
28,cpu_t1,1,121524,29967,0,4.3227,1.3286,0.1369,0,5.7882,0
28,cpu_t1,2,121524,29967,0,3.9810,1.2990,0.1355,0,5.4156,0
28,cpu_t1,3,121524,29967,0,3.9380,1.2870,0.1378,0,5.3628,0
28,cpu_t1,4,121524,29967,0,3.9860,1.3182,0.1350,0,5.4392,0
28,cpu_t2,0,121524,29967,0,1.8303,0.7506,0.1364,0,2.7174,0
28,cpu_t2,1,121524,29967,0,19.7448,0.7723,0.1365,0,20.6535,0
28,cpu_t2,2,121524,29967,0,21.2039,0.8271,0.1756,0,22.2065,0
28,cpu_t2,3,121524,29967,0,6.9286,0.6754,0.1393,0,7.7433,0
28,cpu_t2,4,121524,29967,0,10.1379,0.6750,0.1581,0,10.9710,0
28,cpu_t4,0,121524,29967,0,1.4460,0.4062,0.1549,0,2.0071,0
28,cpu_t4,1,121524,29967,0,1.4315,0.3875,0.1354,0,1.9544,0
28,cpu_t4,2,121524,29967,0,16.6249,0.3898,0.1378,0,17.1525,0
28,cpu_t4,3,121524,29967,0,10.7225,0.6718,0.1710,0,11.5653,0
28,cpu_t4,4,121524,29967,0,21.3373,0.7465,0.1713,0,22.2551,0
28,cpu_t8,0,121524,29967,0,7.6905,0.1982,0.1376,0,8.0263,0
28,cpu_t8,1,121524,29967,0,6.9836,0.3734,0.1398,0,7.4968,0
28,cpu_t8,2,121524,29967,0,16.3504,0.3725,0.1865,0,16.9094,0
28,cpu_t8,3,121524,29967,0,7.8530,0.2682,0.1420,0,8.2631,0
28,cpu_t8,4,121524,29967,0,1.0521,0.2217,0.1358,0,1.4097,0
28,cpu_t16,0,121524,29967,0,0.7869,0.1899,0.1657,0,1.1425,0
28,cpu_t16,1,121524,29967,0,0.7730,0.1977,0.1710,0,1.1417,0
28,cpu_t16,2,121524,29967,0,0.7789,0.1973,0.1694,0,1.1456,0
28,cpu_t16,3,121524,29967,0,0.7670,0.2051,0.2184,0,1.1905,0
28,cpu_t16,4,121524,29967,0,0.7650,0.2878,0.1703,0,1.2231,0
28,gpu_thrust_uf,0,121524,29967,0.0776,1.0491,0.0553,0.2519,0.0287,1.4444,0
28,gpu_thrust_uf,1,121524,29967,0.0770,0.8712,0.0543,0.2519,0.0243,1.2653,0
28,gpu_thrust_uf,2,121524,29967,0.0771,2.8940,0.0778,0.2714,0.0257,3.2538,0
28,gpu_thrust_uf,3,121524,29967,0.0770,0.8191,0.0768,0.2519,0.0211,1.2269,0
28,gpu_thrust_uf,4,121524,29967,0.0771,0.7439,0.0584,0.2519,0.0260,1.1409,0
28,gpu_hash_uf,0,121524,29967,0.0775,0.2817,0.0768,0.2509,0.0244,0.7077,0
28,gpu_hash_uf,1,121524,29967,0.0758,0.2482,0.0819,0.2509,0.0263,0.6836,0
28,gpu_hash_uf,2,121524,29967,0.0773,0.2645,0.0737,0.2519,0.0239,0.6945,0
28,gpu_hash_uf,3,121524,29967,0.0770,0.2625,0.0584,0.2509,0.0494,0.7161,0
28,gpu_hash_uf,4,121524,29967,0.0771,0.6456,0.1096,0.3604,0.0484,1.2506,0
28,gpu_hash_prop,0,121524,29967,0.0761,0.2424,0.0573,9.7608,0.0241,9.8235,118
28,gpu_hash_prop,1,121524,29967,0.0797,0.2516,0.0748,6.9735,0.0273,7.1633,118
28,gpu_hash_prop,2,121524,29967,0.0760,0.2543,0.0758,9.6532,0.0220,9.7427,118
28,gpu_hash_prop,3,121524,29967,0.0772,0.2682,0.0512,14.0504,0.1821,14.1290,118
28,gpu_hash_prop,4,121524,29967,0.0940,0.5680,0.1731,16.5724,0.1055,16.9465,118
29,cpu_t1,0,121340,30043,0,3.8859,1.3428,0.1258,0,5.3545,0
29,cpu_t1,1,121340,30043,0,3.8092,1.4329,0.1241,0,5.3661,0
29,cpu_t1,2,121340,30043,0,3.8554,1.4031,0.1335,0,5.3919,0
29,cpu_t1,3,121340,30043,0,3.8747,1.3472,0.1278,0,5.3497,0
29,cpu_t1,4,121340,30043,0,3.8851,1.3761,0.1241,0,5.3853,0
29,cpu_t2,0,121340,30043,0,14.0376,0.7141,0.1268,0,14.8785,0
29,cpu_t2,1,121340,30043,0,23.0041,0.7395,0.1263,0,23.8700,0
29,cpu_t2,2,121340,30043,0,7.9001,0.7226,0.1441,0,8.7668,0
29,cpu_t2,3,121340,30043,0,4.7787,0.9589,0.1801,0,5.9177,0
29,cpu_t2,4,121340,30043,0,23.7688,0.7246,0.1302,0,24.6236,0
29,cpu_t4,0,121340,30043,0,2.0954,0.5837,0.1369,0,2.8160,0
29,cpu_t4,1,121340,30043,0,9.8813,0.3632,0.1275,0,10.3720,0
29,cpu_t4,2,121340,30043,0,7.5656,0.4865,0.1741,0,8.2261,0
29,cpu_t4,3,121340,30043,0,6.6372,0.3858,0.1270,0,7.1500,0
29,cpu_t4,4,121340,30043,0,22.9001,0.6237,0.1623,0,23.6862,0
29,cpu_t8,0,121340,30043,0,15.8825,0.3732,0.1271,0,16.3827,0
29,cpu_t8,1,121340,30043,0,13.7373,0.3714,0.1603,0,14.2690,0
29,cpu_t8,2,121340,30043,0,9.9692,0.3927,0.1306,0,10.4926,0
29,cpu_t8,3,121340,30043,0,13.6334,0.3592,0.1853,0,14.1779,0
29,cpu_t8,4,121340,30043,0,11.9057,0.3741,0.1589,0,12.4387,0
29,cpu_t16,0,121340,30043,0,4.1975,0.4625,0.1610,0,4.8210,0
29,cpu_t16,1,121340,30043,0,1.4151,0.3648,0.1589,0,1.9388,0
29,cpu_t16,2,121340,30043,0,0.8358,0.2085,0.1657,0,1.2100,0
29,cpu_t16,3,121340,30043,0,0.7814,0.2202,0.1770,0,1.1786,0
29,cpu_t16,4,121340,30043,0,0.8198,0.2061,0.1696,0,1.1955,0
29,gpu_thrust_uf,0,121340,30043,0.2923,7.8518,0.0737,0.3308,0.0343,8.3149,0
29,gpu_thrust_uf,1,121340,30043,0.2917,1.2587,0.0768,0.3246,0.0354,1.9448,0
29,gpu_thrust_uf,2,121340,30043,0.2899,0.7935,0.1055,0.3246,0.0372,1.5248,0
29,gpu_thrust_uf,3,121340,30043,0.2944,0.8936,0.1352,0.3246,0.0291,1.6515,0
29,gpu_thrust_uf,4,121340,30043,0.2900,0.7720,0.1198,0.4383,0.0441,1.6539,0
29,gpu_hash_uf,0,121340,30043,0.3053,4.9576,0.1034,0.3994,0.0392,5.6512,0
29,gpu_hash_uf,1,121340,30043,0.2897,0.5724,0.1167,0.3133,0.0437,1.3359,0
29,gpu_hash_uf,2,121340,30043,0.2898,0.5924,0.0737,0.3686,0.0410,1.3764,0
29,gpu_hash_uf,3,121340,30043,0.2909,0.5524,0.1280,0.3144,0.0465,1.3336,0
29,gpu_hash_uf,4,121340,30043,0.2899,0.5170,0.1556,0.3133,0.0402,1.3154,0
29,gpu_hash_prop,0,121340,30043,0.2918,2.5844,0.0717,19.4888,0.0405,21.7083,123
29,gpu_hash_prop,1,121340,30043,0.2918,0.4115,0.0707,20.9265,0.0359,20.9843,123
29,gpu_hash_prop,2,121340,30043,0.2907,0.3703,0.0952,10.0649,0.0222,10.4820,123
29,gpu_hash_prop,3,121340,30043,0.2979,5.6034,0.0778,15.4327,0.0401,20.7132,123
29,gpu_hash_prop,4,121340,30043,0.2942,0.3903,0.0799,16.1178,0.0266,16.3336,123
30,cpu_t1,0,121129,29969,0,3.8510,1.3818,0.1438,0,5.3767,0
30,cpu_t1,1,121129,29969,0,3.8764,1.3485,0.1356,0,5.3606,0
30,cpu_t1,2,121129,29969,0,3.8528,1.3493,0.1461,0,5.3483,0
30,cpu_t1,3,121129,29969,0,3.8859,1.3919,0.1605,0,5.4384,0
30,cpu_t1,4,121129,29969,0,3.8490,1.4039,0.1366,0,5.3894,0
30,cpu_t2,0,121129,29969,0,21.0709,0.6989,0.1384,0,21.9081,0
30,cpu_t2,1,121129,29969,0,20.0701,0.9221,0.2051,0,21.1973,0
30,cpu_t2,2,121129,29969,0,15.7843,0.9351,0.1389,0,16.8583,0
30,cpu_t2,3,121129,29969,0,16.3938,0.6848,0.1386,0,17.2171,0
30,cpu_t2,4,121129,29969,0,4.2925,0.7049,0.1622,0,5.1596,0
30,cpu_t4,0,121129,29969,0,6.0125,0.3612,0.1418,0,6.5155,0
30,cpu_t4,1,121129,29969,0,20.3656,0.3610,0.1412,0,20.8678,0
30,cpu_t4,2,121129,29969,0,22.4756,0.4201,0.1418,0,23.0375,0
30,cpu_t4,3,121129,29969,0,4.6112,0.7056,0.1389,0,5.4556,0
30,cpu_t4,4,121129,29969,0,17.1925,0.5001,0.1399,0,17.8325,0
30,cpu_t8,0,121129,29969,0,19.8405,0.4052,0.1731,0,20.4188,0
30,cpu_t8,1,121129,29969,0,1.2672,0.3934,0.1810,0,1.8416,0
30,cpu_t8,2,121129,29969,0,4.4503,0.3818,0.1413,0,4.9734,0
30,cpu_t8,3,121129,29969,0,8.8754,0.3533,0.1394,0,9.3680,0
30,cpu_t8,4,121129,29969,0,1.1033,0.3627,0.1420,0,1.6080,0
30,cpu_t16,0,121129,29969,0,1.4947,0.3383,0.1695,0,2.0026,0
30,cpu_t16,1,121129,29969,0,1.4707,0.3530,0.1690,0,1.9927,0
30,cpu_t16,2,121129,29969,0,1.3564,0.3897,0.1698,0,1.9158,0
30,cpu_t16,3,121129,29969,0,1.3731,0.2024,0.1803,0,1.7557,0
30,cpu_t16,4,121129,29969,0,0.7755,0.1977,0.1745,0,1.1477,0
30,gpu_thrust_uf,0,121129,29969,0.0843,0.8785,0.0645,0.3062,0.0296,1.3566,0
30,gpu_thrust_uf,1,121129,29969,0.0770,0.7523,0.0850,0.2181,0.0362,1.1620,0
30,gpu_thrust_uf,2,121129,29969,0.0770,0.8639,0.0799,0.2181,0.0277,1.2552,0
30,gpu_thrust_uf,3,121129,29969,0.0768,0.7752,0.0840,0.2191,0.0270,1.1645,0
30,gpu_thrust_uf,4,121129,29969,0.0768,2.0223,0.1311,0.3625,0.0263,2.5714,0
30,gpu_hash_uf,0,121129,29969,0.1081,1.8005,0.1004,0.2509,0.0360,2.2515,0
30,gpu_hash_uf,1,121129,29969,0.0768,0.2836,0.0758,0.2191,0.0238,0.6805,0
30,gpu_hash_uf,2,121129,29969,0.0785,0.2606,0.0748,0.2181,0.0212,0.6551,0
30,gpu_hash_uf,3,121129,29969,0.0858,0.2100,0.0522,0.2181,0.0246,0.5933,0
30,gpu_hash_uf,4,121129,29969,0.0770,0.2034,0.0522,0.2191,0.0242,0.5793,0
30,gpu_hash_prop,0,121129,29969,0.0807,0.2537,0.0922,6.9796,0.0294,7.2030,116
30,gpu_hash_prop,1,121129,29969,0.0769,0.2787,0.0563,7.3083,0.0220,7.4932,116
30,gpu_hash_prop,2,121129,29969,0.0759,0.2262,0.0563,5.3576,0.0206,5.5530,116
30,gpu_hash_prop,3,121129,29969,0.0771,2.1905,0.0532,7.6022,0.0204,9.6110,116
30,gpu_hash_prop,4,121129,29969,0.0953,0.2333,0.0522,8.2555,0.0207,8.3704,116
31,cpu_t1,0,121214,29809,0,3.8801,1.2997,0.1293,0,5.3090,0
31,cpu_t1,1,121214,29809,0,3.8830,1.3120,0.1254,0,5.3204,0
31,cpu_t1,2,121214,29809,0,3.8681,1.3159,0.1389,0,5.3228,0
31,cpu_t1,3,121214,29809,0,3.8331,1.3053,0.1240,0,5.2624,0
31,cpu_t1,4,121214,29809,0,3.9003,1.3246,0.1240,0,5.3489,0
31,cpu_t2,0,121214,29809,0,1.6749,0.6648,0.1505,0,2.4902,0
31,cpu_t2,1,121214,29809,0,4.6458,0.6955,0.1286,0,5.4698,0
31,cpu_t2,2,121214,29809,0,20.6992,0.6883,0.1263,0,21.5137,0
31,cpu_t2,3,121214,29809,0,21.1908,0.7432,0.1480,0,22.0820,0
31,cpu_t2,4,121214,29809,0,7.3914,0.9711,0.1277,0,8.4902,0
31,cpu_t4,0,121214,29809,0,23.9124,0.4333,0.1713,0,24.5169,0
31,cpu_t4,1,121214,29809,0,5.5494,0.7231,0.1569,0,6.4294,0
31,cpu_t4,2,121214,29809,0,6.0414,0.4036,0.1299,0,6.5749,0
31,cpu_t4,3,121214,29809,0,4.6458,0.4735,0.1276,0,5.2469,0
31,cpu_t4,4,121214,29809,0,16.0281,0.7091,0.1275,0,16.8647,0
31,cpu_t8,0,121214,29809,0,19.5893,0.3476,0.1583,0,20.0953,0
31,cpu_t8,1,121214,29809,0,1.7715,0.3635,0.1285,0,2.2635,0
31,cpu_t8,2,121214,29809,0,1.6247,0.3450,0.1268,0,2.0965,0
31,cpu_t8,3,121214,29809,0,1.6737,0.3517,0.1423,0,2.1677,0
31,cpu_t8,4,121214,29809,0,15.1798,0.3634,0.1271,0,15.6703,0
31,cpu_t16,0,121214,29809,0,1.3426,0.3902,0.1583,0,1.8911,0
31,cpu_t16,1,121214,29809,0,1.3281,0.3413,0.1536,0,1.8230,0
31,cpu_t16,2,121214,29809,0,1.1167,0.2183,0.1557,0,1.4908,0
31,cpu_t16,3,121214,29809,0,0.7340,0.1983,0.1566,0,1.0889,0
31,cpu_t16,4,121214,29809,0,0.7408,0.2026,0.1544,0,1.0979,0
31,gpu_thrust_uf,0,121214,29809,0.0768,0.9844,0.0553,0.2028,0.0548,1.3658,0
31,gpu_thrust_uf,1,121214,29809,0.0813,0.7503,0.0563,0.2017,0.0378,1.1221,0
31,gpu_thrust_uf,2,121214,29809,0.0769,0.8028,0.0768,0.2028,0.0621,1.2083,0
31,gpu_thrust_uf,3,121214,29809,0.0770,1.6599,0.0819,0.2038,0.0241,2.0054,0
31,gpu_thrust_uf,4,121214,29809,0.0788,3.2495,0.0553,0.2028,0.0275,3.5100,0
31,gpu_hash_uf,0,121214,29809,0.0789,0.3124,0.0840,0.2028,0.0294,0.6997,0
31,gpu_hash_uf,1,121214,29809,0.0787,0.2660,0.0758,0.2017,0.0374,0.6609,0
31,gpu_hash_uf,2,121214,29809,0.0802,0.2968,0.1024,0.2028,0.0267,0.7115,0
31,gpu_hash_uf,3,121214,29809,0.0756,0.2764,0.0809,0.2028,0.0233,0.6603,0
31,gpu_hash_uf,4,121214,29809,0.0771,0.2803,0.0522,0.2017,0.0272,0.6404,0
31,gpu_hash_prop,0,121214,29809,0.0793,0.2347,0.0512,7.6759,0.0406,7.8107,83
31,gpu_hash_prop,1,121214,29809,0.0796,0.2368,0.0522,4.8108,0.0236,5.0451,83
31,gpu_hash_prop,2,121214,29809,0.0769,0.3148,0.0584,5.8511,0.0304,6.1258,83
31,gpu_hash_prop,3,121214,29809,0.0770,0.2257,0.0553,3.8666,0.0318,4.1273,83
31,gpu_hash_prop,4,121214,29809,0.0771,0.2161,0.0594,9.0515,0.1020,9.1907,83
32,cpu_t1,0,121239,29666,0,3.9227,1.4621,0.1245,0,5.5094,0
32,cpu_t1,1,121239,29666,0,3.9113,1.3073,0.1213,0,5.3398,0
32,cpu_t1,2,121239,29666,0,3.8852,1.3507,0.1218,0,5.3577,0
32,cpu_t1,3,121239,29666,0,3.8708,1.3826,0.1362,0,5.3896,0
32,cpu_t1,4,121239,29666,0,3.9340,1.3305,0.1221,0,5.3866,0
32,cpu_t2,0,121239,29666,0,1.6839,0.6640,0.1228,0,2.4707,0
32,cpu_t2,1,121239,29666,0,1.7024,0.6949,0.1248,0,2.5221,0
32,cpu_t2,2,121239,29666,0,1.6819,0.8849,0.1256,0,2.6924,0
32,cpu_t2,3,121239,29666,0,2.2822,1.4551,0.1553,0,3.8926,0
32,cpu_t2,4,121239,29666,0,2.0639,1.4052,0.1661,0,3.6352,0
32,cpu_t4,0,121239,29666,0,11.1950,0.3415,0.1630,0,11.6995,0
32,cpu_t4,1,121239,29666,0,3.7811,0.3789,0.1246,0,4.2845,0
32,cpu_t4,2,121239,29666,0,20.9729,0.6897,0.1580,0,21.8205,0
32,cpu_t4,3,121239,29666,0,2.6684,0.6983,0.1566,0,3.5232,0
32,cpu_t4,4,121239,29666,0,2.2181,0.5753,0.1233,0,2.9167,0
32,cpu_t8,0,121239,29666,0,2.0282,0.3509,0.1240,0,2.5030,0
32,cpu_t8,1,121239,29666,0,1.7428,0.3759,0.1314,0,2.2501,0
32,cpu_t8,2,121239,29666,0,14.4131,0.3923,0.1759,0,14.9813,0
32,cpu_t8,3,121239,29666,0,3.3265,0.3306,0.1267,0,3.7838,0
32,cpu_t8,4,121239,29666,0,18.6895,0.3891,0.1662,0,19.2448,0
32,cpu_t16,0,121239,29666,0,1.7673,0.4059,0.1564,0,2.3297,0
32,cpu_t16,1,121239,29666,0,1.4816,0.4544,0.1632,0,2.0991,0
32,cpu_t16,2,121239,29666,0,1.5025,0.3820,0.1621,0,2.0465,0
32,cpu_t16,3,121239,29666,0,1.5039,0.3328,0.1537,0,1.9904,0
32,cpu_t16,4,121239,29666,0,1.4165,0.4208,0.1638,0,2.0011,0
32,gpu_thrust_uf,0,121239,29666,0.0771,1.2165,0.0870,0.2222,0.0278,1.6132,0
32,gpu_thrust_uf,1,121239,29666,0.0812,0.9088,0.0984,0.3747,0.0286,1.5230,0
32,gpu_thrust_uf,2,121239,29666,0.0770,1.8097,0.0522,0.2232,0.0333,2.1541,0
32,gpu_thrust_uf,3,121239,29666,0.0768,0.8802,0.0594,0.2222,0.0306,1.2554,0
32,gpu_thrust_uf,4,121239,29666,0.0798,0.8480,0.0594,0.2222,0.0287,1.2229,0
32,gpu_hash_uf,0,121239,29666,0.0816,1.9329,0.0532,0.2222,0.0345,2.2690,0
32,gpu_hash_uf,1,121239,29666,0.0891,1.0087,0.0553,0.2232,0.0324,1.3937,0
32,gpu_hash_uf,2,121239,29666,0.0757,0.2402,0.0512,0.2222,0.0356,0.6286,0
32,gpu_hash_uf,3,121239,29666,0.0769,0.2621,0.0522,0.2222,0.0310,0.6469,0
32,gpu_hash_uf,4,121239,29666,0.0768,0.2704,0.0512,0.2232,0.0355,0.6587,0
32,gpu_hash_prop,0,121239,29666,0.0799,0.2542,0.0553,8.1336,0.0315,8.2836,107
32,gpu_hash_prop,1,121239,29666,0.0770,0.2173,0.0553,13.7492,0.1163,13.7301,107
32,gpu_hash_prop,2,121239,29666,0.0848,0.7012,0.0655,9.9420,0.0317,10.4676,107
32,gpu_hash_prop,3,121239,29666,0.0769,0.2403,0.0563,4.8947,0.0237,5.1317,107
32,gpu_hash_prop,4,121239,29666,0.0821,0.2130,0.0553,8.6641,0.0423,8.7605,107
33,cpu_t1,0,121237,29492,0,3.8846,1.3496,0.1238,0,5.3579,0
33,cpu_t1,1,121237,29492,0,3.8273,1.3934,0.1348,0,5.3554,0
33,cpu_t1,2,121237,29492,0,4.1483,1.3495,0.1221,0,5.6198,0
33,cpu_t1,3,121237,29492,0,3.8209,1.3986,0.1297,0,5.3493,0
33,cpu_t1,4,121237,29492,0,3.8409,1.4058,0.1210,0,5.3678,0
33,cpu_t2,0,121237,29492,0,2.1145,0.7126,0.1235,0,2.9506,0
33,cpu_t2,1,121237,29492,0,11.4809,0.7105,0.1236,0,12.3150,0
33,cpu_t2,2,121237,29492,0,4.9736,0.7159,0.1243,0,5.8137,0
33,cpu_t2,3,121237,29492,0,20.7093,0.7141,0.1385,0,21.5619,0
33,cpu_t2,4,121237,29492,0,4.4561,0.8400,0.1259,0,5.4220,0
33,cpu_t4,0,121237,29492,0,13.7577,0.3814,0.1441,0,14.2831,0
33,cpu_t4,1,121237,29492,0,9.7155,0.3563,0.1401,0,10.2119,0
33,cpu_t4,2,121237,29492,0,8.8396,0.3856,0.1247,0,9.3500,0
33,cpu_t4,3,121237,29492,0,6.3307,0.5620,0.1247,0,7.0173,0
33,cpu_t4,4,121237,29492,0,3.7799,0.3654,0.1256,0,4.2710,0
33,cpu_t8,0,121237,29492,0,22.1703,0.3795,0.1763,0,22.7261,0
33,cpu_t8,1,121237,29492,0,5.9886,0.3681,0.1241,0,6.4807,0
33,cpu_t8,2,121237,29492,0,7.4962,0.3764,0.1596,0,8.0321,0
33,cpu_t8,3,121237,29492,0,19.4070,0.3643,0.1774,0,19.9486,0
33,cpu_t8,4,121237,29492,0,17.7037,0.4154,0.1687,0,18.2878,0
33,cpu_t16,0,121237,29492,0,0.7574,0.2073,0.1540,0,1.1188,0
33,cpu_t16,1,121237,29492,0,1.2815,0.2025,0.1573,0,1.6413,0
33,cpu_t16,2,121237,29492,0,0.7490,0.2165,0.1670,0,1.1325,0
33,cpu_t16,3,121237,29492,0,0.7466,0.2080,0.1605,0,1.1150,0
33,cpu_t16,4,121237,29492,0,0.7413,0.2084,0.1539,0,1.1036,0
33,gpu_thrust_uf,0,121237,29492,0.0768,0.9677,0.0553,0.2263,0.0310,1.3421,0
33,gpu_thrust_uf,1,121237,29492,0.0763,1.3430,0.0553,0.2273,0.0331,1.7119,0
33,gpu_thrust_uf,2,121237,29492,0.0807,2.3857,0.0522,0.2263,0.0279,2.7244,0
33,gpu_thrust_uf,3,121237,29492,0.0860,1.4997,0.0594,0.2273,0.0359,1.8719,0
33,gpu_thrust_uf,4,121237,29492,0.0823,0.7268,0.0522,0.2263,0.0194,1.0987,0
33,gpu_hash_uf,0,121237,29492,0.0768,0.2364,0.0522,0.2253,0.0270,0.6173,0
33,gpu_hash_uf,1,121237,29492,0.0789,0.2139,0.0553,0.2263,0.0318,0.6087,0
33,gpu_hash_uf,2,121237,29492,0.0768,0.2163,0.0553,0.2253,0.0277,0.6133,0
33,gpu_hash_uf,3,121237,29492,0.0793,0.2065,0.0512,0.2263,0.0260,0.5928,0
33,gpu_hash_uf,4,121237,29492,0.0788,0.2250,0.0594,0.2263,0.0261,0.6179,0
33,gpu_hash_prop,0,121237,29492,0.0789,0.2334,0.0645,6.4268,0.0251,6.6063,111
33,gpu_hash_prop,1,121237,29492,0.0768,0.2291,0.0512,10.4625,0.1219,10.6015,111
33,gpu_hash_prop,2,121237,29492,0.0781,0.5785,0.0645,6.6775,0.0279,7.1913,111
33,gpu_hash_prop,3,121237,29492,0.0760,0.2149,0.0512,10.2318,0.0274,10.2497,111
33,gpu_hash_prop,4,121237,29492,0.0771,0.2886,0.0553,6.3549,0.0263,6.5798,111
34,cpu_t1,0,121266,29210,0,4.0943,1.6809,0.1266,0,5.9018,0
34,cpu_t1,1,121266,29210,0,4.0604,1.2566,0.1253,0,5.4424,0
34,cpu_t1,2,121266,29210,0,3.8913,1.2590,0.1278,0,5.2781,0
34,cpu_t1,3,121266,29210,0,4.1875,1.2874,0.1258,0,5.6006,0
34,cpu_t1,4,121266,29210,0,3.8845,1.2961,0.1246,0,5.3052,0
34,cpu_t2,0,121266,29210,0,6.7128,0.6583,0.1258,0,7.4969,0
34,cpu_t2,1,121266,29210,0,12.9101,0.6554,0.1257,0,13.6912,0
34,cpu_t2,2,121266,29210,0,19.4332,0.6567,0.1253,0,20.2152,0
34,cpu_t2,3,121266,29210,0,1.9509,0.6539,0.1267,0,2.7314,0
34,cpu_t2,4,121266,29210,0,16.2454,0.6676,0.1256,0,17.0387,0
34,cpu_t4,0,121266,29210,0,10.6213,0.3477,0.1267,0,11.0957,0
34,cpu_t4,1,121266,29210,0,15.2129,0.4078,0.1279,0,15.7487,0
34,cpu_t4,2,121266,29210,0,15.7234,0.7274,0.1330,0,16.5838,0
34,cpu_t4,3,121266,29210,0,4.7766,0.3714,0.1498,0,5.2978,0
34,cpu_t4,4,121266,29210,0,3.8012,0.3901,0.1263,0,4.3176,0
34,cpu_t8,0,121266,29210,0,4.4761,0.3610,0.1462,0,4.9834,0
34,cpu_t8,1,121266,29210,0,7.4642,0.3412,0.1300,0,7.9354,0
34,cpu_t8,2,121266,29210,0,1.1867,0.3564,0.1260,0,1.6690,0
34,cpu_t8,3,121266,29210,0,1.1810,0.3416,0.1252,0,1.6478,0
34,cpu_t8,4,121266,29210,0,1.1934,0.3548,0.1578,0,1.7060,0
34,cpu_t16,0,121266,29210,0,0.7631,0.1903,0.1574,0,1.1109,0
34,cpu_t16,1,121266,29210,0,1.5712,0.3386,0.1541,0,2.0638,0
34,cpu_t16,2,121266,29210,0,1.3279,0.3430,0.1540,0,1.8248,0
34,cpu_t16,3,121266,29210,0,1.3528,0.3301,0.1540,0,1.8369,0
34,cpu_t16,4,121266,29210,0,1.1029,0.2243,0.1618,0,1.4891,0
34,gpu_thrust_uf,0,121266,29210,0.0796,0.9714,0.0584,0.2151,0.0387,1.3518,0
34,gpu_thrust_uf,1,121266,29210,0.0816,0.8033,0.0809,0.2171,0.0473,1.2207,0
34,gpu_thrust_uf,2,121266,29210,0.0770,0.8465,0.0717,0.3430,0.0505,1.3843,0
34,gpu_thrust_uf,3,121266,29210,0.0863,0.8114,0.0594,0.2161,0.0252,1.1850,0
34,gpu_thrust_uf,4,121266,29210,0.0792,0.7330,0.0584,0.2140,0.0243,1.1003,0
34,gpu_hash_uf,0,121266,29210,0.0787,0.2215,0.0553,0.2161,0.0354,0.6075,0
34,gpu_hash_uf,1,121266,29210,0.0758,1.9276,0.0512,0.2161,0.0471,2.2782,0
34,gpu_hash_uf,2,121266,29210,0.0860,0.9991,0.0543,0.2161,0.0232,1.3623,0
34,gpu_hash_uf,3,121266,29210,0.0787,0.2271,0.0543,0.2161,0.0236,0.5998,0
34,gpu_hash_uf,4,121266,29210,0.0769,0.2244,0.0625,0.2150,0.0242,0.6054,0
34,gpu_hash_prop,0,121266,29210,0.0830,0.3207,0.0799,9.0685,0.0224,9.2637,111
34,gpu_hash_prop,1,121266,29210,0.0831,0.2226,0.0737,10.9056,0.0277,10.9296,111
34,gpu_hash_prop,2,121266,29210,0.0789,0.2177,0.0512,6.4041,0.0446,6.5747,111
34,gpu_hash_prop,3,121266,29210,0.0759,0.2226,0.0512,7.3370,0.0298,7.4708,111
34,gpu_hash_prop,4,121266,29210,0.0764,2.2778,0.0512,6.0273,0.0247,8.1942,111
35,cpu_t1,0,121210,29303,0,3.8637,1.3156,0.1361,0,5.3155,0
35,cpu_t1,1,121210,29303,0,3.8573,1.2871,0.1302,0,5.2746,0
35,cpu_t1,2,121210,29303,0,3.9036,1.2706,0.1285,0,5.3027,0
35,cpu_t1,3,121210,29303,0,3.8748,1.3617,0.1287,0,5.3652,0
35,cpu_t1,4,121210,29303,0,3.8750,1.2938,0.1310,0,5.2998,0
35,cpu_t2,0,121210,29303,0,1.6751,0.6476,0.1309,0,2.4537,0
35,cpu_t2,1,121210,29303,0,4.0641,0.7129,0.1318,0,4.9088,0
35,cpu_t2,2,121210,29303,0,4.6753,0.6351,0.1316,0,5.4420,0
35,cpu_t2,3,121210,29303,0,18.4637,0.8573,0.1320,0,19.4530,0
35,cpu_t2,4,121210,29303,0,17.3522,0.6431,0.1315,0,18.1267,0
35,cpu_t4,0,121210,29303,0,1.4673,0.3345,0.1326,0,1.9345,0
35,cpu_t4,1,121210,29303,0,6.1357,0.6873,0.1314,0,6.9543,0
35,cpu_t4,2,121210,29303,0,9.9503,0.6865,0.1570,0,10.7938,0
35,cpu_t4,3,121210,29303,0,4.4595,0.4741,0.1328,0,5.0664,0
35,cpu_t4,4,121210,29303,0,6.5774,0.3928,0.1322,0,7.1024,0
35,cpu_t8,0,121210,29303,0,6.4340,0.3853,0.1703,0,6.9896,0
35,cpu_t8,1,121210,29303,0,1.2680,0.3705,0.1650,0,1.8035,0
35,cpu_t8,2,121210,29303,0,21.0059,0.3456,0.1324,0,21.4839,0
35,cpu_t8,3,121210,29303,0,21.3204,0.3381,0.1617,0,21.8203,0
35,cpu_t8,4,121210,29303,0,9.6160,0.3543,0.1345,0,10.1048,0
35,cpu_t16,0,121210,29303,0,0.8241,0.1910,0.1910,0,1.2061,0
35,cpu_t16,1,121210,29303,0,1.7481,0.3494,0.1624,0,2.2599,0
35,cpu_t16,2,121210,29303,0,1.3447,0.3323,0.1630,0,1.8399,0
35,cpu_t16,3,121210,29303,0,1.3203,0.3238,0.1645,0,1.8086,0
35,cpu_t16,4,121210,29303,0,1.0974,0.2336,0.1837,0,1.5146,0
35,gpu_thrust_uf,0,121210,29303,0.0770,0.8935,0.0553,0.2304,0.0593,1.3056,0
35,gpu_thrust_uf,1,121210,29303,0.0770,0.7780,0.0543,0.2314,0.0310,1.1649,0
35,gpu_thrust_uf,2,121210,29303,0.0769,0.8263,0.0850,0.2304,0.0265,1.2341,0
35,gpu_thrust_uf,3,121210,29303,0.0772,0.8138,0.0778,0.2304,0.0305,1.2106,0
35,gpu_thrust_uf,4,121210,29303,0.0769,0.8309,0.1208,0.2632,0.0349,1.3045,0
35,gpu_hash_uf,0,121210,29303,0.0799,0.2875,0.0584,0.2304,0.0261,0.6758,0
35,gpu_hash_uf,1,121210,29303,0.0803,0.2365,0.0543,0.2304,0.0271,0.6398,0
35,gpu_hash_uf,2,121210,29303,0.0864,2.0722,0.0522,0.2314,0.0243,2.4035,0
35,gpu_hash_uf,3,121210,29303,0.0853,1.0217,0.0778,0.2304,0.0191,1.4095,0
35,gpu_hash_uf,4,121210,29303,0.0788,0.3408,0.0788,0.2304,0.0231,0.7487,0
35,gpu_hash_prop,0,121210,29303,0.0770,0.2996,0.0788,6.4461,0.0212,6.6957,111
35,gpu_hash_prop,1,121210,29303,0.0807,0.2259,0.0512,9.4013,0.0505,9.4880,111
35,gpu_hash_prop,2,121210,29303,0.1026,0.2804,0.1065,10.2840,0.0488,10.4710,111
35,gpu_hash_prop,3,121210,29303,0.0793,0.2931,0.0799,15.8363,0.1261,15.8783,111
35,gpu_hash_prop,4,121210,29303,0.0772,0.6391,0.1085,17.4336,0.1209,17.7813,111
36,cpu_t1,0,121194,29470,0,3.9245,1.3524,0.1281,0,5.4050,0
36,cpu_t1,1,121194,29470,0,4.3787,1.4493,0.1263,0,5.9543,0
36,cpu_t1,2,121194,29470,0,3.9097,1.4660,0.1266,0,5.5024,0
36,cpu_t1,3,121194,29470,0,3.9032,1.3948,0.1349,0,5.4329,0
36,cpu_t1,4,121194,29470,0,4.7003,1.4566,0.1278,0,6.2847,0
36,cpu_t2,0,121194,29470,0,4.4673,0.6848,0.1342,0,5.2863,0
36,cpu_t2,1,121194,29470,0,7.2538,0.7013,0.1290,0,8.0842,0
36,cpu_t2,2,121194,29470,0,6.8196,0.9100,0.1297,0,7.8593,0
36,cpu_t2,3,121194,29470,0,14.5253,1.0301,0.1868,0,15.7422,0
36,cpu_t2,4,121194,29470,0,2.5730,0.7603,0.1298,0,3.4632,0
36,cpu_t4,0,121194,29470,0,7.2923,0.3654,0.1306,0,7.7883,0
36,cpu_t4,1,121194,29470,0,4.2002,0.3695,0.1333,0,4.7030,0
36,cpu_t4,2,121194,29470,0,13.4566,0.3662,0.1291,0,13.9519,0
36,cpu_t4,3,121194,29470,0,4.0467,0.4858,0.1372,0,4.6697,0
36,cpu_t4,4,121194,29470,0,4.7482,0.7179,0.1623,0,5.6285,0
36,cpu_t8,0,121194,29470,0,1.2881,0.3792,0.1576,0,1.8248,0
36,cpu_t8,1,121194,29470,0,1.2940,0.3806,0.1564,0,1.8309,0
36,cpu_t8,2,121194,29470,0,1.2214,0.3704,0.1571,0,1.7488,0
36,cpu_t8,3,121194,29470,0,21.5465,0.4113,0.1313,0,22.0891,0
36,cpu_t8,4,121194,29470,0,15.3196,0.3995,0.1595,0,15.8785,0
36,cpu_t16,0,121194,29470,0,1.4094,0.3533,0.1636,0,1.9263,0
36,cpu_t16,1,121194,29470,0,1.2532,0.1991,0.1579,0,1.6102,0
36,cpu_t16,2,121194,29470,0,1.4763,0.1904,0.1586,0,1.8253,0
36,cpu_t16,3,121194,29470,0,0.7667,0.1905,0.1567,0,1.1139,0
36,cpu_t16,4,121194,29470,0,0.7374,0.1963,0.1566,0,1.0902,0
36,gpu_thrust_uf,0,121194,29470,0.2909,0.6760,0.0748,0.2939,0.0421,1.3660,0
36,gpu_thrust_uf,1,121194,29470,0.4172,8.6686,0.1505,0.2816,0.0472,9.2553,0
36,gpu_thrust_uf,2,121194,29470,0.2903,1.2544,0.1147,0.3318,0.0451,1.9951,0
36,gpu_thrust_uf,3,121194,29470,0.2896,0.6815,0.0973,0.2939,0.0268,1.3672,0
36,gpu_thrust_uf,4,121194,29470,0.2899,0.6712,0.0963,0.2939,0.0285,1.3559,0
36,gpu_hash_uf,0,121194,29470,0.2906,0.2764,0.1024,0.2939,0.0557,1.0015,0
36,gpu_hash_uf,1,121194,29470,0.3140,2.6670,0.0686,0.2755,0.0265,3.2587,0
36,gpu_hash_uf,2,121194,29470,0.2961,5.8349,0.0881,0.2959,0.0434,6.3648,0
36,gpu_hash_uf,3,121194,29470,0.2939,0.2720,0.0748,0.2939,0.0468,0.9865,0
36,gpu_hash_uf,4,121194,29470,0.2907,0.2581,0.0676,0.2939,0.0520,0.9657,0
36,gpu_hash_prop,0,121194,29470,0.2942,0.2623,0.0614,9.0481,0.0246,9.3754,110
36,gpu_hash_prop,1,121194,29470,0.2935,0.3140,0.0594,19.4263,0.0329,19.4376,110
36,gpu_hash_prop,2,121194,29470,0.2946,0.3149,0.0614,16.7219,0.1879,17.0009,110
36,gpu_hash_prop,3,121194,29470,0.2918,0.6662,0.1331,31.4655,0.1181,31.5779,110
36,gpu_hash_prop,4,121194,29470,0.2905,0.6762,0.1290,16.4280,0.0293,16.9605,110
37,cpu_t1,0,121197,29519,0,4.2533,1.4387,0.1367,0,5.8287,0
37,cpu_t1,1,121197,29519,0,3.8593,1.4045,0.1356,0,5.3994,0
37,cpu_t1,2,121197,29519,0,3.8773,1.3401,0.1325,0,5.3499,0
37,cpu_t1,3,121197,29519,0,3.8802,1.3217,0.1473,0,5.3492,0
37,cpu_t1,4,121197,29519,0,3.8587,1.4406,0.1318,0,5.4312,0
37,cpu_t2,0,121197,29519,0,13.3113,0.7000,0.1357,0,14.1470,0
37,cpu_t2,1,121197,29519,0,7.7309,0.6725,0.1807,0,8.5842,0
37,cpu_t2,2,121197,29519,0,2.2715,0.7026,0.1372,0,3.1113,0
37,cpu_t2,3,121197,29519,0,21.1109,0.7103,0.1341,0,21.9553,0
37,cpu_t2,4,121197,29519,0,19.1537,0.7223,0.1346,0,20.0106,0
37,cpu_t4,0,121197,29519,0,10.4038,0.7273,0.1358,0,11.2669,0
37,cpu_t4,1,121197,29519,0,4.4734,0.3597,0.1352,0,4.9682,0
37,cpu_t4,2,121197,29519,0,6.5999,0.5992,0.1347,0,7.3337,0
37,cpu_t4,3,121197,29519,0,1.5095,0.3585,0.1370,0,2.0050,0
37,cpu_t4,4,121197,29519,0,2.4131,0.6873,0.1377,0,3.2382,0
37,cpu_t8,0,121197,29519,0,1.7072,0.3839,0.1468,0,2.2379,0
37,cpu_t8,1,121197,29519,0,19.6450,0.3551,0.1342,0,20.1344,0
37,cpu_t8,2,121197,29519,0,7.4926,0.3993,0.1351,0,8.0270,0
37,cpu_t8,3,121197,29519,0,2.4097,0.3833,0.1348,0,2.9279,0
37,cpu_t8,4,121197,29519,0,21.6850,0.4104,0.2017,0,22.2972,0
37,cpu_t16,0,121197,29519,0,0.7536,0.1938,0.1687,0,1.1161,0
37,cpu_t16,1,121197,29519,0,0.8872,0.5063,0.2002,0,1.5936,0
37,cpu_t16,2,121197,29519,0,1.3758,0.3615,0.1651,0,1.9024,0
37,cpu_t16,3,121197,29519,0,1.3199,0.3542,0.2030,0,1.8770,0
37,cpu_t16,4,121197,29519,0,1.3276,0.3650,0.1936,0,1.8862,0
37,gpu_thrust_uf,0,121197,29519,0.1154,0.8561,0.0625,0.1649,0.0292,1.2161,0
37,gpu_thrust_uf,1,121197,29519,0.0829,0.8187,0.0471,0.1649,0.0270,1.1298,0
37,gpu_thrust_uf,2,121197,29519,0.0804,0.7826,0.0686,0.2058,0.0328,1.1768,0
37,gpu_thrust_uf,3,121197,29519,0.1005,0.7799,0.0543,0.1649,0.0277,1.1215,0
37,gpu_thrust_uf,4,121197,29519,0.0793,0.8427,0.0737,0.1659,0.0276,1.1714,0
37,gpu_hash_uf,0,121197,29519,0.0768,0.2539,0.0748,0.1649,0.0274,0.5977,0
37,gpu_hash_uf,1,121197,29519,0.0800,1.0635,0.0461,0.1649,0.0329,1.3602,0
37,gpu_hash_uf,2,121197,29519,0.0757,0.2049,0.0471,0.1649,0.0276,0.5439,0
37,gpu_hash_uf,3,121197,29519,0.0811,0.4760,0.0440,0.1649,0.0302,0.8029,0
37,gpu_hash_uf,4,121197,29519,0.0848,2.1076,0.0420,0.1659,0.0254,2.3694,0
37,gpu_hash_prop,0,121197,29519,0.0800,0.2164,0.0430,10.7919,0.0332,10.7996,110
37,gpu_hash_prop,1,121197,29519,0.0801,0.2023,0.0502,6.6820,0.0276,6.8150,110
37,gpu_hash_prop,2,121197,29519,0.0795,0.2518,0.0696,9.1290,0.0299,9.2428,110
37,gpu_hash_prop,3,121197,29519,0.0770,0.2165,0.0461,6.8096,0.0478,6.9620,110
37,gpu_hash_prop,4,121197,29519,0.0767,0.2904,0.0778,9.3768,0.0208,9.5164,110
38,cpu_t1,0,121378,29578,0,3.9037,1.3233,0.1299,0,5.3570,0
38,cpu_t1,1,121378,29578,0,3.8999,1.3087,0.1266,0,5.3352,0
38,cpu_t1,2,121378,29578,0,3.9847,1.3262,0.1264,0,5.4373,0
38,cpu_t1,3,121378,29578,0,3.9047,1.3308,0.1263,0,5.3618,0
38,cpu_t1,4,121378,29578,0,3.8865,1.3221,0.1263,0,5.3349,0
38,cpu_t2,0,121378,29578,0,7.9642,0.7018,0.1412,0,8.8071,0
38,cpu_t2,1,121378,29578,0,4.6742,0.7579,0.1279,0,5.5601,0
38,cpu_t2,2,121378,29578,0,2.2653,0.6688,0.1262,0,3.0602,0
38,cpu_t2,3,121378,29578,0,2.7514,0.6719,0.1269,0,3.5502,0
38,cpu_t2,4,121378,29578,0,27.7257,0.8008,0.1585,0,28.6850,0
38,cpu_t4,0,121378,29578,0,6.8353,0.3677,0.1350,0,7.3380,0
38,cpu_t4,1,121378,29578,0,7.3644,0.7158,0.1380,0,8.2182,0
38,cpu_t4,2,121378,29578,0,7.0743,0.4333,0.1292,0,7.6369,0
38,cpu_t4,3,121378,29578,0,4.7331,0.4633,0.1277,0,5.3240,0
38,cpu_t4,4,121378,29578,0,6.1782,0.4017,0.1274,0,6.7073,0
38,cpu_t8,0,121378,29578,0,7.0951,0.3446,0.1303,0,7.5700,0
38,cpu_t8,1,121378,29578,0,14.3717,0.3545,0.1300,0,14.8562,0
38,cpu_t8,2,121378,29578,0,3.9498,0.3714,0.1953,0,4.5165,0
38,cpu_t8,3,121378,29578,0,3.7453,0.3250,0.1281,0,4.1984,0
38,cpu_t8,4,121378,29578,0,7.5498,0.3883,0.1299,0,8.0680,0
38,cpu_t16,0,121378,29578,0,0.7656,0.3294,0.1780,0,1.2730,0
38,cpu_t16,1,121378,29578,0,1.1281,0.1916,0.1589,0,1.4785,0
38,cpu_t16,2,121378,29578,0,0.7419,0.3030,0.2394,0,1.2844,0
38,cpu_t16,3,121378,29578,0,1.8418,0.3414,0.1815,0,2.3647,0
38,cpu_t16,4,121378,29578,0,1.3982,0.3502,0.1819,0,1.9303,0
38,gpu_thrust_uf,0,121378,29578,0.1027,0.7522,0.0543,0.2119,0.0233,1.1439,0
38,gpu_thrust_uf,1,121378,29578,0.0769,0.8361,0.0696,0.2376,0.0227,1.2240,0
38,gpu_thrust_uf,2,121378,29578,0.0786,0.7967,0.0819,0.2120,0.0257,1.1785,0
38,gpu_thrust_uf,3,121378,29578,0.0772,0.7045,0.0502,0.2109,0.0263,1.0599,0
38,gpu_thrust_uf,4,121378,29578,0.0770,0.7948,0.0686,0.2120,0.0252,1.1627,0
38,gpu_hash_uf,0,121378,29578,0.0758,0.2210,0.0860,0.2109,0.0246,0.6183,0
38,gpu_hash_uf,1,121378,29578,0.0772,0.3622,0.0502,0.2109,0.0276,0.7296,0
38,gpu_hash_uf,2,121378,29578,0.0772,1.1125,0.0461,0.2120,0.0287,1.5164,0
38,gpu_hash_uf,3,121378,29578,0.0792,0.2892,0.0727,0.2109,0.0489,0.7009,0
38,gpu_hash_uf,4,121378,29578,0.0778,0.3697,0.0461,0.2130,0.0265,0.7326,0
38,gpu_hash_prop,0,121378,29578,0.0788,0.2011,0.0686,7.3216,0.0275,7.4437,112
38,gpu_hash_prop,1,121378,29578,0.0761,0.2072,0.0430,8.6139,0.0264,8.6674,112
38,gpu_hash_prop,2,121378,29578,0.0769,0.2226,0.0502,9.8509,0.0272,9.8845,112
38,gpu_hash_prop,3,121378,29578,0.0760,0.2455,0.0430,6.4727,0.0276,6.6405,112
38,gpu_hash_prop,4,121378,29578,0.0796,0.2103,0.0420,9.4628,0.0277,9.4912,112
39,cpu_t1,0,121535,29707,0,3.9235,1.4404,0.1287,0,5.4926,0
39,cpu_t1,1,121535,29707,0,3.8294,1.4174,0.1315,0,5.3782,0
39,cpu_t1,2,121535,29707,0,3.8633,1.3771,0.1362,0,5.3766,0
39,cpu_t1,3,121535,29707,0,3.8889,1.4246,0.1284,0,5.4420,0
39,cpu_t1,4,121535,29707,0,3.8323,1.3586,0.1281,0,5.3190,0
39,cpu_t2,0,121535,29707,0,7.7361,0.6961,0.1308,0,8.5631,0
39,cpu_t2,1,121535,29707,0,5.1115,0.7132,0.1313,0,5.9559,0
39,cpu_t2,2,121535,29707,0,14.4318,0.7244,0.1422,0,15.2984,0
39,cpu_t2,3,121535,29707,0,4.5857,0.6814,0.1311,0,5.3982,0
39,cpu_t2,4,121535,29707,0,13.7704,0.7531,0.1565,0,14.6800,0
39,cpu_t4,0,121535,29707,0,1.4636,0.3885,0.1296,0,1.9817,0
39,cpu_t4,1,121535,29707,0,5.7778,0.5081,0.1359,0,6.4218,0
39,cpu_t4,2,121535,29707,0,1.9763,0.4615,0.1581,0,2.5959,0
39,cpu_t4,3,121535,29707,0,1.7043,0.3634,0.1306,0,2.1983,0
39,cpu_t4,4,121535,29707,0,1.5401,0.4510,0.1301,0,2.1212,0
39,cpu_t8,0,121535,29707,0,6.7951,0.3895,0.1709,0,7.3556,0
39,cpu_t8,1,121535,29707,0,1.3701,0.3075,0.1306,0,1.8082,0
39,cpu_t8,2,121535,29707,0,1.2302,0.2650,0.1679,0,1.6631,0
39,cpu_t8,3,121535,29707,0,7.2325,0.3649,0.1885,0,7.7859,0
39,cpu_t8,4,121535,29707,0,4.4276,0.4074,0.1614,0,4.9964,0
39,cpu_t16,0,121535,29707,0,1.1138,0.2446,0.1998,0,1.5581,0
39,cpu_t16,1,121535,29707,0,0.8490,0.2112,0.1704,0,1.2306,0
39,cpu_t16,2,121535,29707,0,0.8157,0.2119,0.1684,0,1.1959,0
39,cpu_t16,3,121535,29707,0,0.8929,0.2744,0.1606,0,1.3278,0
39,cpu_t16,4,121535,29707,0,0.7690,0.2121,0.1686,0,1.1498,0
39,gpu_thrust_uf,0,121535,29707,0.0770,1.0015,0.0502,0.2028,0.0258,1.3467,0
39,gpu_thrust_uf,1,121535,29707,0.0770,1.4701,0.0471,0.2028,0.0297,1.8162,0
39,gpu_thrust_uf,2,121535,29707,0.0771,0.7471,0.0471,0.2028,0.0231,1.0854,0
39,gpu_thrust_uf,3,121535,29707,0.0771,0.6974,0.0471,0.2028,0.0260,1.0441,0
39,gpu_thrust_uf,4,121535,29707,0.0898,1.8753,0.0461,0.2038,0.0238,2.1877,0
39,gpu_hash_uf,0,121535,29707,0.0772,0.2123,0.0492,0.2028,0.0399,0.5865,0
39,gpu_hash_uf,1,121535,29707,0.0758,0.2125,0.0461,0.2028,0.0227,0.5704,0
39,gpu_hash_uf,2,121535,29707,0.0770,0.2247,0.0502,0.2028,0.0235,0.5834,0
39,gpu_hash_uf,3,121535,29707,0.0791,0.2480,0.0461,0.2028,0.0266,0.6064,0
39,gpu_hash_uf,4,121535,29707,0.0771,0.2256,0.0686,0.2212,0.0222,0.6214,0
39,gpu_hash_prop,0,121535,29707,0.0989,2.2116,0.0881,10.6035,0.0392,12.5995,108
39,gpu_hash_prop,1,121535,29707,0.0770,1.2878,0.0430,9.4034,0.0269,10.4824,108
39,gpu_hash_prop,2,121535,29707,0.0791,0.2863,0.0737,7.7558,0.0508,7.9773,108
39,gpu_hash_prop,3,121535,29707,0.0772,0.2433,0.0758,15.6877,0.0355,15.5753,108
39,gpu_hash_prop,4,121535,29707,0.0812,0.2414,0.0471,8.3415,0.0344,8.4636,108
40,cpu_t1,0,121587,29718,0,4.0406,1.5848,0.1726,0,5.7980,0
40,cpu_t1,1,121587,29718,0,4.8383,1.7047,0.1327,0,6.6757,0
40,cpu_t1,2,121587,29718,0,3.9508,1.3425,0.1353,0,5.4286,0
40,cpu_t1,3,121587,29718,0,3.9552,1.3183,0.1283,0,5.4019,0
40,cpu_t1,4,121587,29718,0,4.3894,1.2857,0.1328,0,5.8079,0
40,cpu_t2,0,121587,29718,0,7.8938,1.0055,0.1840,0,9.0832,0
40,cpu_t2,1,121587,29718,0,6.9013,0.7105,0.1286,0,7.7403,0
40,cpu_t2,2,121587,29718,0,2.5683,0.7499,0.1303,0,3.4486,0
40,cpu_t2,3,121587,29718,0,4.6615,0.6834,0.1290,0,5.4739,0
40,cpu_t2,4,121587,29718,0,9.7267,0.7476,0.1566,0,10.6308,0
40,cpu_t4,0,121587,29718,0,4.0931,0.3653,0.1276,0,4.5859,0
40,cpu_t4,1,121587,29718,0,13.4826,0.6959,0.1636,0,14.3421,0
40,cpu_t4,2,121587,29718,0,12.0534,0.7098,0.1536,0,12.9168,0
40,cpu_t4,3,121587,29718,0,1.6551,0.7046,0.1629,0,2.5226,0
40,cpu_t4,4,121587,29718,0,7.5547,0.3786,0.1317,0,8.0650,0
40,cpu_t8,0,121587,29718,0,3.8322,0.3070,0.1308,0,4.2700,0
40,cpu_t8,1,121587,29718,0,1.3945,0.3403,0.1630,0,1.8977,0
40,cpu_t8,2,121587,29718,0,5.8845,0.3584,0.1697,0,6.4125,0
40,cpu_t8,3,121587,29718,0,10.0046,0.3453,0.1757,0,10.5256,0
40,cpu_t8,4,121587,29718,0,1.3077,0.3420,0.1579,0,1.8077,0
40,cpu_t16,0,121587,29718,0,1.5876,0.3470,0.1798,0,2.1143,0
40,cpu_t16,1,121587,29718,0,1.4336,0.3581,0.1837,0,1.9754,0
40,cpu_t16,2,121587,29718,0,1.5582,0.3647,0.1575,0,2.0804,0
40,cpu_t16,3,121587,29718,0,0.9991,0.2588,0.1705,0,1.4284,0
40,cpu_t16,4,121587,29718,0,0.7832,0.2063,0.1597,0,1.1492,0
40,gpu_thrust_uf,0,121587,29718,0.0796,1.2598,0.0502,0.2345,0.0269,1.6324,0
40,gpu_thrust_uf,1,121587,29718,0.0761,0.7465,0.0553,0.2191,0.0281,1.1112,0
40,gpu_thrust_uf,2,121587,29718,0.0774,0.9961,0.0451,0.2202,0.0342,1.3499,0
40,gpu_thrust_uf,3,121587,29718,0.0770,1.6493,0.1126,0.2806,0.0265,2.1207,0
40,gpu_thrust_uf,4,121587,29718,0.0877,3.0112,0.0461,0.2191,0.0260,3.3251,0
40,gpu_hash_uf,0,121587,29718,0.0880,0.6665,0.0993,0.3461,0.0284,1.2342,0
40,gpu_hash_uf,1,121587,29718,0.1002,0.7409,0.0983,0.3697,0.0249,1.3394,0
40,gpu_hash_uf,2,121587,29718,0.1306,0.7122,0.0952,0.2806,0.0280,1.2501,0
40,gpu_hash_uf,3,121587,29718,0.1003,0.5988,0.1044,0.2949,0.0278,1.1358,0
40,gpu_hash_uf,4,121587,29718,0.1410,0.6396,0.1178,0.3666,0.0279,1.2971,0
40,gpu_hash_prop,0,121587,29718,0.0855,0.6240,0.1290,12.2634,0.0363,12.6995,103
40,gpu_hash_prop,1,121587,29718,0.0822,0.3889,0.1134,13.2354,0.0913,13.4512,103
40,gpu_hash_prop,2,121587,29718,0.0900,0.5513,0.0460,9.3798,0.0227,9.7533,103
40,gpu_hash_prop,3,121587,29718,0.0830,1.2251,0.0512,7.9800,0.0261,9.0573,103
40,gpu_hash_prop,4,121587,29718,0.0798,0.2064,0.0932,5.7702,0.0999,6.0471,103
41,cpu_t1,0,121467,29516,0,3.9686,1.4952,0.1453,0,5.6091,0
41,cpu_t1,1,121467,29516,0,4.1212,1.2791,0.1290,0,5.5293,0
41,cpu_t1,2,121467,29516,0,4.0315,1.3600,0.1289,0,5.5204,0
41,cpu_t1,3,121467,29516,0,4.0244,1.5686,0.1302,0,5.7232,0
41,cpu_t1,4,121467,29516,0,4.0308,1.3148,0.1277,0,5.4733,0
41,cpu_t2,0,121467,29516,0,17.5402,0.6598,0.1450,0,18.3450,0
41,cpu_t2,1,121467,29516,0,1.7356,0.6957,0.1292,0,2.5606,0
41,cpu_t2,2,121467,29516,0,2.5366,0.6630,0.1299,0,3.3295,0
41,cpu_t2,3,121467,29516,0,2.2639,0.8860,0.1829,0,3.3328,0
41,cpu_t2,4,121467,29516,0,2.1621,0.6811,0.1514,0,2.9946,0
41,cpu_t4,0,121467,29516,0,1.4329,0.4102,0.1300,0,1.9731,0
41,cpu_t4,1,121467,29516,0,4.0114,0.3904,0.1298,0,4.5315,0
41,cpu_t4,2,121467,29516,0,4.5063,0.5896,0.1308,0,5.2266,0
41,cpu_t4,3,121467,29516,0,5.7189,0.4199,0.1334,0,6.2722,0
41,cpu_t4,4,121467,29516,0,4.6106,0.3582,0.1292,0,5.0980,0
41,cpu_t8,0,121467,29516,0,1.1780,0.3625,0.1632,0,1.7037,0
41,cpu_t8,1,121467,29516,0,1.7162,0.3871,0.1395,0,2.2428,0
41,cpu_t8,2,121467,29516,0,14.0508,0.3614,0.1370,0,14.5492,0
41,cpu_t8,3,121467,29516,0,6.2369,0.3410,0.1632,0,6.7411,0
41,cpu_t8,4,121467,29516,0,10.4218,0.2711,0.1295,0,10.8224,0
41,cpu_t16,0,121467,29516,0,1.3144,0.2998,0.1729,0,1.7870,0
41,cpu_t16,1,121467,29516,0,1.3957,0.3292,0.1670,0,1.8920,0
41,cpu_t16,2,121467,29516,0,1.3992,0.4608,0.1638,0,2.0238,0
41,cpu_t16,3,121467,29516,0,1.5088,0.3087,0.1711,0,1.9887,0
41,cpu_t16,4,121467,29516,0,1.4091,0.2919,0.1685,0,1.8695,0
41,gpu_thrust_uf,0,121467,29516,0.0816,1.0603,0.0932,0.1668,0.0283,1.4212,0
41,gpu_thrust_uf,1,121467,29516,0.0772,1.7025,0.0430,0.1659,0.0276,1.9705,0
41,gpu_thrust_uf,2,121467,29516,0.0771,0.8719,0.0717,0.2150,0.0336,1.2553,0
41,gpu_thrust_uf,3,121467,29516,0.0961,2.6369,0.0707,0.1669,0.0228,2.9252,0
41,gpu_thrust_uf,4,121467,29516,0.0772,0.7980,0.0471,0.1659,0.0240,1.0979,0
41,gpu_hash_uf,0,121467,29516,0.0794,0.2376,0.0543,0.1659,0.0247,0.5639,0
41,gpu_hash_uf,1,121467,29516,0.0806,0.2342,0.0471,0.1649,0.0258,0.5586,0
41,gpu_hash_uf,2,121467,29516,0.0789,0.2149,0.0461,0.1649,0.0314,0.5389,0
41,gpu_hash_uf,3,121467,29516,0.0791,0.1926,0.0420,0.1658,0.0254,0.5136,0
41,gpu_hash_uf,4,121467,29516,0.0760,0.2052,0.0420,0.1659,0.0238,0.5191,0
41,gpu_hash_prop,0,121467,29516,0.0772,0.2426,0.0461,4.6039,0.0376,4.8534,99
41,gpu_hash_prop,1,121467,29516,0.0761,0.2294,0.0451,8.2268,0.0227,8.3153,99
41,gpu_hash_prop,2,121467,29516,0.0758,0.2037,0.0461,11.6193,0.1078,11.6419,99
41,gpu_hash_prop,3,121467,29516,0.0759,0.4282,0.0429,12.3535,0.0334,12.4990,99
41,gpu_hash_prop,4,121467,29516,0.0801,0.4386,0.0420,8.1613,0.0374,8.4725,99
42,cpu_t1,0,121387,29455,0,3.7929,1.3562,0.1372,0,5.2864,0
42,cpu_t1,1,121387,29455,0,3.9183,1.3589,0.1399,0,5.4171,0
42,cpu_t1,2,121387,29455,0,3.8379,1.3658,0.1592,0,5.3629,0
42,cpu_t1,3,121387,29455,0,3.8244,1.3828,0.1358,0,5.3430,0
42,cpu_t1,4,121387,29455,0,3.9567,1.2834,0.1374,0,5.3775,0
42,cpu_t2,0,121387,29455,0,7.6533,0.6827,0.1376,0,8.4736,0
42,cpu_t2,1,121387,29455,0,9.7692,0.6773,0.1378,0,10.5843,0
42,cpu_t2,2,121387,29455,0,4.7247,0.6655,0.1395,0,5.5296,0
42,cpu_t2,3,121387,29455,0,9.6262,0.6585,0.1384,0,10.4232,0
42,cpu_t2,4,121387,29455,0,4.8040,0.9525,0.1965,0,5.9530,0
42,cpu_t4,0,121387,29455,0,4.0305,0.6737,0.1687,0,4.8729,0
42,cpu_t4,1,121387,29455,0,4.4890,0.7232,0.1427,0,5.3549,0
42,cpu_t4,2,121387,29455,0,22.0461,0.7192,0.1976,0,22.9629,0
42,cpu_t4,3,121387,29455,0,4.6170,0.6874,0.1728,0,5.4773,0
42,cpu_t4,4,121387,29455,0,6.6898,0.6948,0.1382,0,7.5228,0
42,cpu_t8,0,121387,29455,0,15.2221,0.3556,0.1942,0,15.7719,0
42,cpu_t8,1,121387,29455,0,1.0902,0.3553,0.1560,0,1.6015,0
42,cpu_t8,2,121387,29455,0,1.2273,0.2565,0.1552,0,1.6389,0
42,cpu_t8,3,121387,29455,0,1.9144,0.3221,0.1593,0,2.3959,0
42,cpu_t8,4,121387,29455,0,1.7126,0.3455,0.1383,0,2.1964,0
42,cpu_t16,0,121387,29455,0,0.8179,0.1886,0.1749,0,1.1814,0
42,cpu_t16,1,121387,29455,0,0.7526,0.1907,0.1841,0,1.1273,0
42,cpu_t16,2,121387,29455,0,0.7331,0.2357,0.1760,0,1.1448,0
42,cpu_t16,3,121387,29455,0,0.7336,0.1881,0.1677,0,1.0894,0
42,cpu_t16,4,121387,29455,0,0.7473,0.2006,0.2020,0,1.1499,0
42,gpu_thrust_uf,0,121387,29455,0.0788,1.2014,0.0430,0.1516,0.0173,1.4781,0
42,gpu_thrust_uf,1,121387,29455,0.0851,1.0276,0.0502,0.1516,0.0242,1.3246,0
42,gpu_thrust_uf,2,121387,29455,0.0796,2.8408,0.0430,0.1505,0.0243,3.0489,0
42,gpu_thrust_uf,3,121387,29455,0.0769,0.7688,0.0717,0.1506,0.0310,1.0902,0
42,gpu_thrust_uf,4,121387,29455,0.0774,0.8490,0.0501,0.1516,0.0282,1.1410,0
42,gpu_hash_uf,0,121387,29455,0.0769,0.2285,0.0645,0.1505,0.0289,0.5582,0
42,gpu_hash_uf,1,121387,29455,0.0758,0.2205,0.0502,0.1516,0.0274,0.5301,0
42,gpu_hash_uf,2,121387,29455,0.0772,0.2113,0.0502,0.1505,0.0282,0.5220,0
42,gpu_hash_uf,3,121387,29455,0.0769,0.2068,0.0461,0.1516,0.0281,0.5263,0
42,gpu_hash_uf,4,121387,29455,0.0795,0.2718,0.0502,0.1516,0.0259,0.5796,0
42,gpu_hash_prop,0,121387,29455,0.0771,0.1942,0.0461,4.6561,0.0309,4.8478,100
42,gpu_hash_prop,1,121387,29455,0.0759,0.2010,0.0461,6.9274,0.0269,7.0428,100
42,gpu_hash_prop,2,121387,29455,0.0787,0.2604,0.0492,6.6478,0.0225,6.8305,100
42,gpu_hash_prop,3,121387,29455,0.0764,0.4282,0.0502,10.8831,0.0931,11.1415,100
42,gpu_hash_prop,4,121387,29455,0.0965,1.1931,0.0993,10.3731,0.0193,11.3872,100
43,cpu_t1,0,121230,29463,0,3.9207,1.4005,0.1306,0,5.4518,0
43,cpu_t1,1,121230,29463,0,4.0423,1.5000,0.1321,0,5.6744,0
43,cpu_t1,2,121230,29463,0,3.8877,1.3926,0.1277,0,5.4079,0
43,cpu_t1,3,121230,29463,0,3.8389,1.3524,0.1309,0,5.3222,0
43,cpu_t1,4,121230,29463,0,3.8974,1.4216,0.1283,0,5.4473,0
43,cpu_t2,0,121230,29463,0,4.5947,0.6880,0.1289,0,5.4117,0
43,cpu_t2,1,121230,29463,0,10.7826,0.7035,0.1302,0,11.6163,0
43,cpu_t2,2,121230,29463,0,19.3426,0.6916,0.1300,0,20.1643,0
43,cpu_t2,3,121230,29463,0,7.3645,0.7035,0.1311,0,8.1991,0
43,cpu_t2,4,121230,29463,0,6.8486,0.7308,0.1312,0,7.7106,0
43,cpu_t4,0,121230,29463,0,7.2535,0.4107,0.1334,0,7.7976,0
43,cpu_t4,1,121230,29463,0,4.8234,0.3507,0.1323,0,5.3063,0
43,cpu_t4,2,121230,29463,0,16.3207,0.7315,0.1642,0,17.2164,0
43,cpu_t4,3,121230,29463,0,4.9046,0.7364,0.1609,0,5.8019,0
43,cpu_t4,4,121230,29463,0,3.9522,0.6961,0.1777,0,4.8260,0
43,cpu_t8,0,121230,29463,0,1.2573,0.3591,0.1645,0,1.7809,0
43,cpu_t8,1,121230,29463,0,1.2497,0.3613,0.1601,0,1.7710,0
43,cpu_t8,2,121230,29463,0,1.2677,0.3605,0.1592,0,1.7874,0
43,cpu_t8,3,121230,29463,0,1.2290,0.3653,0.1709,0,1.7651,0
43,cpu_t8,4,121230,29463,0,2.3312,0.3825,0.1604,0,2.8741,0
43,cpu_t16,0,121230,29463,0,0.7650,0.2461,0.1622,0,1.1733,0
43,cpu_t16,1,121230,29463,0,0.8446,0.3124,0.1648,0,1.3217,0
43,cpu_t16,2,121230,29463,0,1.6885,0.4260,0.1699,0,2.2843,0
43,cpu_t16,3,121230,29463,0,1.3387,0.3756,0.1619,0,1.8762,0
43,cpu_t16,4,121230,29463,0,1.3939,0.4158,0.1734,0,1.9831,0
43,gpu_thrust_uf,0,121230,29463,0.0770,0.8437,0.0461,0.1597,0.0265,1.1489,0
43,gpu_thrust_uf,1,121230,29463,0.0812,0.8225,0.0768,0.1966,0.0285,1.1977,0
43,gpu_thrust_uf,2,121230,29463,0.0768,0.7226,0.0471,0.1608,0.0283,1.0240,0
43,gpu_thrust_uf,3,121230,29463,0.0800,0.8014,0.0758,0.1741,0.0284,1.1400,0
43,gpu_thrust_uf,4,121230,29463,0.0796,0.8127,0.0492,0.1618,0.0251,1.1124,0
43,gpu_hash_uf,0,121230,29463,0.0786,0.2370,0.0502,0.1608,0.0282,0.5565,0
43,gpu_hash_uf,1,121230,29463,0.0791,0.2036,0.0471,0.1597,0.0286,0.5236,0
43,gpu_hash_uf,2,121230,29463,0.0770,0.1981,0.0430,0.1608,0.0483,0.5368,0
43,gpu_hash_uf,3,121230,29463,0.0863,1.0402,0.0522,0.2058,0.0324,1.3989,0
43,gpu_hash_uf,4,121230,29463,0.0804,0.2155,0.0563,0.1597,0.0233,0.5428,0
43,gpu_hash_prop,0,121230,29463,0.0843,1.1069,0.0584,9.5928,0.0218,10.5169,200
43,gpu_hash_prop,1,121230,29463,0.0796,1.7646,0.0440,16.1157,0.0272,17.4143,200
43,gpu_hash_prop,2,121230,29463,0.0791,0.2564,0.0461,14.3176,0.0260,14.2247,200
43,gpu_hash_prop,3,121230,29463,0.0761,0.2117,0.0430,17.0240,0.0333,16.7889,200
43,gpu_hash_prop,4,121230,29463,0.0761,0.2222,0.0645,16.1731,0.0219,15.9881,200
44,cpu_t1,0,121149,29480,0,3.8460,1.3964,0.1282,0,5.3705,0
44,cpu_t1,1,121149,29480,0,3.8275,1.4297,0.1349,0,5.3921,0
44,cpu_t1,2,121149,29480,0,3.8222,1.3916,0.1358,0,5.3496,0
44,cpu_t1,3,121149,29480,0,3.8043,1.3064,0.1258,0,5.2365,0
44,cpu_t1,4,121149,29480,0,3.8240,1.3978,0.1266,0,5.3484,0
44,cpu_t2,0,121149,29480,0,4.2556,0.7171,0.1329,0,5.1056,0
44,cpu_t2,1,121149,29480,0,1.7559,0.6990,0.1331,0,2.5881,0
44,cpu_t2,2,121149,29480,0,4.3197,0.8564,0.1440,0,5.3200,0
44,cpu_t2,3,121149,29480,0,7.3725,0.7188,0.1345,0,8.2258,0
44,cpu_t2,4,121149,29480,0,7.9574,0.7506,0.1343,0,8.8423,0
44,cpu_t4,0,121149,29480,0,1.9973,0.4119,0.1387,0,2.5479,0
44,cpu_t4,1,121149,29480,0,7.4709,0.7552,0.1455,0,8.3716,0
44,cpu_t4,2,121149,29480,0,1.5960,0.3757,0.1355,0,2.1072,0
44,cpu_t4,3,121149,29480,0,16.6083,0.4273,0.1645,0,17.2000,0
44,cpu_t4,4,121149,29480,0,21.7828,0.7769,0.1861,0,22.7459,0
44,cpu_t8,0,121149,29480,0,20.1201,0.3694,0.1375,0,20.6270,0
44,cpu_t8,1,121149,29480,0,3.8724,0.3758,0.1363,0,4.3845,0
44,cpu_t8,2,121149,29480,0,3.9338,0.3786,0.1429,0,4.4553,0
44,cpu_t8,3,121149,29480,0,13.6620,0.3953,0.1428,0,14.2000,0
44,cpu_t8,4,121149,29480,0,1.1281,0.3959,0.1333,0,1.6573,0
44,cpu_t16,0,121149,29480,0,1.3569,0.3310,0.1629,0,1.8507,0
44,cpu_t16,1,121149,29480,0,1.3716,0.3308,0.1676,0,1.8700,0
44,cpu_t16,2,121149,29480,0,1.3369,0.2926,0.1624,0,1.7918,0
44,cpu_t16,3,121149,29480,0,1.3163,0.3442,0.1723,0,1.8328,0
44,cpu_t16,4,121149,29480,0,1.5501,0.4439,0.1749,0,2.1689,0
44,gpu_thrust_uf,0,121149,29480,0.0811,1.0554,0.0666,0.2785,0.0383,1.5586,0
44,gpu_thrust_uf,1,121149,29480,0.0811,0.7531,0.0625,0.2775,0.0381,1.2515,0
44,gpu_thrust_uf,2,121149,29480,0.0801,0.9944,0.0594,0.2796,0.0236,1.4707,0
44,gpu_thrust_uf,3,121149,29480,0.0864,2.7690,0.1249,0.2785,0.0396,3.3336,0
44,gpu_thrust_uf,4,121149,29480,0.0759,0.8414,0.0666,0.2785,0.0325,1.3229,0
44,gpu_hash_uf,0,121149,29480,0.0800,0.2397,0.0655,0.2785,0.0374,0.7239,0
44,gpu_hash_uf,1,121149,29480,0.0770,0.2369,0.0727,0.2785,0.0203,0.7152,0
44,gpu_hash_uf,2,121149,29480,0.0759,0.2488,0.0584,0.2785,0.0191,0.7076,0
44,gpu_hash_uf,3,121149,29480,0.0768,0.2130,0.0594,0.2775,0.0349,0.6885,0
44,gpu_hash_uf,4,121149,29480,0.0969,1.3843,0.1055,0.2785,0.0308,1.9333,0
44,gpu_hash_prop,0,121149,29480,0.0771,0.3866,0.1300,13.2055,0.1006,13.9403,103
44,gpu_hash_prop,1,121149,29480,0.0758,0.4357,0.0584,13.6079,0.1287,14.3412,103
44,gpu_hash_prop,2,121149,29480,0.0802,0.4426,0.0932,12.5399,0.0321,13.2245,103
44,gpu_hash_prop,3,121149,29480,0.0794,0.3536,0.0922,10.9343,0.0333,11.5248,103
44,gpu_hash_prop,4,121149,29480,0.0793,0.3994,0.1065,12.1518,0.0562,12.8235,103
45,cpu_t1,0,121226,29592,0,4.0528,1.4552,0.1435,0,5.6515,0
45,cpu_t1,1,121226,29592,0,4.3037,1.4083,0.1440,0,5.8561,0
45,cpu_t1,2,121226,29592,0,4.0491,1.3953,0.1415,0,5.5859,0
45,cpu_t1,3,121226,29592,0,4.0230,1.4458,0.1420,0,5.6108,0
45,cpu_t1,4,121226,29592,0,4.3329,1.4611,0.1429,0,5.9369,0
45,cpu_t2,0,121226,29592,0,1.7101,0.6986,0.1420,0,2.5508,0
45,cpu_t2,1,121226,29592,0,11.0825,0.7672,0.1441,0,11.9938,0
45,cpu_t2,2,121226,29592,0,11.6095,0.7200,0.1433,0,12.4728,0
45,cpu_t2,3,121226,29592,0,4.4876,0.7772,0.1444,0,5.4092,0
45,cpu_t2,4,121226,29592,0,7.4246,0.7210,0.1449,0,8.2904,0
45,cpu_t4,0,121226,29592,0,1.9571,0.4869,0.1421,0,2.5862,0
45,cpu_t4,1,121226,29592,0,2.0805,0.7470,0.1439,0,2.9714,0
45,cpu_t4,2,121226,29592,0,12.8590,0.5102,0.1457,0,13.5148,0
45,cpu_t4,3,121226,29592,0,15.5601,0.6298,0.1544,0,16.3443,0
45,cpu_t4,4,121226,29592,0,7.6833,0.3702,0.1437,0,8.1972,0
45,cpu_t8,0,121226,29592,0,4.1233,0.3634,0.1764,0,4.6631,0
45,cpu_t8,1,121226,29592,0,1.6592,0.3943,0.1766,0,2.2302,0
45,cpu_t8,2,121226,29592,0,1.6647,0.3848,0.1774,0,2.2268,0
45,cpu_t8,3,121226,29592,0,6.4805,0.3972,0.1916,0,7.0693,0
45,cpu_t8,4,121226,29592,0,4.6032,0.3072,0.1451,0,5.0554,0
45,cpu_t16,0,121226,29592,0,0.7706,0.2160,0.1816,0,1.1681,0
45,cpu_t16,1,121226,29592,0,0.9116,0.2339,0.1755,0,1.3210,0
45,cpu_t16,2,121226,29592,0,0.7580,0.1912,0.1786,0,1.1278,0
45,cpu_t16,3,121226,29592,0,0.7669,0.1904,0.1782,0,1.1355,0
45,cpu_t16,4,121226,29592,0,0.8498,0.1954,0.1811,0,1.2263,0
45,gpu_thrust_uf,0,121226,29592,0.0776,1.4399,0.0635,0.2427,0.0460,1.9091,0
45,gpu_thrust_uf,1,121226,29592,0.0761,0.7751,0.0645,0.2427,0.0196,1.2076,0
45,gpu_thrust_uf,2,121226,29592,0.0760,0.7317,0.0645,0.2427,0.0312,1.1734,0
45,gpu_thrust_uf,3,121226,29592,0.0849,2.8979,0.0645,0.2437,0.0212,3.3428,0
45,gpu_thrust_uf,4,121226,29592,0.0758,0.7898,0.0645,0.2427,0.0271,1.2308,0
45,gpu_hash_uf,0,121226,29592,0.0769,0.2862,0.0717,0.2437,0.0244,0.7274,0
45,gpu_hash_uf,1,121226,29592,0.0796,0.2314,0.0737,0.2427,0.0247,0.6838,0
45,gpu_hash_uf,2,121226,29592,0.0788,0.2245,0.0635,0.2427,0.0245,0.6588,0
45,gpu_hash_uf,3,121226,29592,0.0758,0.2153,0.0604,0.2427,0.0241,0.6433,0
45,gpu_hash_uf,4,121226,29592,0.0757,0.2172,0.0604,0.2427,0.0247,0.6455,0
45,gpu_hash_prop,0,121226,29592,0.0771,0.2510,0.0645,15.0917,0.0346,15.5537,190
45,gpu_hash_prop,1,121226,29592,0.0761,0.2622,0.0676,21.6812,0.1434,22.2653,190
45,gpu_hash_prop,2,121226,29592,0.1029,1.3156,0.1085,23.9424,0.0947,25.6170,190
45,gpu_hash_prop,3,121226,29592,0.0960,0.4124,0.1075,22.4000,0.0981,23.1536,190
45,gpu_hash_prop,4,121226,29592,0.0758,0.4063,0.1001,15.2371,0.0476,15.9029,190
46,cpu_t1,0,121463,29593,0,4.1583,1.6025,0.1508,0,5.9116,0
46,cpu_t1,1,121463,29593,0,4.0622,1.3727,0.1490,0,5.5838,0
46,cpu_t1,2,121463,29593,0,3.9746,1.3692,0.1372,0,5.4811,0
46,cpu_t1,3,121463,29593,0,4.0206,1.4130,0.1371,0,5.5706,0
46,cpu_t1,4,121463,29593,0,4.0304,1.4129,0.1376,0,5.5809,0
46,cpu_t2,0,121463,29593,0,6.8089,0.8387,0.1407,0,7.7883,0
46,cpu_t2,1,121463,29593,0,9.9796,0.7786,0.1410,0,10.8991,0
46,cpu_t2,2,121463,29593,0,2.4466,0.7356,0.1415,0,3.3238,0
46,cpu_t2,3,121463,29593,0,2.2632,0.7205,0.1419,0,3.1255,0
46,cpu_t2,4,121463,29593,0,11.4323,0.7294,0.1443,0,12.3060,0
46,cpu_t4,0,121463,29593,0,8.2408,0.5213,0.2316,0,8.9938,0
46,cpu_t4,1,121463,29593,0,2.2879,0.5128,0.1406,0,2.9412,0
46,cpu_t4,2,121463,29593,0,14.5208,0.4610,0.1400,0,15.1218,0
46,cpu_t4,3,121463,29593,0,6.7597,0.3915,0.1430,0,7.2941,0
46,cpu_t4,4,121463,29593,0,14.3061,0.8401,0.1439,0,15.2901,0
46,cpu_t8,0,121463,29593,0,1.2307,0.3650,0.1430,0,1.7387,0
46,cpu_t8,1,121463,29593,0,1.2584,0.3642,0.1539,0,1.7765,0
46,cpu_t8,2,121463,29593,0,1.2788,0.3920,0.1424,0,1.8131,0
46,cpu_t8,3,121463,29593,0,2.0745,0.3918,0.1406,0,2.6069,0
46,cpu_t8,4,121463,29593,0,1.7493,0.3871,0.1395,0,2.2759,0
46,cpu_t16,0,121463,29593,0,1.6475,0.3771,0.1772,0,2.2019,0
46,cpu_t16,1,121463,29593,0,1.4445,0.3915,0.1710,0,2.0070,0
46,cpu_t16,2,121463,29593,0,1.3976,0.5688,0.1672,0,2.1337,0
46,cpu_t16,3,121463,29593,0,1.3937,0.3856,0.1696,0,1.9489,0
46,cpu_t16,4,121463,29593,0,1.4505,0.4319,0.1750,0,2.0574,0
46,gpu_thrust_uf,0,121463,29593,0.0875,1.0091,0.0356,0.1393,0.0402,1.3539,0
46,gpu_thrust_uf,1,121463,29593,0.0834,0.7728,0.0328,0.1127,0.0316,1.0753,0
46,gpu_thrust_uf,2,121463,29593,0.0783,0.6545,0.0358,0.1085,0.0306,0.9433,0
46,gpu_thrust_uf,3,121463,29593,0.0804,0.8144,0.0307,0.1085,0.0292,1.0978,0
46,gpu_thrust_uf,4,121463,29593,0.0812,1.6174,0.0306,0.1086,0.0306,1.9031,0
46,gpu_hash_uf,0,121463,29593,0.0754,0.6033,0.0297,0.1595,0.0564,0.9543,0
46,gpu_hash_uf,1,121463,29593,0.0756,0.4340,0.0357,0.1372,0.0568,0.7660,0
46,gpu_hash_uf,2,121463,29593,0.0829,0.3724,0.0963,0.2202,0.0303,0.8248,0
46,gpu_hash_uf,3,121463,29593,0.0755,0.3285,0.0328,0.1444,0.1247,0.7382,0
46,gpu_hash_uf,4,121463,29593,0.0763,0.4947,0.0296,0.1515,0.0329,0.8165,0
46,gpu_hash_prop,0,121463,29593,0.0764,0.2531,0.0614,7.4521,0.0548,7.9250,112
46,gpu_hash_prop,1,121463,29593,0.0870,0.2823,0.0358,7.9196,0.0284,8.3957,112
46,gpu_hash_prop,2,121463,29593,0.1065,0.2660,0.0604,7.5192,0.0419,8.0287,112
46,gpu_hash_prop,3,121463,29593,0.0793,0.2422,0.0389,12.3189,0.0501,12.7586,112
46,gpu_hash_prop,4,121463,29593,0.0754,0.4486,0.0358,14.7047,0.1040,15.3999,112
47,cpu_t1,0,121505,29350,0,4.0346,1.3852,0.1447,0,5.5646,0
47,cpu_t1,1,121505,29350,0,4.0681,1.3668,0.1394,0,5.5743,0
47,cpu_t1,2,121505,29350,0,4.0328,1.3549,0.1366,0,5.5243,0
47,cpu_t1,3,121505,29350,0,4.0318,1.4639,0.1388,0,5.6346,0
47,cpu_t1,4,121505,29350,0,4.0024,1.3807,0.1418,0,5.5249,0
47,cpu_t2,0,121505,29350,0,4.2538,0.7337,0.1387,0,5.1262,0
47,cpu_t2,1,121505,29350,0,14.3134,0.7474,0.1416,0,15.2024,0
47,cpu_t2,2,121505,29350,0,4.5143,0.9716,0.1414,0,5.6273,0
47,cpu_t2,3,121505,29350,0,18.4187,0.7001,0.1394,0,19.2582,0
47,cpu_t2,4,121505,29350,0,1.7756,0.7200,0.1716,0,2.6671,0
47,cpu_t4,0,121505,29350,0,10.9716,0.5400,0.1399,0,11.6516,0
47,cpu_t4,1,121505,29350,0,1.6753,0.3804,0.1391,0,2.1948,0
47,cpu_t4,2,121505,29350,0,2.1466,0.3793,0.1394,0,2.6654,0
47,cpu_t4,3,121505,29350,0,7.6323,0.4185,0.1397,0,8.1905,0
47,cpu_t4,4,121505,29350,0,10.0292,0.3960,0.1394,0,10.5646,0
47,cpu_t8,0,121505,29350,0,10.1067,0.3732,0.1738,0,10.6537,0
47,cpu_t8,1,121505,29350,0,1.3562,0.3647,0.1725,0,1.8934,0
47,cpu_t8,2,121505,29350,0,1.8185,0.4262,0.1715,0,2.4163,0
47,cpu_t8,3,121505,29350,0,4.7526,0.3818,0.1727,0,5.3071,0
47,cpu_t8,4,121505,29350,0,2.1826,0.4144,0.1531,0,2.7500,0
47,cpu_t16,0,121505,29350,0,1.9735,0.4646,0.5177,0,2.9558,0
47,cpu_t16,1,121505,29350,0,2.0802,0.3901,0.2063,0,2.6765,0
47,cpu_t16,2,121505,29350,0,1.6157,0.4053,0.2320,0,2.2530,0
47,cpu_t16,3,121505,29350,0,1.7740,0.4373,0.2839,0,2.4953,0
47,cpu_t16,4,121505,29350,0,1.3786,0.3682,0.1849,0,1.9317,0
47,gpu_thrust_uf,0,121505,29350,0.0811,0.8620,0.0399,0.1198,0.0323,1.1746,0
47,gpu_thrust_uf,1,121505,29350,0.0779,0.8198,0.0611,0.1331,0.0194,1.1488,0
47,gpu_thrust_uf,2,121505,29350,0.0792,0.7919,0.0614,0.1362,0.0187,1.1136,0
47,gpu_thrust_uf,3,121505,29350,0.0764,0.7601,0.0584,0.1556,0.0296,1.1059,0
47,gpu_thrust_uf,4,121505,29350,0.0765,1.3627,0.0338,0.1147,0.0293,1.6434,0
47,gpu_hash_uf,0,121505,29350,0.0796,0.2557,0.0328,0.1147,0.0221,0.5266,0
47,gpu_hash_uf,1,121505,29350,0.0755,0.2964,0.0348,0.1157,0.0229,0.5715,0
47,gpu_hash_uf,2,121505,29350,0.0779,0.2351,0.0399,0.1229,0.0237,0.5299,0
47,gpu_hash_uf,3,121505,29350,0.0877,1.3590,0.0307,0.1147,0.0183,1.6380,0
47,gpu_hash_uf,4,121505,29350,0.1031,1.0272,0.0401,0.1155,0.0235,1.3409,0
47,gpu_hash_prop,0,121505,29350,0.0892,1.2334,0.0297,7.5110,0.0305,8.9332,116
47,gpu_hash_prop,1,121505,29350,0.0959,0.2676,0.0358,6.5612,0.0448,7.0341,116
47,gpu_hash_prop,2,121505,29350,0.0798,0.1986,0.0328,7.2192,0.0319,7.5998,116
47,gpu_hash_prop,3,121505,29350,0.0763,0.1925,0.0328,6.2169,0.0229,6.5675,116
47,gpu_hash_prop,4,121505,29350,0.0781,0.9621,0.0297,8.5074,0.0304,9.6440,116
48,cpu_t1,0,121607,29268,0,3.9318,1.3924,0.1321,0,5.4563,0
48,cpu_t1,1,121607,29268,0,3.9209,1.4009,0.1300,0,5.4518,0
48,cpu_t1,2,121607,29268,0,3.9902,1.3386,0.1289,0,5.4578,0
48,cpu_t1,3,121607,29268,0,3.9634,1.3531,0.1289,0,5.4453,0
48,cpu_t1,4,121607,29268,0,4.0297,1.7460,0.1272,0,5.9029,0
48,cpu_t2,0,121607,29268,0,22.3763,0.6972,0.1380,0,23.2115,0
48,cpu_t2,1,121607,29268,0,17.7277,0.6933,0.1326,0,18.5536,0
48,cpu_t2,2,121607,29268,0,4.9417,0.8102,0.2506,0,6.0026,0
48,cpu_t2,3,121607,29268,0,6.6175,0.6736,0.1570,0,7.4481,0
48,cpu_t2,4,121607,29268,0,1.9389,0.6734,0.1392,0,2.7515,0
48,cpu_t4,0,121607,29268,0,22.7831,0.3741,0.1557,0,23.3128,0
48,cpu_t4,1,121607,29268,0,17.8143,0.3902,0.1325,0,18.3370,0
48,cpu_t4,2,121607,29268,0,10.9730,0.4469,0.1339,0,11.5539,0
48,cpu_t4,3,121607,29268,0,2.2785,0.4201,0.1327,0,2.8312,0
48,cpu_t4,4,121607,29268,0,24.5899,0.5966,0.1331,0,25.3196,0
48,cpu_t8,0,121607,29268,0,4.0539,0.3715,0.1655,0,4.5909,0
48,cpu_t8,1,121607,29268,0,13.7014,0.3814,0.1318,0,14.2145,0
48,cpu_t8,2,121607,29268,0,7.6916,0.3804,0.1753,0,8.2474,0
48,cpu_t8,3,121607,29268,0,20.5344,0.3685,0.1320,0,21.0350,0
48,cpu_t8,4,121607,29268,0,14.7732,0.3614,0.1330,0,15.2676,0
48,cpu_t16,0,121607,29268,0,0.7779,0.1973,0.1663,0,1.1415,0
48,cpu_t16,1,121607,29268,0,0.7733,0.1988,0.1756,0,1.1477,0
48,cpu_t16,2,121607,29268,0,0.7688,0.1964,0.1611,0,1.1264,0
48,cpu_t16,3,121607,29268,0,0.7791,0.1920,0.1611,0,1.1322,0
48,cpu_t16,4,121607,29268,0,1.3099,0.3206,0.1725,0,1.8030,0
48,gpu_thrust_uf,0,121607,29268,0.0786,0.9417,0.0367,0.1178,0.0327,1.2494,0
48,gpu_thrust_uf,1,121607,29268,0.0783,0.7636,0.0365,0.1178,0.0286,1.0623,0
48,gpu_thrust_uf,2,121607,29268,0.0822,1.6279,0.0338,0.1178,0.0195,1.9175,0
48,gpu_thrust_uf,3,121607,29268,0.0923,1.2942,0.0842,0.1359,0.0314,1.6720,0
48,gpu_thrust_uf,4,121607,29268,0.0778,0.8353,0.0954,0.2241,0.0357,1.3027,0
48,gpu_hash_uf,0,121607,29268,0.0761,0.4210,0.0973,0.2243,0.0314,0.8840,0
48,gpu_hash_uf,1,121607,29268,0.0839,0.3738,0.0540,0.2191,0.0307,0.7888,0
48,gpu_hash_uf,2,121607,29268,0.0827,0.3346,0.0297,0.1772,0.0996,0.7510,0
48,gpu_hash_uf,3,121607,29268,0.1307,0.2756,0.0328,0.1239,0.0309,0.6237,0
48,gpu_hash_uf,4,121607,29268,0.0809,0.2124,0.0287,0.1178,0.0209,0.4950,0
48,gpu_hash_prop,0,121607,29268,0.0788,0.1943,0.0358,6.7656,0.0277,7.1455,120
48,gpu_hash_prop,1,121607,29268,0.0797,0.2416,0.0399,8.7542,0.0295,9.1719,120
48,gpu_hash_prop,2,121607,29268,0.1004,0.2577,0.0635,6.7973,0.0242,7.2774,120
48,gpu_hash_prop,3,121607,29268,0.0789,0.2916,0.0336,10.5605,0.0204,11.0109,120
48,gpu_hash_prop,4,121607,29268,0.0756,0.2194,0.0388,8.2678,0.0535,8.6799,120
49,cpu_t1,0,121875,29357,0,4.0348,1.4170,0.1415,0,5.5934,0
49,cpu_t1,1,121875,29357,0,3.9979,1.3933,0.1351,0,5.5263,0
49,cpu_t1,2,121875,29357,0,4.0287,1.4165,0.1354,0,5.5806,0
49,cpu_t1,3,121875,29357,0,4.0270,1.3647,0.1349,0,5.5267,0
49,cpu_t1,4,121875,29357,0,4.0322,1.3619,0.1356,0,5.5297,0
49,cpu_t2,0,121875,29357,0,19.1164,0.8058,0.1371,0,20.0593,0
49,cpu_t2,1,121875,29357,0,13.5978,0.7399,0.1367,0,14.4744,0
49,cpu_t2,2,121875,29357,0,2.4373,0.7284,0.1394,0,3.3051,0
49,cpu_t2,3,121875,29357,0,11.4566,0.7294,0.1411,0,12.3271,0
49,cpu_t2,4,121875,29357,0,5.9509,0.9750,0.1405,0,7.0664,0
49,cpu_t4,0,121875,29357,0,4.2193,0.6086,0.1378,0,4.9657,0
49,cpu_t4,1,121875,29357,0,10.4846,0.6238,0.2359,0,11.3443,0
49,cpu_t4,2,121875,29357,0,2.1967,0.3940,0.1373,0,2.7280,0
49,cpu_t4,3,121875,29357,0,1.5855,0.3852,0.1535,0,2.1242,0
49,cpu_t4,4,121875,29357,0,1.5535,0.4610,0.1408,0,2.1553,0
49,cpu_t8,0,121875,29357,0,11.0965,0.3876,0.2108,0,11.6949,0
49,cpu_t8,1,121875,29357,0,13.2047,0.2538,0.1374,0,13.5958,0
49,cpu_t8,2,121875,29357,0,2.0934,0.3884,0.1687,0,2.6505,0
49,cpu_t8,3,121875,29357,0,14.3674,0.3732,0.1699,0,14.9105,0
49,cpu_t8,4,121875,29357,0,16.8472,0.3789,0.1736,0,17.3997,0
49,cpu_t16,0,121875,29357,0,1.4895,0.3863,0.1737,0,2.0496,0
49,cpu_t16,1,121875,29357,0,0.8565,0.2250,0.1703,0,1.2518,0
49,cpu_t16,2,121875,29357,0,0.7900,0.2026,0.1702,0,1.1629,0
49,cpu_t16,3,121875,29357,0,0.8256,0.2156,0.1853,0,1.2265,0
49,cpu_t16,4,121875,29357,0,0.8502,0.2114,0.1764,0,1.2379,0
49,gpu_thrust_uf,0,121875,29357,0.0781,0.8980,0.0307,0.1126,0.0208,1.1808,0
49,gpu_thrust_uf,1,121875,29357,0.0814,1.2627,0.0316,0.1116,0.0259,1.5459,0
49,gpu_thrust_uf,2,121875,29357,0.0770,0.8625,0.1065,0.1106,0.0330,1.2291,0
49,gpu_thrust_uf,3,121875,29357,0.0758,0.9788,0.0297,0.1126,0.0302,1.2503,0
49,gpu_thrust_uf,4,121875,29357,0.0852,2.2144,0.0326,0.1116,0.0294,2.5032,0
49,gpu_hash_uf,0,121875,29357,0.1044,0.1944,0.0328,0.1434,0.0184,0.5183,0
49,gpu_hash_uf,1,121875,29357,0.0787,0.2413,0.0317,0.1322,0.0176,0.5259,0
49,gpu_hash_uf,2,121875,29357,0.0780,0.2356,0.0358,0.1106,0.0195,0.5040,0
49,gpu_hash_uf,3,121875,29357,0.0766,0.2600,0.0317,0.1331,0.0182,0.5468,0
49,gpu_hash_uf,4,121875,29357,0.0851,0.2340,0.0573,0.1331,0.0182,0.5516,0
49,gpu_hash_prop,0,121875,29357,0.0797,0.2272,0.0328,11.6593,0.1063,12.1342,125
49,gpu_hash_prop,1,121875,29357,0.0788,0.5359,0.0358,15.1685,0.0830,15.9377,125
49,gpu_hash_prop,2,121875,29357,0.0758,0.3936,0.0768,13.0113,0.1154,13.7029,125
49,gpu_hash_prop,3,121875,29357,0.0975,0.5312,0.1270,14.8992,0.0365,15.7413,125
49,gpu_hash_prop,4,121875,29357,0.1006,0.5443,0.0938,16.3973,0.0596,17.2389,125
50,cpu_t1,0,121799,29315,0,4.0217,1.3155,0.1371,0,5.4743,0
50,cpu_t1,1,121799,29315,0,4.0023,1.3747,0.1354,0,5.5124,0
50,cpu_t1,2,121799,29315,0,4.0756,1.3441,0.1493,0,5.5689,0
50,cpu_t1,3,121799,29315,0,4.0010,1.3649,0.1347,0,5.5006,0
50,cpu_t1,4,121799,29315,0,3.9809,1.4112,0.1350,0,5.5271,0
50,cpu_t2,0,121799,29315,0,2.2560,0.7101,0.1396,0,3.1057,0
50,cpu_t2,1,121799,29315,0,1.7425,0.6882,0.1358,0,2.5664,0
50,cpu_t2,2,121799,29315,0,1.8920,1.4766,0.1722,0,3.5408,0
50,cpu_t2,3,121799,29315,0,2.2277,0.7276,0.1373,0,3.0927,0
50,cpu_t2,4,121799,29315,0,2.4325,0.8359,0.1497,0,3.4182,0
50,cpu_t4,0,121799,29315,0,4.6500,0.3780,0.1378,0,5.1658,0
50,cpu_t4,1,121799,29315,0,7.3348,0.3681,0.1378,0,7.8407,0
50,cpu_t4,2,121799,29315,0,21.5611,0.5710,0.1385,0,22.2706,0
50,cpu_t4,3,121799,29315,0,7.9708,0.7687,0.1393,0,8.8788,0
50,cpu_t4,4,121799,29315,0,4.6632,0.4733,0.1500,0,5.2865,0
50,cpu_t8,0,121799,29315,0,8.6915,0.3733,0.1742,0,9.2390,0
50,cpu_t8,1,121799,29315,0,1.7148,0.3891,0.1791,0,2.2830,0
50,cpu_t8,2,121799,29315,0,2.1296,0.3799,0.1397,0,2.6493,0
50,cpu_t8,3,121799,29315,0,12.5542,0.4121,0.1381,0,13.1044,0
50,cpu_t8,4,121799,29315,0,1.5909,0.3804,0.1364,0,2.1078,0
50,cpu_t16,0,121799,29315,0,0.8998,0.2106,0.1689,0,1.2792,0
50,cpu_t16,1,121799,29315,0,0.7848,0.2059,0.1681,0,1.1587,0
50,cpu_t16,2,121799,29315,0,1.5678,0.3550,0.1763,0,2.0991,0
50,cpu_t16,3,121799,29315,0,1.3968,0.3962,0.1671,0,1.9602,0
50,cpu_t16,4,121799,29315,0,1.6143,0.4435,0.2464,0,2.3043,0
50,gpu_thrust_uf,0,121799,29315,0.1151,1.2524,0.0358,0.1198,0.0333,1.5942,0
50,gpu_thrust_uf,1,121799,29315,0.0809,0.6942,0.0358,0.1188,0.0285,0.9925,0
50,gpu_thrust_uf,2,121799,29315,0.0783,0.7962,0.0850,0.1915,0.1209,1.3296,0
50,gpu_thrust_uf,3,121799,29315,0.0781,0.8420,0.0614,0.1618,0.0197,1.1917,0
50,gpu_thrust_uf,4,121799,29315,0.0764,0.6969,0.0974,0.1473,0.0205,1.0642,0
50,gpu_hash_uf,0,121799,29315,0.0765,0.2491,0.0850,0.1393,0.0189,0.5922,0
50,gpu_hash_uf,1,121799,29315,0.0793,0.2541,0.0911,0.1188,0.0200,0.5870,0
50,gpu_hash_uf,2,121799,29315,0.0855,0.4308,0.0420,0.1198,0.0302,0.7655,0
50,gpu_hash_uf,3,121799,29315,0.0822,0.6414,0.0297,0.1198,0.0343,0.9406,0
50,gpu_hash_uf,4,121799,29315,0.0761,0.1900,0.0328,0.1188,0.0297,0.4741,0
50,gpu_hash_prop,0,121799,29315,0.0789,0.2049,0.0489,18.9983,0.1014,19.4605,130
50,gpu_hash_prop,1,121799,29315,0.0787,0.6319,0.0973,19.1101,0.1216,19.5016,130
50,gpu_hash_prop,2,121799,29315,0.0937,0.5980,0.0840,13.8332,0.0273,13.4437,130
50,gpu_hash_prop,3,121799,29315,0.0764,0.5976,0.0307,10.4767,0.0431,10.3158,130
50,gpu_hash_prop,4,121799,29315,0.0788,0.2391,0.0748,8.2657,0.0216,7.9788,130
51,cpu_t1,0,121735,29103,0,3.6709,1.2320,0.1227,0,5.0256,0
51,cpu_t1,1,121735,29103,0,3.6819,1.2234,0.1200,0,5.0253,0
51,cpu_t1,2,121735,29103,0,3.5991,1.2575,0.1200,0,4.9766,0
51,cpu_t1,3,121735,29103,0,3.6567,1.2143,0.1197,0,4.9907,0
51,cpu_t1,4,121735,29103,0,3.6936,1.2768,0.1195,0,5.0900,0
51,cpu_t2,0,121735,29103,0,6.4444,0.6334,0.1212,0,7.1989,0
51,cpu_t2,1,121735,29103,0,10.1272,0.6704,0.1465,0,10.9440,0
51,cpu_t2,2,121735,29103,0,4.3377,0.6543,0.1216,0,5.1137,0
51,cpu_t2,3,121735,29103,0,9.9312,0.6563,0.1215,0,10.7090,0
51,cpu_t2,4,121735,29103,0,4.3064,0.7119,0.1228,0,5.1412,0
51,cpu_t4,0,121735,29103,0,1.5793,0.3384,0.1215,0,2.0392,0
51,cpu_t4,1,121735,29103,0,11.4983,0.3693,0.1227,0,11.9904,0
51,cpu_t4,2,121735,29103,0,9.0060,0.3706,0.1343,0,9.5109,0
51,cpu_t4,3,121735,29103,0,2.0956,0.6971,0.1217,0,2.9144,0
51,cpu_t4,4,121735,29103,0,5.3375,0.3809,0.1220,0,5.8403,0
51,cpu_t8,0,121735,29103,0,18.4560,0.3271,0.1777,0,18.9608,0
51,cpu_t8,1,121735,29103,0,8.9434,0.3579,0.1225,0,9.4238,0
51,cpu_t8,2,121735,29103,0,9.2061,0.3519,0.1247,0,9.6827,0
51,cpu_t8,3,121735,29103,0,14.9093,0.3529,0.1537,0,15.4158,0
51,cpu_t8,4,121735,29103,0,4.1726,0.3498,0.1249,0,4.6473,0
51,cpu_t16,0,121735,29103,0,1.5881,0.3149,0.1540,0,2.0570,0
51,cpu_t16,1,121735,29103,0,1.3525,0.3314,0.1501,0,1.8339,0
51,cpu_t16,2,121735,29103,0,1.2812,0.3286,0.1500,0,1.7597,0
51,cpu_t16,3,121735,29103,0,1.5821,0.3601,0.1624,0,2.1046,0
51,cpu_t16,4,121735,29103,0,1.2435,0.5184,0.1626,0,1.9245,0
51,gpu_thrust_uf,0,121735,29103,0.0816,0.8864,0.0758,0.1956,0.0325,1.2024,0
51,gpu_thrust_uf,1,121735,29103,0.0797,0.7598,0.0348,0.1567,0.0318,1.0064,0
51,gpu_thrust_uf,2,121735,29103,0.0808,0.6870,0.0869,0.1556,0.0189,0.9947,0
51,gpu_thrust_uf,3,121735,29103,0.0765,0.8037,0.1104,0.2376,0.0779,1.2204,0
51,gpu_thrust_uf,4,121735,29103,0.1239,1.0530,0.0358,0.1567,0.0183,1.3032,0
51,gpu_hash_uf,0,121735,29103,0.0793,0.2348,0.0349,0.1832,0.0290,0.5333,0
51,gpu_hash_uf,1,121735,29103,0.0767,1.3967,0.0307,0.1567,0.0198,1.5637,0
51,gpu_hash_uf,2,121735,29103,0.0827,1.0041,0.0928,0.2642,0.0308,1.4091,0
51,gpu_hash_uf,3,121735,29103,0.0756,0.5449,0.1249,0.1577,0.0333,0.8790,0
51,gpu_hash_uf,4,121735,29103,0.0769,0.3118,0.0451,0.1597,0.0175,0.5851,0
51,gpu_hash_prop,0,121735,29103,0.1342,1.0803,0.0297,9.7918,0.0320,10.1692,134
51,gpu_hash_prop,1,121735,29103,0.0778,0.2690,0.0348,8.2862,0.0269,7.9911,134
51,gpu_hash_prop,2,121735,29103,0.1203,0.2111,0.0348,9.0993,0.0235,8.7277,134
51,gpu_hash_prop,3,121735,29103,0.0999,0.2469,0.0389,10.8575,0.0254,10.3533,134
51,gpu_hash_prop,4,121735,29103,0.0766,0.1883,0.0348,7.9616,0.0216,7.6116,134
52,cpu_t1,0,121740,29311,0,3.6804,1.2927,0.1280,0,5.1010,0
52,cpu_t1,1,121740,29311,0,3.8063,1.2755,0.1283,0,5.2101,0
52,cpu_t1,2,121740,29311,0,3.8930,1.2905,0.1329,0,5.3164,0
52,cpu_t1,3,121740,29311,0,3.7058,1.4098,0.1435,0,5.2591,0
52,cpu_t1,4,121740,29311,0,3.8280,1.2946,0.1276,0,5.2502,0
52,cpu_t2,0,121740,29311,0,4.4466,0.8714,0.1290,0,5.4470,0
52,cpu_t2,1,121740,29311,0,13.8751,0.6775,0.1292,0,14.6819,0
52,cpu_t2,2,121740,29311,0,2.0822,0.6510,0.1300,0,2.8632,0
52,cpu_t2,3,121740,29311,0,22.7926,0.6921,0.1332,0,23.6178,0
52,cpu_t2,4,121740,29311,0,4.8298,0.7147,0.1326,0,5.6771,0
52,cpu_t4,0,121740,29311,0,18.2858,0.3451,0.1311,0,18.7620,0
52,cpu_t4,1,121740,29311,0,1.9629,0.6744,0.1622,0,2.7995,0
52,cpu_t4,2,121740,29311,0,16.4835,0.4011,0.1289,0,17.0135,0
52,cpu_t4,3,121740,29311,0,10.2557,0.8181,0.1293,0,11.2032,0
52,cpu_t4,4,121740,29311,0,8.0775,0.3455,0.1289,0,8.5518,0
52,cpu_t8,0,121740,29311,0,13.5029,0.3498,0.1594,0,14.0122,0
52,cpu_t8,1,121740,29311,0,3.8444,0.3393,0.1301,0,4.3138,0
52,cpu_t8,2,121740,29311,0,13.9510,0.3509,0.1579,0,14.4599,0
52,cpu_t8,3,121740,29311,0,1.2054,0.3549,0.1288,0,1.6890,0
52,cpu_t8,4,121740,29311,0,1.8677,0.3577,0.1597,0,2.3851,0
52,cpu_t16,0,121740,29311,0,0.7127,0.1826,0.1711,0,1.0663,0
52,cpu_t16,1,121740,29311,0,0.7257,0.1992,0.1778,0,1.1028,0
52,cpu_t16,2,121740,29311,0,0.7049,0.1828,0.1733,0,1.0610,0
52,cpu_t16,3,121740,29311,0,0.7145,0.1885,0.1552,0,1.0582,0
52,cpu_t16,4,121740,29311,0,1.6734,0.3212,0.1579,0,2.1525,0
52,gpu_thrust_uf,0,121740,29311,0.0871,1.5454,0.0379,0.1167,0.0375,1.7048,0
52,gpu_thrust_uf,1,121740,29311,0.1621,1.4259,0.0585,0.1577,0.0290,1.7055,0
52,gpu_thrust_uf,2,121740,29311,0.0765,0.8653,0.1697,0.2365,0.0317,1.3344,0
52,gpu_thrust_uf,3,121740,29311,0.0765,1.0756,0.0877,0.1362,0.0192,1.3150,0
52,gpu_thrust_uf,4,121740,29311,0.0796,0.7729,0.0584,0.1516,0.0172,1.0123,0
52,gpu_hash_uf,0,121740,29311,0.0790,0.1861,0.0348,0.1157,0.0178,0.4128,0
52,gpu_hash_uf,1,121740,29311,0.0788,0.2024,0.0358,0.1157,0.0339,0.4504,0
52,gpu_hash_uf,2,121740,29311,0.0986,0.1975,0.0358,0.1148,0.0282,0.4665,0
52,gpu_hash_uf,3,121740,29311,0.0766,0.2352,0.0738,0.1381,0.0172,0.5194,0
52,gpu_hash_uf,4,121740,29311,0.0792,0.2443,0.0573,0.1362,0.0276,0.5217,0
52,gpu_hash_prop,0,121740,29311,0.0766,0.2707,0.0604,9.7229,0.0345,9.3412,138
52,gpu_hash_prop,1,121740,29311,0.0875,1.4023,0.0307,9.1269,0.0306,9.8146,138
52,gpu_hash_prop,2,121740,29311,0.0766,0.2587,0.0399,11.0449,0.0532,10.5429,138
52,gpu_hash_prop,3,121740,29311,0.0795,0.2513,0.0604,8.7788,0.0266,8.4523,138
52,gpu_hash_prop,4,121740,29311,0.0811,0.2546,0.0625,10.8452,0.0209,10.3548,138
53,cpu_t1,0,121923,29302,0,3.7324,1.2375,0.1297,0,5.0996,0
53,cpu_t1,1,121923,29302,0,4.5574,1.2644,0.1444,0,5.9662,0
53,cpu_t1,2,121923,29302,0,3.9479,1.2431,0.1290,0,5.3200,0
53,cpu_t1,3,121923,29302,0,3.7714,1.2176,0.1466,0,5.1356,0
53,cpu_t1,4,121923,29302,0,4.2253,1.2001,0.1295,0,5.5548,0
53,cpu_t2,0,121923,29302,0,3.7351,0.6316,0.1556,0,4.5223,0
53,cpu_t2,1,121923,29302,0,12.5930,0.6308,0.1304,0,13.3541,0
53,cpu_t2,2,121923,29302,0,4.4114,0.8164,0.1318,0,5.3596,0
53,cpu_t2,3,121923,29302,0,4.5208,1.2508,0.1720,0,5.9436,0
53,cpu_t2,4,121923,29302,0,20.4342,0.6719,0.1323,0,21.2383,0
53,cpu_t4,0,121923,29302,0,6.8595,0.3285,0.1353,0,7.3233,0
53,cpu_t4,1,121923,29302,0,2.6119,0.6511,0.1324,0,3.3954,0
53,cpu_t4,2,121923,29302,0,9.0752,0.6334,0.1531,0,9.8617,0
53,cpu_t4,3,121923,29302,0,4.8714,0.4826,0.1323,0,5.4863,0
53,cpu_t4,4,121923,29302,0,6.4607,0.6342,0.1713,0,7.2663,0
53,cpu_t8,0,121923,29302,0,5.5207,0.3206,0.1618,0,6.0032,0
53,cpu_t8,1,121923,29302,0,4.3689,0.3366,0.1450,0,4.8505,0
53,cpu_t8,2,121923,29302,0,13.3207,0.3381,0.1630,0,13.8217,0
53,cpu_t8,3,121923,29302,0,6.7316,0.3262,0.1350,0,7.1928,0
53,cpu_t8,4,121923,29302,0,9.0718,0.3407,0.1377,0,9.5501,0
53,cpu_t16,0,121923,29302,0,0.9526,0.4548,0.1610,0,1.5684,0
53,cpu_t16,1,121923,29302,0,1.2806,0.2830,0.1589,0,1.7226,0
53,cpu_t16,2,121923,29302,0,2.0083,0.3169,0.1632,0,2.4884,0
53,cpu_t16,3,121923,29302,0,1.3492,0.3770,0.2029,0,1.9291,0
53,cpu_t16,4,121923,29302,0,1.4416,0.3618,0.2961,0,2.0994,0
53,gpu_thrust_uf,0,121923,29302,0.0888,0.8697,0.0948,0.1137,0.0195,1.1288,0
53,gpu_thrust_uf,1,121923,29302,0.0766,0.9203,0.0358,0.1137,0.0292,1.1005,0
53,gpu_thrust_uf,2,121923,29302,0.0757,0.6405,0.0324,0.1147,0.0260,0.8383,0
53,gpu_thrust_uf,3,121923,29302,0.0786,0.7001,0.0358,0.1139,0.0289,0.8994,0
53,gpu_thrust_uf,4,121923,29302,0.0758,0.6563,0.0358,0.1139,0.0300,0.8587,0
53,gpu_hash_uf,0,121923,29302,0.0819,0.4163,0.0328,0.1147,0.0298,0.6526,0
53,gpu_hash_uf,1,121923,29302,0.0787,0.5179,0.0358,0.1147,0.0335,0.7429,0
53,gpu_hash_uf,2,121923,29302,0.0782,0.3272,0.0850,0.1352,0.0198,0.6159,0
53,gpu_hash_uf,3,121923,29302,0.0787,0.2761,0.0355,0.1157,0.0323,0.5159,0
53,gpu_hash_uf,4,121923,29302,0.0783,0.2375,0.0328,0.1138,0.0226,0.4726,0
53,gpu_hash_prop,0,121923,29302,0.0947,0.2067,0.0573,20.4268,0.1591,19.2179,143
53,gpu_hash_prop,1,121923,29302,0.0771,1.6796,0.0297,20.5681,0.0226,20.5447,143
53,gpu_hash_prop,2,121923,29302,0.0769,0.2036,0.0328,16.7608,0.1200,15.7792,143
53,gpu_hash_prop,3,121923,29302,1.8190,0.5917,0.1218,13.7236,0.0434,14.9687,143
53,gpu_hash_prop,4,121923,29302,0.0796,0.1898,0.0379,8.5514,0.0247,8.1624,143
54,cpu_t1,0,121937,29517,0,3.6604,1.2827,0.1317,0,5.0749,0
54,cpu_t1,1,121937,29517,0,3.6488,1.2657,0.1252,0,5.0398,0
54,cpu_t1,2,121937,29517,0,3.6394,1.2605,0.1271,0,5.0270,0
54,cpu_t1,3,121937,29517,0,3.6435,1.2838,0.1244,0,5.0516,0
54,cpu_t1,4,121937,29517,0,3.6840,1.2060,0.1323,0,5.0223,0
54,cpu_t2,0,121937,29517,0,7.3022,0.6520,0.1309,0,8.0850,0
54,cpu_t2,1,121937,29517,0,10.1031,0.6207,0.1516,0,10.8754,0
54,cpu_t2,2,121937,29517,0,4.2629,0.6375,0.1266,0,5.0270,0
54,cpu_t2,3,121937,29517,0,2.3227,0.6722,0.1394,0,3.1342,0
54,cpu_t2,4,121937,29517,0,1.9552,0.6634,0.1258,0,2.7443,0
54,cpu_t4,0,121937,29517,0,7.2452,0.6323,0.1584,0,8.0358,0
54,cpu_t4,1,121937,29517,0,10.0874,0.3898,0.1279,0,10.6052,0
54,cpu_t4,2,121937,29517,0,1.8549,0.3582,0.1266,0,2.3397,0
54,cpu_t4,3,121937,29517,0,12.5365,0.3483,0.1266,0,13.0114,0
54,cpu_t4,4,121937,29517,0,2.0161,0.3521,0.1320,0,2.5002,0
54,cpu_t8,0,121937,29517,0,7.1066,0.3144,0.1642,0,7.5852,0
54,cpu_t8,1,121937,29517,0,4.0050,0.3549,0.1288,0,4.4886,0
54,cpu_t8,2,121937,29517,0,4.3940,0.1915,0.1251,0,4.7106,0
54,cpu_t8,3,121937,29517,0,7.1082,0.3372,0.1270,0,7.5724,0
54,cpu_t8,4,121937,29517,0,6.7847,0.3208,0.1403,0,7.2459,0
54,cpu_t16,0,121937,29517,0,1.3266,0.3343,0.1579,0,1.8188,0
54,cpu_t16,1,121937,29517,0,1.2748,0.3419,0.1552,0,1.7720,0
54,cpu_t16,2,121937,29517,0,1.3080,0.3840,0.1569,0,1.8488,0
54,cpu_t16,3,121937,29517,0,1.3647,0.3517,0.1563,0,1.8727,0
54,cpu_t16,4,121937,29517,0,1.7496,0.3440,0.1675,0,2.2611,0
54,gpu_thrust_uf,0,121937,29517,0.0840,0.8369,0.0459,0.1065,0.0331,1.0453,0
54,gpu_thrust_uf,1,121937,29517,0.0768,1.4304,0.0328,0.1065,0.0271,1.5628,0
54,gpu_thrust_uf,2,121937,29517,0.1987,1.6513,0.0809,0.2335,0.1106,2.1558,0
54,gpu_thrust_uf,3,121937,29517,0.1040,1.0410,0.1149,0.2127,0.0888,1.4562,0
54,gpu_thrust_uf,4,121937,29517,0.0808,0.7430,0.0399,0.1034,0.0246,0.9347,0
54,gpu_hash_uf,0,121937,29517,0.0788,0.2007,0.0395,0.1014,0.0181,0.4214,0
54,gpu_hash_uf,1,121937,29517,0.0765,0.1945,0.0389,0.1024,0.0176,0.4155,0
54,gpu_hash_uf,2,121937,29517,0.0787,0.1931,0.0399,0.1024,0.0178,0.4198,0
54,gpu_hash_uf,3,121937,29517,0.0769,0.2370,0.0357,0.1024,0.0232,0.4566,0
54,gpu_hash_uf,4,121937,29517,0.0767,0.2434,0.0358,0.1280,0.0180,0.4923,0
54,gpu_hash_prop,0,121937,29517,0.0826,0.2097,0.0379,15.3610,0.0302,14.4495,194
54,gpu_hash_prop,1,121937,29517,0.0829,0.1953,0.0328,13.8732,0.0322,13.0566,194
54,gpu_hash_prop,2,121937,29517,0.0759,0.1925,0.0399,12.8041,0.0341,12.0694,194
54,gpu_hash_prop,3,121937,29517,0.0766,0.2307,0.0328,10.8913,0.0204,10.3349,194
54,gpu_hash_prop,4,121937,29517,0.0794,0.3080,0.0327,12.5348,0.0245,11.9184,194
55,cpu_t1,0,122072,29620,0,3.9643,1.3476,0.1518,0,5.4638,0
55,cpu_t1,1,122072,29620,0,4.2243,1.4121,0.1280,0,5.7644,0
55,cpu_t1,2,122072,29620,0,3.8753,1.2917,0.1390,0,5.3060,0
55,cpu_t1,3,122072,29620,0,3.6449,1.3105,0.1399,0,5.0953,0
55,cpu_t1,4,122072,29620,0,5.0597,1.2933,0.1289,0,6.4819,0
55,cpu_t2,0,122072,29620,0,2.1173,0.8839,0.1558,0,3.1570,0
55,cpu_t2,1,122072,29620,0,4.4272,0.7022,0.1282,0,5.2576,0
55,cpu_t2,2,122072,29620,0,9.3632,0.7419,0.1833,0,10.2884,0
55,cpu_t2,3,122072,29620,0,4.8224,0.6976,0.1282,0,5.6482,0
55,cpu_t2,4,122072,29620,0,9.4710,0.6620,0.1287,0,10.2616,0
55,cpu_t4,0,122072,29620,0,7.4752,0.4028,0.1309,0,8.0089,0
55,cpu_t4,1,122072,29620,0,10.6295,0.6825,0.1279,0,11.4398,0
55,cpu_t4,2,122072,29620,0,2.0030,0.5142,0.1295,0,2.6467,0
55,cpu_t4,3,122072,29620,0,3.1313,0.4200,0.1743,0,3.7256,0
55,cpu_t4,4,122072,29620,0,6.3587,0.3270,0.1287,0,6.8145,0
55,cpu_t8,0,122072,29620,0,16.2463,0.3558,0.1620,0,16.7641,0
55,cpu_t8,1,122072,29620,0,12.6744,0.5619,0.1599,0,13.3961,0
55,cpu_t8,2,122072,29620,0,20.5771,0.3229,0.1338,0,21.0339,0
55,cpu_t8,3,122072,29620,0,3.7863,0.3336,0.1571,0,4.2770,0
55,cpu_t8,4,122072,29620,0,6.9163,0.4022,0.1292,0,7.4476,0
55,cpu_t16,0,122072,29620,0,1.0484,0.1827,0.1573,0,1.3884,0
55,cpu_t16,1,122072,29620,0,0.6993,0.1803,0.1723,0,1.0519,0
55,cpu_t16,2,122072,29620,0,0.7331,0.1986,0.1595,0,1.0911,0
55,cpu_t16,3,122072,29620,0,0.7097,0.1915,0.1655,0,1.0666,0
55,cpu_t16,4,122072,29620,0,0.7423,0.2543,0.1648,0,1.1613,0
55,gpu_thrust_uf,0,122072,29620,0.0825,1.1474,0.0317,0.1024,0.0277,1.3101,0
55,gpu_thrust_uf,1,122072,29620,0.0792,0.6928,0.0358,0.1065,0.0191,0.8900,0
55,gpu_thrust_uf,2,122072,29620,0.0768,0.6640,0.0338,0.1034,0.0279,0.8535,0
55,gpu_thrust_uf,3,122072,29620,0.0782,0.6925,0.0307,0.1034,0.0225,0.8728,0
55,gpu_thrust_uf,4,122072,29620,0.0808,0.6572,0.0328,0.1034,0.0387,0.8612,0
55,gpu_hash_uf,0,122072,29620,0.0760,0.9355,0.0328,0.1106,0.0288,1.1073,0
55,gpu_hash_uf,1,122072,29620,0.0790,0.1884,0.0481,0.1024,0.0364,0.4470,0
55,gpu_hash_uf,2,122072,29620,0.0811,0.2194,0.0358,0.1024,0.0227,0.4491,0
55,gpu_hash_uf,3,122072,29620,0.0766,0.1901,0.0358,0.1034,0.0225,0.4192,0
55,gpu_hash_uf,4,122072,29620,0.0785,0.2057,0.0348,0.1024,0.0219,0.4303,0
55,gpu_hash_prop,0,122072,29620,0.0808,0.2304,0.0328,10.9650,0.0183,10.4097,153
55,gpu_hash_prop,1,122072,29620,0.0767,0.1878,0.0328,10.8247,0.0231,10.2354,153
55,gpu_hash_prop,2,122072,29620,0.0804,0.1956,0.0440,9.8100,0.0269,9.3278,153
55,gpu_hash_prop,3,122072,29620,0.0856,1.0525,0.0307,9.9236,0.0292,10.2253,153
55,gpu_hash_prop,4,122072,29620,0.0766,0.1778,0.0358,8.4890,0.0298,8.0916,153
56,cpu_t1,0,122170,29696,0,3.7197,1.2441,0.1261,0,5.0900,0
56,cpu_t1,1,122170,29696,0,3.6979,1.2478,0.1291,0,5.0748,0
56,cpu_t1,2,122170,29696,0,3.6976,1.2686,0.1241,0,5.0903,0
56,cpu_t1,3,122170,29696,0,3.7280,1.2683,0.1260,0,5.1222,0
56,cpu_t1,4,122170,29696,0,3.6740,1.2877,0.1240,0,5.0857,0
56,cpu_t2,0,122170,29696,0,2.1294,0.6995,0.1264,0,2.9552,0
56,cpu_t2,1,122170,29696,0,3.9932,0.6983,0.1252,0,4.8166,0
56,cpu_t2,2,122170,29696,0,1.6164,0.7819,0.1263,0,2.5246,0
56,cpu_t2,3,122170,29696,0,4.6587,0.6959,0.1285,0,5.4831,0
56,cpu_t2,4,122170,29696,0,7.1173,0.6777,0.1515,0,7.9465,0
56,cpu_t4,0,122170,29696,0,4.4363,0.4569,0.1278,0,5.0210,0
56,cpu_t4,1,122170,29696,0,15.7632,0.4563,0.1797,0,16.3992,0
56,cpu_t4,2,122170,29696,0,20.8146,0.4970,0.1266,0,21.4382,0
56,cpu_t4,3,122170,29696,0,15.0881,0.6615,0.1302,0,15.8798,0
56,cpu_t4,4,122170,29696,0,10.5296,0.3727,0.1270,0,11.0293,0
56,cpu_t8,0,122170,29696,0,8.1488,0.3295,0.1280,0,8.6062,0
56,cpu_t8,1,122170,29696,0,10.5073,0.3211,0.1290,0,10.9574,0
56,cpu_t8,2,122170,29696,0,4.0479,0.3347,0.1580,0,4.5405,0
56,cpu_t8,3,122170,29696,0,10.6496,0.3443,0.1575,0,11.1514,0
56,cpu_t8,4,122170,29696,0,5.1602,0.3390,0.1588,0,5.6580,0
56,cpu_t16,0,122170,29696,0,1.3735,0.2868,0.1702,0,1.8305,0
56,cpu_t16,1,122170,29696,0,1.3644,0.3078,0.2150,0,1.8871,0
56,cpu_t16,2,122170,29696,0,1.4736,0.3653,0.2025,0,2.0414,0
56,cpu_t16,3,122170,29696,0,1.2929,0.3459,0.1600,0,1.7988,0
56,cpu_t16,4,122170,29696,0,1.3674,0.3404,0.2276,0,1.9353,0
56,gpu_thrust_uf,0,122170,29696,0.1154,0.8218,0.0378,0.1096,0.0197,1.0485,0
56,gpu_thrust_uf,1,122170,29696,0.0800,0.6643,0.0420,0.1106,0.0191,0.8625,0
56,gpu_thrust_uf,2,122170,29696,0.0770,0.7173,0.0512,0.1106,0.0196,0.9164,0
56,gpu_thrust_uf,3,122170,29696,0.0767,0.7408,0.0481,0.1096,0.0187,0.9331,0
56,gpu_thrust_uf,4,122170,29696,0.0768,0.6557,0.0563,0.1097,0.0188,0.8631,0
56,gpu_hash_uf,0,122170,29696,0.0787,0.1844,0.0307,0.1106,0.0263,0.4142,0
56,gpu_hash_uf,1,122170,29696,0.0799,0.8880,0.0307,0.1106,0.0250,1.0588,0
56,gpu_hash_uf,2,122170,29696,0.0843,0.3296,0.0376,0.1106,0.0248,0.5973,0
56,gpu_hash_uf,3,122170,29696,0.0787,0.2183,0.0358,0.1098,0.0235,0.4581,0
56,gpu_hash_uf,4,122170,29696,0.0782,0.2208,0.0399,0.1106,0.0227,0.4554,0
56,gpu_hash_prop,0,122170,29696,0.0767,0.1892,0.0389,13.9643,0.1470,13.2607,156
56,gpu_hash_prop,1,122170,29696,0.0834,0.5179,0.0758,14.8726,0.0212,14.2976,156
56,gpu_hash_prop,2,122170,29696,0.0761,0.1913,0.0358,11.3746,0.0181,10.7376,156
56,gpu_hash_prop,3,122170,29696,0.0821,1.0699,0.0338,9.9891,0.0272,10.3187,156
56,gpu_hash_prop,4,122170,29696,0.0803,0.1797,0.0358,12.4047,0.0260,11.6877,156
57,cpu_t1,0,122223,29909,0,3.6503,1.2343,0.1516,0,5.0362,0
57,cpu_t1,1,122223,29909,0,3.8650,1.2956,0.1449,0,5.3055,0
57,cpu_t1,2,122223,29909,0,3.6958,1.2843,0.1501,0,5.1302,0
57,cpu_t1,3,122223,29909,0,3.6352,1.3870,0.1445,0,5.1668,0
57,cpu_t1,4,122223,29909,0,3.8760,1.2786,0.1432,0,5.2979,0
57,cpu_t2,0,122223,29909,0,11.6381,0.6820,0.1442,0,12.4642,0
57,cpu_t2,1,122223,29909,0,7.1842,0.6701,0.1410,0,7.9952,0
57,cpu_t2,2,122223,29909,0,4.7728,0.9193,0.2135,0,5.9056,0
57,cpu_t2,3,122223,29909,0,4.8547,0.6682,0.1404,0,5.6633,0
57,cpu_t2,4,122223,29909,0,9.5808,0.7080,0.1418,0,10.4306,0
57,cpu_t4,0,122223,29909,0,5.5981,0.4225,0.1398,0,6.1604,0
57,cpu_t4,1,122223,29909,0,4.2904,0.6870,0.1406,0,5.1180,0
57,cpu_t4,2,122223,29909,0,6.2355,0.4137,0.1415,0,6.7907,0
57,cpu_t4,3,122223,29909,0,3.6780,0.3963,0.1425,0,4.2168,0
57,cpu_t4,4,122223,29909,0,13.1133,0.3694,0.1455,0,13.6282,0
57,cpu_t8,0,122223,29909,0,9.0738,0.3987,0.1404,0,9.6129,0
57,cpu_t8,1,122223,29909,0,7.3861,0.3023,0.1849,0,7.8732,0
57,cpu_t8,2,122223,29909,0,6.6179,0.3742,0.1898,0,7.1819,0
57,cpu_t8,3,122223,29909,0,7.3007,0.3767,0.1412,0,7.8186,0
57,cpu_t8,4,122223,29909,0,3.6775,0.3937,0.1400,0,4.2112,0
57,cpu_t16,0,122223,29909,0,0.7253,0.1930,0.1807,0,1.0991,0
57,cpu_t16,1,122223,29909,0,0.7690,0.1911,0.1886,0,1.1487,0
57,cpu_t16,2,122223,29909,0,0.7457,0.1799,0.1723,0,1.0979,0
57,cpu_t16,3,122223,29909,0,0.9791,0.4144,0.1740,0,1.5675,0
57,cpu_t16,4,122223,29909,0,1.3069,0.2795,0.1742,0,1.7607,0
57,gpu_thrust_uf,0,122223,29909,0.0784,0.8395,0.0430,0.1210,0.0297,1.0525,0
57,gpu_thrust_uf,1,122223,29909,0.0814,0.7488,0.0345,0.1107,0.0321,0.9591,0
57,gpu_thrust_uf,2,122223,29909,0.0783,0.6440,0.0369,0.1106,0.0296,0.8504,0
57,gpu_thrust_uf,3,122223,29909,0.0830,0.8410,0.0334,0.1116,0.0362,1.0368,0
57,gpu_thrust_uf,4,122223,29909,0.0763,1.7146,0.0676,0.1517,0.0290,1.8944,0
57,gpu_hash_uf,0,122223,29909,0.0759,1.1829,0.0788,0.1690,0.1072,1.5024,0
57,gpu_hash_uf,1,122223,29909,0.0788,0.6697,0.0911,0.4793,0.1246,1.3831,0
57,gpu_hash_uf,2,122223,29909,0.0768,1.3700,0.0307,0.1108,0.0317,1.5326,0
57,gpu_hash_uf,3,122223,29909,0.0780,0.6188,0.1516,0.2305,0.1187,1.1575,0
57,gpu_hash_uf,4,122223,29909,0.0861,0.5577,0.1369,0.2970,0.1184,1.1215,0
57,gpu_hash_prop,0,122223,29909,0.0798,0.2034,0.0369,12.1897,0.0225,11.5066,135
57,gpu_hash_prop,1,122223,29909,0.0804,0.1823,0.0359,8.8918,0.1148,8.5513,135
57,gpu_hash_prop,2,122223,29909,0.0870,0.7696,0.1505,18.7689,0.0200,18.1729,135
57,gpu_hash_prop,3,122223,29909,0.1021,0.8998,0.0337,7.4007,0.0284,7.7824,135
57,gpu_hash_prop,4,122223,29909,0.0767,0.1866,0.0328,10.8158,0.0328,10.2349,135
58,cpu_t1,0,122415,30197,0,3.6914,1.2476,0.1425,0,5.0816,0
58,cpu_t1,1,122415,30197,0,3.6647,1.2890,0.1303,0,5.0840,0
58,cpu_t1,2,122415,30197,0,3.6815,1.2368,0.1427,0,5.0610,0
58,cpu_t1,3,122415,30197,0,3.6801,1.2354,0.1293,0,5.0448,0
58,cpu_t1,4,122415,30197,0,3.6979,1.2478,0.1392,0,5.0849,0
58,cpu_t2,0,122415,30197,0,8.8627,0.6587,0.1556,0,9.6770,0
58,cpu_t2,1,122415,30197,0,4.1323,0.7133,0.1333,0,4.9789,0
58,cpu_t2,2,122415,30197,0,15.9716,1.2053,0.1316,0,17.3086,0
58,cpu_t2,3,122415,30197,0,5.9558,0.6766,0.1329,0,6.7653,0
58,cpu_t2,4,122415,30197,0,2.1541,0.6620,0.1593,0,2.9753,0
58,cpu_t4,0,122415,30197,0,4.0783,0.6444,0.1642,0,4.8870,0
58,cpu_t4,1,122415,30197,0,4.3545,0.3343,0.1346,0,4.8235,0
58,cpu_t4,2,122415,30197,0,8.1074,0.3577,0.1503,0,8.6155,0
58,cpu_t4,3,122415,30197,0,6.4024,0.6924,0.1327,0,7.2275,0
58,cpu_t4,4,122415,30197,0,21.8859,0.3508,0.1320,0,22.3687,0
58,cpu_t8,0,122415,30197,0,12.9031,0.3815,0.1324,0,13.4170,0
58,cpu_t8,1,122415,30197,0,1.5167,0.3593,0.1326,0,2.0087,0
58,cpu_t8,2,122415,30197,0,8.7292,0.3542,0.1465,0,9.2299,0
58,cpu_t8,3,122415,30197,0,16.6225,0.3372,0.1717,0,17.1313,0
58,cpu_t8,4,122415,30197,0,16.5556,0.3415,0.1661,0,17.0631,0
58,cpu_t16,0,122415,30197,0,9.6296,0.3302,0.1701,0,10.1298,0
58,cpu_t16,1,122415,30197,0,1.2849,0.3476,0.1653,0,1.7978,0
58,cpu_t16,2,122415,30197,0,1.2837,0.3210,0.1628,0,1.7675,0
58,cpu_t16,3,122415,30197,0,1.3015,0.3379,0.1627,0,1.8021,0
58,cpu_t16,4,122415,30197,0,1.2886,0.3778,0.1718,0,1.8382,0
58,gpu_thrust_uf,0,122415,30197,0.0940,1.1730,0.0594,0.1598,0.0499,1.4407,0
58,gpu_thrust_uf,1,122415,30197,0.0833,0.7292,0.0502,0.1608,0.0233,0.9967,0
58,gpu_thrust_uf,2,122415,30197,0.0802,0.7730,0.0502,0.1608,0.0235,1.0205,0
58,gpu_thrust_uf,3,122415,30197,0.0795,1.7569,0.0573,0.1618,0.0343,1.9361,0
58,gpu_thrust_uf,4,122415,30197,0.0775,0.9056,0.0471,0.1608,0.0373,1.1501,0
58,gpu_hash_uf,0,122415,30197,0.0775,0.2222,0.0461,0.1597,0.0319,0.5130,0
58,gpu_hash_uf,1,122415,30197,0.0776,1.8698,0.0440,0.1608,0.0352,2.0367,0
58,gpu_hash_uf,2,122415,30197,0.1802,1.2049,0.0594,0.1649,0.0549,1.5551,0
58,gpu_hash_uf,3,122415,30197,0.0777,0.2094,0.0470,0.1608,0.0142,0.5024,0
58,gpu_hash_uf,4,122415,30197,0.0764,0.2312,0.0461,0.1607,0.0300,0.5262,0
58,gpu_hash_prop,0,122415,30197,0.0764,0.2362,0.0461,10.4202,0.0265,9.9282,133
58,gpu_hash_prop,1,122415,30197,0.0775,0.2135,0.0520,11.1104,0.0225,10.5371,133
58,gpu_hash_prop,2,122415,30197,0.0765,0.2286,0.0522,7.6012,0.0256,7.3364,133
58,gpu_hash_prop,3,122415,30197,0.0799,0.6835,0.0451,12.4221,0.0635,12.2033,133
58,gpu_hash_prop,4,122415,30197,0.0766,0.2550,0.0440,12.0730,0.0291,11.4574,133
59,cpu_t1,0,122405,30474,0,3.6791,1.2838,0.1413,0,5.1042,0
59,cpu_t1,1,122405,30474,0,3.6613,1.2719,0.1424,0,5.0756,0
59,cpu_t1,2,122405,30474,0,3.6746,1.2951,0.1411,0,5.1108,0
59,cpu_t1,3,122405,30474,0,3.6769,1.2642,0.1399,0,5.0811,0
59,cpu_t1,4,122405,30474,0,3.6281,1.2908,0.1396,0,5.0585,0
59,cpu_t2,0,122405,30474,0,6.8126,0.7229,0.1422,0,7.6776,0
59,cpu_t2,1,122405,30474,0,1.6096,0.7084,0.1435,0,2.4616,0
59,cpu_t2,2,122405,30474,0,2.3664,0.6668,0.1469,0,3.1801,0
59,cpu_t2,3,122405,30474,0,11.5569,0.6880,0.1428,0,12.3877,0
59,cpu_t2,4,122405,30474,0,7.5408,0.6678,0.1413,0,8.3499,0
59,cpu_t4,0,122405,30474,0,1.5644,0.6591,0.1744,0,2.3978,0
59,cpu_t4,1,122405,30474,0,2.0331,0.5141,0.1535,0,2.7007,0
59,cpu_t4,2,122405,30474,0,9.9388,0.4264,0.1454,0,10.5106,0
59,cpu_t4,3,122405,30474,0,1.4687,0.7070,0.1761,0,2.3518,0
59,cpu_t4,4,122405,30474,0,1.9808,0.5080,0.1440,0,2.6328,0
59,cpu_t8,0,122405,30474,0,4.9333,0.3830,0.1429,0,5.4591,0
59,cpu_t8,1,122405,30474,0,1.1293,0.3606,0.1458,0,1.6357,0
59,cpu_t8,2,122405,30474,0,9.0609,0.3364,0.1757,0,9.5731,0
59,cpu_t8,3,122405,30474,0,13.8426,0.3708,0.1436,0,14.3571,0
59,cpu_t8,4,122405,30474,0,8.9452,0.3665,0.1650,0,9.4767,0
59,cpu_t16,0,122405,30474,0,0.7170,0.1980,0.1820,0,1.0971,0
59,cpu_t16,1,122405,30474,0,0.7468,0.1944,0.1775,0,1.1187,0
59,cpu_t16,2,122405,30474,0,0.7179,0.1961,0.1827,0,1.0967,0
59,cpu_t16,3,122405,30474,0,1.3803,0.3163,0.1911,0,1.8878,0
59,cpu_t16,4,122405,30474,0,1.2625,0.3439,0.1826,0,1.7890,0
59,gpu_thrust_uf,0,122405,30474,0.0898,2.0352,0.0471,0.1720,0.0316,2.2087,0
59,gpu_thrust_uf,1,122405,30474,0.0918,1.6541,0.0469,0.1874,0.0276,1.8697,0
59,gpu_thrust_uf,2,122405,30474,0.0766,0.8849,0.0963,0.2519,0.0284,1.2502,0
59,gpu_thrust_uf,3,122405,30474,0.0766,0.7704,0.0942,0.2488,0.0296,1.1450,0
59,gpu_thrust_uf,4,122405,30474,0.0764,0.8718,0.0460,0.2284,0.0296,1.1771,0
59,gpu_hash_uf,0,122405,30474,0.0777,0.3677,0.0942,0.2519,0.0329,0.7816,0
59,gpu_hash_uf,1,122405,30474,0.0764,1.2463,0.0471,0.1710,0.0292,1.4645,0
59,gpu_hash_uf,2,122405,30474,0.0776,0.5091,0.0727,0.1710,0.0400,0.8279,0
59,gpu_hash_uf,3,122405,30474,0.1272,0.3553,0.1044,0.2796,0.0274,0.8520,0
59,gpu_hash_uf,4,122405,30474,0.0921,2.1439,0.0461,0.1720,0.0348,2.3153,0
59,gpu_hash_prop,0,122405,30474,0.0805,0.3787,0.1126,19.2379,0.0328,18.2103,160
59,gpu_hash_prop,1,122405,30474,0.0982,0.3748,0.0919,16.1352,0.0255,15.3556,160
59,gpu_hash_prop,2,122405,30474,0.0830,0.2581,0.0696,13.9837,0.0236,13.2393,160
59,gpu_hash_prop,3,122405,30474,0.0796,0.2701,0.0492,13.9267,0.0523,13.1983,160
59,gpu_hash_prop,4,122405,30474,0.0801,0.2096,0.0532,10.4530,0.0238,9.9378,160
60,cpu_t1,0,122421,30658,0,3.6169,1.3542,0.1439,0,5.1150,0
60,cpu_t1,1,122421,30658,0,3.6374,1.3281,0.1422,0,5.1077,0
60,cpu_t1,2,122421,30658,0,3.6178,1.3550,0.1429,0,5.1156,0
60,cpu_t1,3,122421,30658,0,3.6204,1.3280,0.1421,0,5.0906,0
60,cpu_t1,4,122421,30658,0,3.6404,1.3300,0.1416,0,5.1120,0
60,cpu_t2,0,122421,30658,0,4.5096,0.7575,0.1461,0,5.4131,0
60,cpu_t2,1,122421,30658,0,2.3773,0.7032,0.1573,0,3.2379,0
60,cpu_t2,2,122421,30658,0,4.1596,0.7216,0.1467,0,5.0279,0
60,cpu_t2,3,122421,30658,0,7.2560,1.3882,0.1770,0,8.8213,0
60,cpu_t2,4,122421,30658,0,2.3732,0.9091,0.1471,0,3.4294,0
60,cpu_t4,0,122421,30658,0,5.7446,0.4865,0.1463,0,6.3774,0
60,cpu_t4,1,122421,30658,0,7.0866,0.3944,0.1468,0,7.6278,0
60,cpu_t4,2,122421,30658,0,4.8857,0.4380,0.1456,0,5.4692,0
60,cpu_t4,3,122421,30658,0,9.5985,0.3496,0.1453,0,10.0935,0
60,cpu_t4,4,122421,30658,0,15.9685,0.4027,0.1699,0,16.5411,0
60,cpu_t8,0,122421,30658,0,3.8501,0.3747,0.1806,0,4.4054,0
60,cpu_t8,1,122421,30658,0,3.6545,0.3771,0.1462,0,4.1778,0
60,cpu_t8,2,122421,30658,0,1.1091,0.3835,0.3078,0,1.8004,0
60,cpu_t8,3,122421,30658,0,1.8284,0.3743,0.1452,0,2.3479,0
60,cpu_t8,4,122421,30658,0,1.5403,0.3760,0.1441,0,2.0604,0
60,cpu_t16,0,122421,30658,0,1.3035,0.3303,0.1771,0,1.8109,0
60,cpu_t16,1,122421,30658,0,1.3521,0.3167,0.1761,0,1.8450,0
60,cpu_t16,2,122421,30658,0,1.1332,0.2530,0.1776,0,1.5637,0
60,cpu_t16,3,122421,30658,0,0.6989,0.1956,0.1893,0,1.0838,0
60,cpu_t16,4,122421,30658,0,0.7068,0.1909,0.1787,0,1.0764,0
60,gpu_thrust_uf,0,122421,30658,0.0856,0.8040,0.0512,0.1884,0.0263,1.0959,0
60,gpu_thrust_uf,1,122421,30658,0.0780,0.6955,0.0492,0.1884,0.0266,0.9876,0
60,gpu_thrust_uf,2,122421,30658,0.0816,0.7069,0.0502,0.1884,0.0250,0.9947,0
60,gpu_thrust_uf,3,122421,30658,0.0779,2.1264,0.0471,0.1905,0.0254,2.2863,0
60,gpu_thrust_uf,4,122421,30658,0.1961,1.7375,0.0481,0.1884,0.0283,2.0445,0
60,gpu_hash_uf,0,122421,30658,0.0764,0.2521,0.0829,0.1884,0.0255,0.5974,0
60,gpu_hash_uf,1,122421,30658,0.0794,0.2354,0.0502,0.1894,0.0247,0.5541,0
60,gpu_hash_uf,2,122421,30658,0.0775,0.2529,0.0748,0.2048,0.0261,0.6065,0
60,gpu_hash_uf,3,122421,30658,0.0799,0.2765,0.0748,0.1884,0.0248,0.6144,0
60,gpu_hash_uf,4,122421,30658,0.0793,0.2045,0.0492,0.1894,0.0268,0.5269,0
60,gpu_hash_prop,0,122421,30658,0.0776,0.2494,0.0551,9.7823,0.0312,9.3662,141
60,gpu_hash_prop,1,122421,30658,0.0767,0.2445,0.0799,12.7744,0.0251,12.1203,141
60,gpu_hash_prop,2,122421,30658,0.0801,0.2813,0.0512,12.2040,0.0195,11.6022,141
60,gpu_hash_prop,3,122421,30658,0.0824,0.2072,0.0543,12.8236,0.0465,12.1357,141
60,gpu_hash_prop,4,122421,30658,0.0796,0.2647,0.0748,12.4416,0.0349,11.8439,141
61,cpu_t1,0,122306,30756,0,3.6422,1.2914,0.1443,0,5.0778,0
61,cpu_t1,1,122306,30756,0,3.6058,1.2946,0.1462,0,5.0466,0
61,cpu_t1,2,122306,30756,0,4.0980,1.2866,0.1472,0,5.5319,0
61,cpu_t1,3,122306,30756,0,3.6288,1.2964,0.1423,0,5.0675,0
61,cpu_t1,4,122306,30756,0,3.6650,1.3174,0.1421,0,5.1245,0
61,cpu_t2,0,122306,30756,0,2.0630,0.7269,0.1481,0,2.9380,0
61,cpu_t2,1,122306,30756,0,4.3209,0.7198,0.1453,0,5.1861,0
61,cpu_t2,2,122306,30756,0,1.6540,0.7437,0.1469,0,2.5446,0
61,cpu_t2,3,122306,30756,0,4.1097,0.7405,0.1454,0,4.9956,0
61,cpu_t2,4,122306,30756,0,9.8837,0.7071,0.1468,0,10.7376,0
61,cpu_t4,0,122306,30756,0,1.4769,0.3819,0.1448,0,2.0035,0
61,cpu_t4,1,122306,30756,0,1.4189,0.3910,0.1470,0,1.9569,0
61,cpu_t4,2,122306,30756,0,4.4768,0.4854,0.1747,0,5.1369,0
61,cpu_t4,3,122306,30756,0,10.7920,0.3532,0.1461,0,11.2913,0
61,cpu_t4,4,122306,30756,0,10.0219,0.6787,0.1898,0,10.8904,0
61,cpu_t8,0,122306,30756,0,15.8699,0.3961,0.1482,0,16.4143,0
61,cpu_t8,1,122306,30756,0,1.3228,0.3991,0.2007,0,1.9226,0
61,cpu_t8,2,122306,30756,0,1.0406,0.3756,0.1544,0,1.5706,0
61,cpu_t8,3,122306,30756,0,6.9517,0.3651,0.1456,0,7.4625,0
61,cpu_t8,4,122306,30756,0,10.5125,0.3442,0.1460,0,11.0027,0
61,cpu_t16,0,122306,30756,0,0.7375,0.1911,0.1807,0,1.1093,0
61,cpu_t16,1,122306,30756,0,0.7070,0.1999,0.1791,0,1.0860,0
61,cpu_t16,2,122306,30756,0,0.6953,0.1909,0.1790,0,1.0652,0
61,cpu_t16,3,122306,30756,0,0.7186,0.1992,0.1811,0,1.0990,0
61,cpu_t16,4,122306,30756,0,0.7591,0.1905,0.1784,0,1.1279,0
61,gpu_thrust_uf,0,122306,30756,0.0816,0.8814,0.0973,0.2816,0.0288,1.2945,0
61,gpu_thrust_uf,1,122306,30756,0.0775,0.7797,0.0553,0.1700,0.0254,1.0428,0
61,gpu_thrust_uf,2,122306,30756,0.0763,1.6288,0.0481,0.1710,0.0265,1.8120,0
61,gpu_thrust_uf,3,122306,30756,0.0777,2.8132,0.0481,0.1710,0.0262,2.9053,0
61,gpu_thrust_uf,4,122306,30756,0.0778,0.8273,0.0553,0.1700,0.0260,1.0889,0
61,gpu_hash_uf,0,122306,30756,0.0816,0.2627,0.0553,0.1690,0.0260,0.5721,0
61,gpu_hash_uf,1,122306,30756,0.0777,0.2081,0.0502,0.1700,0.0261,0.5105,0
61,gpu_hash_uf,2,122306,30756,0.0802,0.2061,0.0522,0.1700,0.0222,0.5100,0
61,gpu_hash_uf,3,122306,30756,0.0764,0.2489,0.0553,0.1700,0.0248,0.5508,0
61,gpu_hash_uf,4,122306,30756,0.0775,0.2022,0.0522,0.1690,0.0255,0.5052,0
61,gpu_hash_prop,0,122306,30756,0.0854,1.9062,0.0492,9.3972,0.0168,10.5206,154
61,gpu_hash_prop,1,122306,30756,0.0763,0.2449,0.0563,13.1164,0.0323,12.4151,154
61,gpu_hash_prop,2,122306,30756,0.0870,0.2273,0.0539,11.7547,0.0238,11.1511,154
61,gpu_hash_prop,3,122306,30756,0.0777,0.2085,0.0563,7.9002,0.0223,7.5958,154
61,gpu_hash_prop,4,122306,30756,0.0775,0.2166,0.0532,22.3314,0.0370,20.8424,154
62,cpu_t1,0,122266,30838,0,4.1919,1.3210,0.1411,0,5.6540,0
62,cpu_t1,1,122266,30838,0,3.6616,1.2748,0.1392,0,5.0756,0
62,cpu_t1,2,122266,30838,0,3.7030,1.2860,0.1397,0,5.1287,0
62,cpu_t1,3,122266,30838,0,3.6614,1.2844,0.1394,0,5.0853,0
62,cpu_t1,4,122266,30838,0,3.6552,1.2986,0.1404,0,5.0942,0
62,cpu_t2,0,122266,30838,0,11.4670,0.6659,0.1414,0,12.2743,0
62,cpu_t2,1,122266,30838,0,18.3400,0.7115,0.1629,0,19.2144,0
62,cpu_t2,2,122266,30838,0,2.1780,0.7030,0.1574,0,3.0384,0
62,cpu_t2,3,122266,30838,0,2.0029,0.6718,0.1552,0,2.8300,0
62,cpu_t2,4,122266,30838,0,7.5173,0.6862,0.1420,0,8.3455,0
62,cpu_t4,0,122266,30838,0,7.1935,0.5919,0.1627,0,7.9481,0
62,cpu_t4,1,122266,30838,0,9.8704,0.3444,0.1428,0,10.3576,0
62,cpu_t4,2,122266,30838,0,12.6269,0.4661,0.1417,0,13.2347,0
62,cpu_t4,3,122266,30838,0,13.1895,0.3433,0.1414,0,13.6742,0
62,cpu_t4,4,122266,30838,0,5.9945,0.4184,0.1417,0,6.5545,0
62,cpu_t8,0,122266,30838,0,5.3084,0.3697,0.2034,0,5.8816,0
62,cpu_t8,1,122266,30838,0,6.8660,0.3885,0.1411,0,7.3955,0
62,cpu_t8,2,122266,30838,0,11.9290,0.3376,0.1431,0,12.4097,0
62,cpu_t8,3,122266,30838,0,1.6752,0.3353,0.1418,0,2.1524,0
62,cpu_t8,4,122266,30838,0,1.6249,0.3133,0.1419,0,2.0801,0
62,cpu_t16,0,122266,30838,0,1.3174,0.2947,0.1797,0,1.7919,0
62,cpu_t16,1,122266,30838,0,1.2822,0.3138,0.1810,0,1.7770,0
62,cpu_t16,2,122266,30838,0,1.3441,0.6525,0.1890,0,2.1856,0
62,cpu_t16,3,122266,30838,0,1.3019,0.4918,0.1803,0,1.9740,0
62,cpu_t16,4,122266,30838,0,1.6150,0.3933,0.1798,0,2.1881,0
62,gpu_thrust_uf,0,122266,30838,0.0797,1.0526,0.0614,0.2877,0.0659,1.4594,0
62,gpu_thrust_uf,1,122266,30838,0.0807,0.7329,0.0584,0.2284,0.0240,1.0614,0
62,gpu_thrust_uf,2,122266,30838,0.0804,0.7562,0.0768,0.2294,0.0228,1.0888,0
62,gpu_thrust_uf,3,122266,30838,0.0775,0.7148,0.0543,0.2284,0.0224,1.0297,0
62,gpu_thrust_uf,4,122266,30838,0.0814,0.7351,0.0881,0.2294,0.0199,1.0894,0
62,gpu_hash_uf,0,122266,30838,0.0775,0.2056,0.0512,0.2284,0.0223,0.5563,0
62,gpu_hash_uf,1,122266,30838,0.0764,0.2268,0.0707,0.2284,0.0281,0.6001,0
62,gpu_hash_uf,2,122266,30838,0.0778,1.1821,0.0850,0.2284,0.0246,1.5011,0
62,gpu_hash_uf,3,122266,30838,0.0795,0.2085,0.0553,0.2284,0.0332,0.5804,0
62,gpu_hash_uf,4,122266,30838,0.0774,2.5661,0.0502,0.2294,0.0365,2.7372,0
62,gpu_hash_prop,0,122266,30838,0.0764,0.2260,0.0502,14.4691,0.0247,13.6303,157
62,gpu_hash_prop,1,122266,30838,0.0765,0.2201,0.0543,13.0949,0.0419,12.3839,157
62,gpu_hash_prop,2,122266,30838,0.0793,0.2277,0.0543,13.2127,0.0253,12.4884,157
62,gpu_hash_prop,3,122266,30838,0.0776,0.3021,0.0584,10.5236,0.0245,10.0906,157
62,gpu_hash_prop,4,122266,30838,0.0797,0.2392,0.0563,10.8310,0.0482,10.3356,157
63,cpu_t1,0,122270,30844,0,3.6967,1.3947,0.1415,0,5.2329,0
63,cpu_t1,1,122270,30844,0,3.5795,1.3932,0.1419,0,5.1146,0
63,cpu_t1,2,122270,30844,0,3.6284,1.3162,0.1410,0,5.0856,0
63,cpu_t1,3,122270,30844,0,3.6389,1.3200,0.1558,0,5.1147,0
63,cpu_t1,4,122270,30844,0,3.6055,1.3610,0.1400,0,5.1064,0
63,cpu_t2,0,122270,30844,0,22.4181,0.6962,0.1429,0,23.2572,0
63,cpu_t2,1,122270,30844,0,7.4077,0.7000,0.1447,0,8.2525,0
63,cpu_t2,2,122270,30844,0,7.0703,0.6833,0.1432,0,7.8968,0
63,cpu_t2,3,122270,30844,0,4.6776,0.7364,0.1444,0,5.5584,0
63,cpu_t2,4,122270,30844,0,4.0314,0.6810,0.1446,0,4.8569,0
63,cpu_t4,0,122270,30844,0,1.4281,0.3716,0.1443,0,1.9440,0
63,cpu_t4,1,122270,30844,0,1.3643,0.3529,0.1427,0,1.8599,0
63,cpu_t4,2,122270,30844,0,9.9959,0.6909,0.1768,0,10.8637,0
63,cpu_t4,3,122270,30844,0,5.5622,0.3631,0.1500,0,6.0753,0
63,cpu_t4,4,122270,30844,0,4.6971,0.3972,0.1436,0,5.2380,0
63,cpu_t8,0,122270,30844,0,1.2227,0.3575,0.1728,0,1.7531,0
63,cpu_t8,1,122270,30844,0,1.1916,0.3721,0.1740,0,1.7376,0
63,cpu_t8,2,122270,30844,0,8.8681,0.3350,0.1568,0,9.3598,0
63,cpu_t8,3,122270,30844,0,3.4766,0.3369,0.1586,0,3.9721,0
63,cpu_t8,4,122270,30844,0,12.0293,0.4115,0.1505,0,12.5913,0
63,cpu_t16,0,122270,30844,0,1.2666,0.1995,0.1765,0,1.6425,0
63,cpu_t16,1,122270,30844,0,0.7251,0.2078,0.1767,0,1.1097,0
63,cpu_t16,2,122270,30844,0,1.0080,0.4228,0.2072,0,1.6380,0
63,cpu_t16,3,122270,30844,0,1.5174,0.3825,0.2049,0,2.1048,0
63,cpu_t16,4,122270,30844,0,1.2849,0.3117,0.2373,0,1.8339,0
63,gpu_thrust_uf,0,122270,30844,0.0799,0.9288,0.0584,0.2580,0.0354,1.2909,0
63,gpu_thrust_uf,1,122270,30844,0.0820,0.8395,0.0809,0.2580,0.0195,1.2046,0
63,gpu_thrust_uf,2,122270,30844,0.0763,0.8325,0.0584,0.2591,0.0263,1.1710,0
63,gpu_thrust_uf,3,122270,30844,0.0798,0.7973,0.0614,0.2580,0.0304,1.1483,0
63,gpu_thrust_uf,4,122270,30844,0.0765,0.9045,0.0573,0.2591,0.0327,1.2423,0
63,gpu_hash_uf,0,122270,30844,0.0793,0.2805,0.0901,0.2580,0.0352,0.7010,0
63,gpu_hash_uf,1,122270,30844,0.0776,1.3473,0.0582,0.2601,0.0355,1.7257,0
63,gpu_hash_uf,2,122270,30844,0.0822,2.4136,0.0573,0.2580,0.0236,2.6326,0
63,gpu_hash_uf,3,122270,30844,0.0809,0.2132,0.0584,0.2591,0.0245,0.6038,0
63,gpu_hash_uf,4,122270,30844,0.0796,0.2183,0.0625,0.2580,0.0382,0.6244,0
63,gpu_hash_prop,0,122270,30844,0.0792,1.4007,0.0584,11.7463,0.0200,12.2157,169
63,gpu_hash_prop,1,122270,30844,0.0796,0.2604,0.0983,14.7672,0.0460,14.0000,169
63,gpu_hash_prop,2,122270,30844,0.0848,0.4776,0.0543,16.2048,0.0266,15.4658,169
63,gpu_hash_prop,3,122270,30844,0.0766,0.2349,0.0932,13.3133,0.0209,12.6140,169
63,gpu_hash_prop,4,122270,30844,0.0777,0.2130,0.0584,13.1348,0.0222,12.3967,169
64,cpu_t1,0,122376,30816,0,3.6989,1.3855,0.1410,0,5.2254,0
64,cpu_t1,1,122376,30816,0,3.6840,1.3813,0.1393,0,5.2047,0
64,cpu_t1,2,122376,30816,0,3.7045,1.4658,0.1418,0,5.3121,0
64,cpu_t1,3,122376,30816,0,3.7065,1.3782,0.1383,0,5.2229,0
64,cpu_t1,4,122376,30816,0,3.7012,1.3629,0.1385,0,5.2025,0
64,cpu_t2,0,122376,30816,0,3.8325,0.6414,0.1413,0,4.6152,0
64,cpu_t2,1,122376,30816,0,6.2830,0.6939,0.1549,0,7.1318,0
64,cpu_t2,2,122376,30816,0,9.8807,0.6590,0.1410,0,10.6807,0
64,cpu_t2,3,122376,30816,0,3.9005,0.7764,0.1708,0,4.8477,0
64,cpu_t2,4,122376,30816,0,2.1327,0.6535,0.1406,0,2.9269,0
64,cpu_t4,0,122376,30816,0,1.3687,0.6747,0.1425,0,2.1858,0
64,cpu_t4,1,122376,30816,0,11.8089,0.3551,0.1414,0,12.3054,0
64,cpu_t4,2,122376,30816,0,5.6040,0.4169,0.1417,0,6.1626,0
64,cpu_t4,3,122376,30816,0,3.7133,0.3453,0.1415,0,4.2000,0
64,cpu_t4,4,122376,30816,0,12.9880,0.7016,0.1742,0,13.8639,0
64,cpu_t8,0,122376,30816,0,3.7936,0.3602,0.1684,0,4.3222,0
64,cpu_t8,1,122376,30816,0,3.4752,0.3636,0.1642,0,4.0030,0
64,cpu_t8,2,122376,30816,0,1.2534,0.3335,0.1418,0,1.7287,0
64,cpu_t8,3,122376,30816,0,1.1291,0.4760,0.1822,0,1.7872,0
64,cpu_t8,4,122376,30816,0,1.7477,0.3421,0.1690,0,2.2587,0
64,cpu_t16,0,122376,30816,0,1.2968,0.3217,0.1731,0,1.7917,0
64,cpu_t16,1,122376,30816,0,1.2380,0.6489,0.2125,0,2.0994,0
64,cpu_t16,2,122376,30816,0,1.3121,0.3777,0.1767,0,1.8665,0
64,cpu_t16,3,122376,30816,0,1.3406,0.3539,0.1705,0,1.8650,0
64,cpu_t16,4,122376,30816,0,1.3106,0.3317,0.1706,0,1.8128,0
64,gpu_thrust_uf,0,122376,30816,0.3163,0.7663,0.0860,0.3768,0.0243,1.4789,0
64,gpu_thrust_uf,1,122376,30816,0.2926,0.6422,0.0604,0.3799,0.0280,1.3116,0
64,gpu_thrust_uf,2,122376,30816,0.2952,0.7387,0.1157,0.3758,0.0291,1.4495,0
64,gpu_thrust_uf,3,122376,30816,0.2925,0.6377,0.0614,0.3758,0.0308,1.3099,0
64,gpu_thrust_uf,4,122376,30816,0.2937,2.2794,0.0665,0.3820,0.0391,2.8303,0
64,gpu_hash_uf,0,122376,30816,0.2933,0.3189,0.0850,0.3768,0.0329,1.0380,0
64,gpu_hash_uf,1,122376,30816,0.2922,0.2790,0.0614,0.3768,0.0632,1.0092,0
64,gpu_hash_uf,2,122376,30816,0.2923,0.2591,0.0563,0.4035,0.0268,0.9848,0
64,gpu_hash_uf,3,122376,30816,0.2924,0.2899,0.0614,0.3799,0.0356,0.9953,0
64,gpu_hash_uf,4,122376,30816,0.2922,0.2981,0.0850,0.3758,0.0350,1.0228,0
64,gpu_hash_prop,0,122376,30816,0.2942,0.3191,0.0614,28.5573,0.0322,26.8437,156
64,gpu_hash_prop,1,122376,30816,0.2978,0.2966,0.0584,20.4339,0.0951,19.4461,156
64,gpu_hash_prop,2,122376,30816,0.2933,0.3997,0.1024,25.6696,0.0903,24.3673,156
64,gpu_hash_prop,3,122376,30816,0.0961,0.3649,0.0502,17.7746,0.1001,16.8797,156
64,gpu_hash_prop,4,122376,30816,0.0811,0.4801,0.0499,17.8322,0.0931,17.0171,156
65,cpu_t1,0,122474,30852,0,3.6639,1.4016,0.1408,0,5.2063,0
65,cpu_t1,1,122474,30852,0,3.6239,1.3844,0.1420,0,5.1504,0
65,cpu_t1,2,122474,30852,0,3.6481,1.4694,0.1395,0,5.2570,0
65,cpu_t1,3,122474,30852,0,3.7512,1.8183,0.1864,0,5.7560,0
65,cpu_t1,4,122474,30852,0,4.8076,1.7609,0.1921,0,6.7606,0
65,cpu_t2,0,122474,30852,0,22.0062,0.7246,0.1431,0,22.8740,0
65,cpu_t2,1,122474,30852,0,4.2411,0.6796,0.1431,0,5.0639,0
65,cpu_t2,2,122474,30852,0,17.5658,0.7313,0.1444,0,18.4415,0
65,cpu_t2,3,122474,30852,0,4.2488,0.7270,0.1432,0,5.1190,0
65,cpu_t2,4,122474,30852,0,9.7019,0.6585,0.1426,0,10.5030,0
65,cpu_t4,0,122474,30852,0,9.1770,0.7161,0.1747,0,10.0677,0
65,cpu_t4,1,122474,30852,0,18.8683,0.4055,0.1442,0,19.4180,0
65,cpu_t4,2,122474,30852,0,3.8446,0.4601,0.1432,0,4.4479,0
65,cpu_t4,3,122474,30852,0,21.5888,0.3557,0.1421,0,22.0867,0
65,cpu_t4,4,122474,30852,0,9.9053,0.3636,0.1435,0,10.4124,0
65,cpu_t8,0,122474,30852,0,4.3945,0.3992,0.1722,0,4.9659,0
65,cpu_t8,1,122474,30852,0,1.5349,0.3604,0.1811,0,2.0765,0
65,cpu_t8,2,122474,30852,0,1.0783,0.3728,0.1460,0,1.5971,0
65,cpu_t8,3,122474,30852,0,12.8691,0.3612,0.1440,0,13.3743,0
65,cpu_t8,4,122474,30852,0,17.1175,0.3699,0.1436,0,17.6311,0
65,cpu_t16,0,122474,30852,0,1.3328,0.3256,0.1775,0,1.8359,0
65,cpu_t16,1,122474,30852,0,1.2334,0.3985,0.1784,0,1.8104,0
65,cpu_t16,2,122474,30852,0,1.5163,0.4235,0.1739,0,2.1137,0
65,cpu_t16,3,122474,30852,0,1.2823,0.4768,0.1782,0,1.9373,0
65,cpu_t16,4,122474,30852,0,0.7750,0.2018,0.1818,0,1.1585,0
65,gpu_thrust_uf,0,122474,30852,0.0823,0.9532,0.0983,0.2939,0.0182,1.3598,0
65,gpu_thrust_uf,1,122474,30852,0.0765,0.8444,0.0573,0.2939,0.0180,1.2075,0
65,gpu_thrust_uf,2,122474,30852,0.0804,0.7357,0.0532,0.2939,0.0320,1.1216,0
65,gpu_thrust_uf,3,122474,30852,0.0776,0.8805,0.0543,0.2939,0.0243,1.2445,0
65,gpu_thrust_uf,4,122474,30852,0.0764,0.8721,0.0532,0.2939,0.0201,1.2333,0
65,gpu_hash_uf,0,122474,30852,0.0795,0.2568,0.0963,0.2929,0.0226,0.7223,0
65,gpu_hash_uf,1,122474,30852,0.0813,1.4437,0.0502,0.2929,0.0253,1.7663,0
65,gpu_hash_uf,2,122474,30852,0.0860,0.2341,0.0532,0.2949,0.0286,0.6707,0
65,gpu_hash_uf,3,122474,30852,0.0929,1.9842,0.0604,0.2929,0.0259,2.2752,0
65,gpu_hash_uf,4,122474,30852,0.0810,2.0931,0.0502,0.2929,0.0390,2.3732,0
65,gpu_hash_prop,0,122474,30852,0.0814,2.1483,0.0492,11.8487,0.0273,12.9974,175
65,gpu_hash_prop,1,122474,30852,0.0842,0.2681,0.0573,11.9245,0.0355,11.3747,175
65,gpu_hash_prop,2,122474,30852,0.1004,0.2851,0.0543,13.8639,0.0273,13.1651,175
65,gpu_hash_prop,3,122474,30852,0.0767,0.2819,0.0748,14.0176,0.0295,13.2976,175
65,gpu_hash_prop,4,122474,30852,0.1014,0.2801,0.0809,12.9403,0.0242,12.3362,175
66,cpu_t1,0,122627,30870,0,4.3477,1.4678,0.1451,0,5.9607,0
66,cpu_t1,1,122627,30870,0,3.7054,1.4291,0.1343,0,5.2687,0
66,cpu_t1,2,122627,30870,0,4.1870,1.3151,0.1390,0,5.6410,0
66,cpu_t1,3,122627,30870,0,3.6076,1.3041,0.1335,0,5.0452,0
66,cpu_t1,4,122627,30870,0,3.5914,1.3707,0.1579,0,5.1200,0
66,cpu_t2,0,122627,30870,0,1.7306,0.7238,0.1368,0,2.5912,0
66,cpu_t2,1,122627,30870,0,6.7660,0.7539,0.1375,0,7.6575,0
66,cpu_t2,2,122627,30870,0,4.2770,0.6697,0.1365,0,5.0833,0
66,cpu_t2,3,122627,30870,0,6.5801,0.6986,0.1358,0,7.4146,0
66,cpu_t2,4,122627,30870,0,1.9544,0.6889,0.1385,0,2.7818,0
66,cpu_t4,0,122627,30870,0,4.4644,0.4463,0.1475,0,5.0582,0
66,cpu_t4,1,122627,30870,0,9.3908,0.3561,0.1900,0,9.9370,0
66,cpu_t4,2,122627,30870,0,6.6216,0.6842,0.1362,0,7.4420,0
66,cpu_t4,3,122627,30870,0,4.8046,0.4264,0.1380,0,5.3690,0
66,cpu_t4,4,122627,30870,0,4.2478,0.3495,0.1560,0,4.7533,0
66,cpu_t8,0,122627,30870,0,6.8425,0.3534,0.1391,0,7.3349,0
66,cpu_t8,1,122627,30870,0,3.9771,0.3461,0.1390,0,4.4622,0
66,cpu_t8,2,122627,30870,0,4.1963,0.3717,0.1832,0,4.7512,0
66,cpu_t8,3,122627,30870,0,1.2675,0.3519,0.1739,0,1.7933,0
66,cpu_t8,4,122627,30870,0,18.7033,0.3620,0.1655,0,19.2308,0
66,cpu_t16,0,122627,30870,0,1.3077,0.3424,0.1640,0,1.8142,0
66,cpu_t16,1,122627,30870,0,1.2971,0.3431,0.1631,0,1.8034,0
66,cpu_t16,2,122627,30870,0,1.4174,0.4016,0.1687,0,1.9876,0
66,cpu_t16,3,122627,30870,0,1.3130,0.3298,0.1683,0,1.8110,0
66,cpu_t16,4,122627,30870,0,1.3568,0.2374,0.1663,0,1.7605,0
66,gpu_thrust_uf,0,122627,30870,0.0776,0.9516,0.1024,0.3041,0.0751,1.4224,0
66,gpu_thrust_uf,1,122627,30870,0.0970,0.7834,0.0532,0.2007,0.0203,1.0875,0
66,gpu_thrust_uf,2,122627,30870,0.0776,0.8170,0.0502,0.2847,0.0300,1.1800,0
66,gpu_thrust_uf,3,122627,30870,0.0768,0.8138,0.0573,0.2017,0.0262,1.1190,0
66,gpu_thrust_uf,4,122627,30870,0.1016,0.8499,0.0573,0.2007,0.0272,1.1650,0
66,gpu_hash_uf,0,122627,30870,0.0800,0.2665,0.0594,0.2017,0.0260,0.5969,0
66,gpu_hash_uf,1,122627,30870,0.0802,0.2773,0.0573,0.2007,0.0818,0.6619,0
66,gpu_hash_uf,2,122627,30870,0.0780,1.1861,0.0584,0.2017,0.0277,1.4498,0
66,gpu_hash_uf,3,122627,30870,0.0777,0.2849,0.0768,0.2273,0.0324,0.6669,0
66,gpu_hash_uf,4,122627,30870,0.0959,1.9494,0.0532,0.2017,0.0289,2.1592,0
66,gpu_hash_prop,0,122627,30870,0.0796,1.3615,0.0502,12.5573,0.0450,12.9399,177
66,gpu_hash_prop,1,122627,30870,0.0801,0.2786,0.0532,12.3761,0.0415,11.7831,177
66,gpu_hash_prop,2,122627,30870,0.0800,0.2216,0.0492,9.3010,0.0322,8.8952,177
66,gpu_hash_prop,3,122627,30870,0.0777,2.0779,0.0778,12.6474,0.0255,13.6834,177
66,gpu_hash_prop,4,122627,30870,0.0780,0.2542,0.0533,12.3320,0.0362,11.7121,177
67,cpu_t1,0,122763,31109,0,3.7808,1.3707,0.1681,0,5.3196,0
67,cpu_t1,1,122763,31109,0,3.6528,1.4193,0.1526,0,5.2247,0
67,cpu_t1,2,122763,31109,0,3.6139,1.4523,0.1487,0,5.2149,0
67,cpu_t1,3,122763,31109,0,3.6531,1.4123,0.1515,0,5.2169,0
67,cpu_t1,4,122763,31109,0,3.6494,1.3763,0.1499,0,5.1757,0
67,cpu_t2,0,122763,31109,0,3.8630,0.7177,0.1544,0,4.7351,0
67,cpu_t2,1,122763,31109,0,6.7164,0.7279,0.1519,0,7.5962,0
67,cpu_t2,2,122763,31109,0,6.8883,0.7516,0.1536,0,7.7935,0
67,cpu_t2,3,122763,31109,0,5.1867,0.7409,0.1529,0,6.0804,0
67,cpu_t2,4,122763,31109,0,3.9043,0.6852,0.1518,0,4.7412,0
67,cpu_t4,0,122763,31109,0,13.1558,0.3711,0.1556,0,13.6826,0
67,cpu_t4,1,122763,31109,0,10.0180,0.5277,0.1541,0,10.6999,0
67,cpu_t4,2,122763,31109,0,12.3311,0.4531,0.1684,0,12.9526,0
67,cpu_t4,3,122763,31109,0,5.4069,0.7641,0.1880,0,6.3590,0
67,cpu_t4,4,122763,31109,0,6.6314,0.7066,0.1532,0,7.4912,0
67,cpu_t8,0,122763,31109,0,7.2426,0.3693,0.1538,0,7.7656,0
67,cpu_t8,1,122763,31109,0,4.9982,0.3852,0.1874,0,5.5708,0
67,cpu_t8,2,122763,31109,0,3.9709,0.3799,0.1898,0,4.5407,0
67,cpu_t8,3,122763,31109,0,3.7941,0.3428,0.1890,0,4.3258,0
67,cpu_t8,4,122763,31109,0,20.6906,0.4078,0.1961,0,21.2945,0
67,cpu_t16,0,122763,31109,0,1.4484,0.4062,0.1906,0,2.0452,0
67,cpu_t16,1,122763,31109,0,1.3246,0.3357,0.1954,0,1.8558,0
67,cpu_t16,2,122763,31109,0,1.3577,0.3170,0.1957,0,1.8704,0
67,cpu_t16,3,122763,31109,0,1.3233,0.3516,0.1890,0,1.8638,0
67,cpu_t16,4,122763,31109,0,1.3099,0.2072,0.1959,0,1.7130,0
67,gpu_thrust_uf,0,122763,31109,0.0823,0.9775,0.0584,0.1997,0.0265,1.2678,0
67,gpu_thrust_uf,1,122763,31109,0.0778,0.7697,0.0829,0.1997,0.0245,1.0872,0
67,gpu_thrust_uf,2,122763,31109,0.0769,1.3388,0.0809,0.2007,0.0357,1.6152,0
67,gpu_thrust_uf,3,122763,31109,0.0858,0.7868,0.1116,0.1997,0.0253,1.1402,0
67,gpu_thrust_uf,4,122763,31109,0.0974,2.3047,0.0500,0.2396,0.0308,2.5259,0
67,gpu_hash_uf,0,122763,31109,0.0767,0.3958,0.0502,0.2263,0.0290,0.7407,0
67,gpu_hash_uf,1,122763,31109,0.0840,0.4916,0.0973,0.2529,0.0285,0.9005,0
67,gpu_hash_uf,2,122763,31109,0.0771,0.4480,0.0499,0.2376,0.0318,0.8000,0
67,gpu_hash_uf,3,122763,31109,0.0766,0.3982,0.0499,0.2284,0.0304,0.7426,0
67,gpu_hash_uf,4,122763,31109,0.0891,0.4070,0.0870,0.2212,0.0305,0.7965,0
67,gpu_hash_prop,0,122763,31109,0.0780,0.3451,0.0952,17.7521,0.0937,16.8678,153
67,gpu_hash_prop,1,122763,31109,0.0769,0.4389,0.0952,12.5082,0.0299,12.0743,153
67,gpu_hash_prop,2,122763,31109,0.0779,0.2891,0.0573,12.9239,0.0461,12.3043,153
67,gpu_hash_prop,3,122763,31109,0.0801,0.2623,0.0799,13.4676,0.0333,12.7824,153
67,gpu_hash_prop,4,122763,31109,0.0782,0.3216,0.0870,9.0798,0.0264,8.8152,153
68,cpu_t1,0,122850,31093,0,3.6961,1.3893,0.1330,0,5.2185,0
68,cpu_t1,1,122850,31093,0,3.7005,1.4042,0.1329,0,5.2376,0
68,cpu_t1,2,122850,31093,0,3.6752,1.4065,0.1324,0,5.2141,0
68,cpu_t1,3,122850,31093,0,3.6533,1.4553,0.1320,0,5.2406,0
68,cpu_t1,4,122850,31093,0,3.6784,1.4033,0.1323,0,5.2140,0
68,cpu_t2,0,122850,31093,0,7.7089,0.7682,0.1352,0,8.6123,0
68,cpu_t2,1,122850,31093,0,6.9051,0.6843,0.1347,0,7.7241,0
68,cpu_t2,2,122850,31093,0,7.2631,0.6869,0.1560,0,8.1060,0
68,cpu_t2,3,122850,31093,0,4.7813,0.6696,0.1339,0,5.5849,0
68,cpu_t2,4,122850,31093,0,15.3567,0.9790,0.1539,0,16.4896,0
68,cpu_t4,0,122850,31093,0,11.5042,0.7843,0.1489,0,12.4374,0
68,cpu_t4,1,122850,31093,0,9.7767,0.8165,0.1966,0,10.7898,0
68,cpu_t4,2,122850,31093,0,2.1719,0.4557,0.1947,0,2.8223,0
68,cpu_t4,3,122850,31093,0,5.4287,0.3829,0.1752,0,5.9868,0
68,cpu_t4,4,122850,31093,0,10.1657,0.8949,0.1552,0,11.2157,0
68,cpu_t8,0,122850,31093,0,21.2297,0.4026,0.2001,0,21.8324,0
68,cpu_t8,1,122850,31093,0,14.5050,0.4298,0.2092,0,15.1440,0
68,cpu_t8,2,122850,31093,0,20.3355,0.2843,0.1478,0,20.7676,0
68,cpu_t8,3,122850,31093,0,20.5850,0.3910,0.1848,0,21.1608,0
68,cpu_t8,4,122850,31093,0,4.4529,0.4012,0.1824,0,5.0365,0
68,cpu_t16,0,122850,31093,0,1.3853,0.3864,0.2197,0,1.9914,0
68,cpu_t16,1,122850,31093,0,1.5867,0.5259,0.1831,0,2.2956,0
68,cpu_t16,2,122850,31093,0,2.0130,0.3553,0.1847,0,2.5530,0
68,cpu_t16,3,122850,31093,0,1.5481,0.3478,0.1851,0,2.0810,0
68,cpu_t16,4,122850,31093,0,1.3280,0.2628,0.2441,0,1.8350,0
68,gpu_thrust_uf,0,122850,31093,0.0867,1.0414,0.0604,0.1792,0.0289,1.4387,0
68,gpu_thrust_uf,1,122850,31093,0.0824,0.7760,0.0584,0.1792,0.0506,1.1874,0
68,gpu_thrust_uf,2,122850,31093,0.0777,0.7744,0.0594,0.1792,0.0301,1.1475,0
68,gpu_thrust_uf,3,122850,31093,0.0804,0.8244,0.0543,0.1802,0.0374,1.2027,0
68,gpu_thrust_uf,4,122850,31093,0.0778,1.6458,0.0583,0.1792,0.0400,2.0349,0
68,gpu_hash_uf,0,122850,31093,0.0803,0.2343,0.0543,0.1782,0.0294,0.5986,0
68,gpu_hash_uf,1,122850,31093,0.0779,0.2896,0.0584,0.1792,0.0380,0.6716,0
68,gpu_hash_uf,2,122850,31093,0.0837,2.1132,0.0573,0.1802,0.0252,2.4935,0
68,gpu_hash_uf,3,122850,31093,0.0778,0.2313,0.0573,0.1792,0.0224,0.5979,0
68,gpu_hash_uf,4,122850,31093,0.0808,0.2183,0.0993,0.1792,0.0452,0.6454,0
68,gpu_hash_prop,0,122850,31093,0.0780,0.2697,0.0686,10.6916,0.0346,11.1675,182
68,gpu_hash_prop,1,122850,31093,0.0779,0.2368,0.0543,12.5542,0.0334,12.9801,182
68,gpu_hash_prop,2,122850,31093,0.0768,0.2325,0.0604,21.8542,0.1190,22.3721,182
68,gpu_hash_prop,3,122850,31093,0.0782,0.4879,0.0502,22.6253,0.1086,23.3814,182
68,gpu_hash_prop,4,122850,31093,0.0964,0.3902,0.0983,20.4390,0.1145,21.1671,182
69,cpu_t1,0,122945,31569,0,4.0528,1.5603,0.1589,0,5.7719,0
69,cpu_t1,1,122945,31569,0,4.0881,1.5272,0.1565,0,5.7718,0
69,cpu_t1,2,122945,31569,0,4.2641,1.4897,0.1565,0,5.9103,0
69,cpu_t1,3,122945,31569,0,4.0595,1.5738,0.1575,0,5.7908,0
69,cpu_t1,4,122945,31569,0,4.1313,1.4947,0.1565,0,5.7825,0
69,cpu_t2,0,122945,31569,0,21.7703,0.9500,0.1603,0,22.8805,0
69,cpu_t2,1,122945,31569,0,7.2960,0.7796,0.1617,0,8.2372,0
69,cpu_t2,2,122945,31569,0,10.0766,0.8414,0.1597,0,11.0777,0
69,cpu_t2,3,122945,31569,0,10.6394,0.8285,0.1610,0,11.6289,0
69,cpu_t2,4,122945,31569,0,4.3883,0.9614,0.1611,0,5.5109,0
69,cpu_t4,0,122945,31569,0,16.5722,0.4663,0.1603,0,17.1988,0
69,cpu_t4,1,122945,31569,0,4.5443,0.7092,0.1869,0,5.4405,0
69,cpu_t4,2,122945,31569,0,7.1604,0.4391,0.1607,0,7.7601,0
69,cpu_t4,3,122945,31569,0,6.8895,0.7757,0.2012,0,7.8663,0
69,cpu_t4,4,122945,31569,0,6.9720,0.6481,0.1747,0,7.7949,0
69,cpu_t8,0,122945,31569,0,10.6075,0.4463,0.1635,0,11.2173,0
69,cpu_t8,1,122945,31569,0,17.9824,0.4209,0.1996,0,18.6029,0
69,cpu_t8,2,122945,31569,0,17.5849,0.4363,0.1956,0,18.2167,0
69,cpu_t8,3,122945,31569,0,16.7544,0.4461,0.1618,0,17.3623,0
69,cpu_t8,4,122945,31569,0,2.8556,0.3984,0.1601,0,3.4141,0
69,cpu_t16,0,122945,31569,0,1.4054,0.2169,0.1946,0,1.8169,0
69,cpu_t16,1,122945,31569,0,0.8390,0.2125,0.1964,0,1.2480,0
69,cpu_t16,2,122945,31569,0,0.7618,0.2203,0.1993,0,1.1815,0
69,cpu_t16,3,122945,31569,0,0.7913,0.2274,0.1999,0,1.2187,0
69,cpu_t16,4,122945,31569,0,0.7658,0.2316,0.2035,0,1.2009,0
69,gpu_thrust_uf,0,122945,31569,0.0823,0.9185,0.0543,0.1864,0.0254,1.3048,0
69,gpu_thrust_uf,1,122945,31569,0.0828,0.7395,0.1044,0.2365,0.0540,1.2565,0
69,gpu_thrust_uf,2,122945,31569,0.0769,0.8113,0.0952,0.2990,0.0291,1.3430,0
69,gpu_thrust_uf,3,122945,31569,0.0840,0.8268,0.3635,0.1884,0.0354,1.5270,0
69,gpu_thrust_uf,4,122945,31569,0.0815,1.2334,0.0543,0.1874,0.0311,1.6198,0
69,gpu_hash_uf,0,122945,31569,0.0779,0.2639,0.0543,0.1864,0.0275,0.6322,0
69,gpu_hash_uf,1,122945,31569,0.0780,0.2624,0.0502,0.1874,0.0269,0.6303,0
69,gpu_hash_uf,2,122945,31569,0.0796,0.2669,0.0502,0.2202,0.0267,0.6685,0
69,gpu_hash_uf,3,122945,31569,0.0779,0.2625,0.0922,0.1884,0.0265,0.6723,0
69,gpu_hash_uf,4,122945,31569,0.0779,0.2865,0.0502,0.1874,0.0273,0.6546,0
69,gpu_hash_prop,0,122945,31569,0.0783,0.2122,0.0512,9.6041,0.0183,9.9836,162
69,gpu_hash_prop,1,122945,31569,0.0767,0.2310,0.0625,14.6443,0.0611,15.1239,162
69,gpu_hash_prop,2,122945,31569,0.0781,0.7276,0.1782,23.8315,0.0341,24.8775,162
69,gpu_hash_prop,3,122945,31569,0.0781,0.2422,0.0543,9.3030,0.0272,9.7267,162
69,gpu_hash_prop,4,122945,31569,0.0796,0.2279,0.0532,12.1590,0.0959,12.6409,162
70,cpu_t1,0,122973,31654,0,4.0714,1.4906,0.1523,0,5.7143,0
70,cpu_t1,1,122973,31654,0,4.1177,1.4850,0.1518,0,5.7545,0
70,cpu_t1,2,122973,31654,0,4.0485,1.5079,0.1660,0,5.7224,0
70,cpu_t1,3,122973,31654,0,4.0630,1.4803,0.1520,0,5.6953,0
70,cpu_t1,4,122973,31654,0,4.0632,1.4832,0.1511,0,5.6975,0
70,cpu_t2,0,122973,31654,0,10.0442,0.7574,0.1555,0,10.9571,0
70,cpu_t2,1,122973,31654,0,10.9404,0.7797,0.1552,0,11.8753,0
70,cpu_t2,2,122973,31654,0,1.7697,0.7347,0.1554,0,2.6598,0
70,cpu_t2,3,122973,31654,0,11.2448,0.7418,0.1556,0,12.1421,0
70,cpu_t2,4,122973,31654,0,1.7805,0.7570,0.1560,0,2.6935,0
70,cpu_t4,0,122973,31654,0,10.4054,0.3850,0.1867,0,10.9770,0
70,cpu_t4,1,122973,31654,0,2.0812,0.4608,0.1552,0,2.6971,0
70,cpu_t4,2,122973,31654,0,14.7846,0.7806,0.1542,0,15.7193,0
70,cpu_t4,3,122973,31654,0,1.9700,0.4141,0.1552,0,2.5393,0
70,cpu_t4,4,122973,31654,0,6.7776,0.4241,0.1562,0,7.3580,0
70,cpu_t8,0,122973,31654,0,3.4115,0.3832,0.2043,0,3.9989,0
70,cpu_t8,1,122973,31654,0,6.9998,0.3951,0.1625,0,7.5575,0
70,cpu_t8,2,122973,31654,0,14.5837,0.4163,0.2171,0,15.2171,0
70,cpu_t8,3,122973,31654,0,1.8626,0.3896,0.1902,0,2.4424,0
70,cpu_t8,4,122973,31654,0,17.0641,0.4106,0.1834,0,17.6582,0
70,cpu_t16,0,122973,31654,0,1.3836,0.3650,0.1929,0,1.9415,0
70,cpu_t16,1,122973,31654,0,1.4026,0.3771,0.2014,0,1.9811,0
70,cpu_t16,2,122973,31654,0,1.4473,0.3891,0.2027,0,2.0391,0
70,cpu_t16,3,122973,31654,0,1.4562,0.2528,0.2042,0,1.9133,0
70,cpu_t16,4,122973,31654,0,0.7673,0.2189,0.2023,0,1.1885,0
70,gpu_thrust_uf,0,122973,31654,0.2950,0.6611,0.0748,0.3348,0.0259,1.4301,0
70,gpu_thrust_uf,1,122973,31654,0.2938,0.7068,0.0696,0.3338,0.0313,1.4620,0
70,gpu_thrust_uf,2,122973,31654,0.2956,9.6320,0.0727,0.6093,0.0399,10.6775,0
70,gpu_thrust_uf,3,122973,31654,0.3019,1.2495,0.1034,0.3338,0.0245,2.0554,0
70,gpu_thrust_uf,4,122973,31654,0.2940,0.6341,0.0768,0.3328,0.0288,1.3929,0
70,gpu_hash_uf,0,122973,31654,0.2989,0.2720,0.0686,0.3328,0.0266,1.0555,0
70,gpu_hash_uf,1,122973,31654,0.2954,9.0311,0.0737,0.3400,0.0300,9.7990,0
70,gpu_hash_uf,2,122973,31654,0.2945,0.2774,0.0727,0.3328,0.0419,1.0502,0
70,gpu_hash_uf,3,122973,31654,0.2938,0.2403,0.0727,0.3338,0.0285,1.0015,0
70,gpu_hash_uf,4,122973,31654,0.2948,0.2430,0.0737,0.3328,0.0295,1.0003,0
70,gpu_hash_prop,0,122973,31654,0.2958,0.3553,0.0748,32.3523,0.0397,33.1413,187
70,gpu_hash_prop,1,122973,31654,0.2945,0.4093,0.1116,35.3505,0.0466,36.2463,187
70,gpu_hash_prop,2,122973,31654,0.2956,0.3276,0.0707,28.4488,0.0317,29.2026,187
70,gpu_hash_prop,3,122973,31654,0.2946,0.2969,0.0758,19.2092,0.0266,19.9253,187
70,gpu_hash_prop,4,122973,31654,0.2956,0.3207,0.0717,22.5065,0.0332,23.2463,187
71,cpu_t1,0,123038,31877,0,4.0445,1.5005,0.1804,0,5.7254,0
71,cpu_t1,1,123038,31877,0,4.0153,1.4136,0.1632,0,5.5921,0
71,cpu_t1,2,123038,31877,0,3.9668,1.4715,0.1628,0,5.6011,0
71,cpu_t1,3,123038,31877,0,4.1896,1.4545,0.1646,0,5.8087,0
71,cpu_t1,4,123038,31877,0,3.9934,1.5041,0.1643,0,5.6618,0
71,cpu_t2,0,123038,31877,0,14.1544,0.7478,0.1672,0,15.0694,0
71,cpu_t2,1,123038,31877,0,7.1329,0.7480,0.1720,0,8.0529,0
71,cpu_t2,2,123038,31877,0,11.1265,0.7314,0.1669,0,12.0248,0
71,cpu_t2,3,123038,31877,0,15.4908,0.9888,0.2322,0,16.7118,0
71,cpu_t2,4,123038,31877,0,5.6693,0.7930,0.1690,0,6.6312,0
71,cpu_t4,0,123038,31877,0,10.4629,0.5049,0.1681,0,11.1359,0
71,cpu_t4,1,123038,31877,0,7.7621,0.5337,0.1668,0,8.4626,0
71,cpu_t4,2,123038,31877,0,7.4815,0.4754,0.1671,0,8.1240,0
71,cpu_t4,3,123038,31877,0,7.7158,0.4127,0.2007,0,8.3292,0
71,cpu_t4,4,123038,31877,0,14.2009,0.6844,0.2163,0,15.1016,0
71,cpu_t8,0,123038,31877,0,1.6681,0.4006,0.1961,0,2.2648,0
71,cpu_t8,1,123038,31877,0,7.5346,0.4843,0.2760,0,8.2950,0
71,cpu_t8,2,123038,31877,0,2.0915,0.3995,0.2081,0,2.6991,0
71,cpu_t8,3,123038,31877,0,23.2554,0.3363,0.1656,0,23.7574,0
71,cpu_t8,4,123038,31877,0,10.6797,0.4057,0.2164,0,11.3018,0
71,cpu_t16,0,123038,31877,0,0.8143,0.2087,0.2100,0,1.2329,0
71,cpu_t16,1,123038,31877,0,0.8335,0.5505,0.2346,0,1.6186,0
71,cpu_t16,2,123038,31877,0,1.4391,0.3859,0.2065,0,2.0315,0
71,cpu_t16,3,123038,31877,0,1.3700,0.4180,0.2053,0,1.9933,0
71,cpu_t16,4,123038,31877,0,1.4054,0.4040,0.2084,0,2.0178,0
71,gpu_thrust_uf,0,123038,31877,0.0868,1.1659,0.0481,0.2243,0.0276,1.6059,0
71,gpu_thrust_uf,1,123038,31877,0.0913,1.1793,0.0768,0.2243,0.0251,1.6223,0
71,gpu_thrust_uf,2,123038,31877,0.0799,0.7625,0.0532,0.2243,0.0266,1.1717,0
71,gpu_thrust_uf,3,123038,31877,0.0802,0.8168,0.0778,0.2243,0.0289,1.2543,0
71,gpu_thrust_uf,4,123038,31877,0.0812,0.9341,0.0492,0.2243,0.0278,1.3494,0
71,gpu_hash_uf,0,123038,31877,0.0804,0.6164,0.1445,0.4177,0.0279,1.3382,0
71,gpu_hash_uf,1,123038,31877,0.0895,2.6988,0.0471,0.2243,0.0535,3.1638,0
71,gpu_hash_uf,2,123038,31877,0.0797,0.6623,0.1958,0.3572,0.0267,1.3763,0
71,gpu_hash_uf,3,123038,31877,0.0770,0.6545,0.0666,0.3308,0.0270,1.2054,0
71,gpu_hash_uf,4,123038,31877,0.0804,0.6528,0.0686,0.3492,0.0274,1.2285,0
71,gpu_hash_prop,0,123038,31877,0.0769,0.2584,0.0543,14.1230,0.0235,14.5583,160
71,gpu_hash_prop,1,123038,31877,0.0800,0.2258,0.0727,10.9455,0.0758,11.4210,160
71,gpu_hash_prop,2,123038,31877,0.0780,0.6808,0.0471,10.7397,0.0232,11.5998,160
71,gpu_hash_prop,3,123038,31877,0.0834,0.2166,0.0543,13.4185,0.0250,13.8251,160
71,gpu_hash_prop,4,123038,31877,0.0769,0.2208,0.0594,12.6495,0.0206,13.0485,160
72,cpu_t1,0,123007,31600,0,4.0107,1.4404,0.1478,0,5.5989,0
72,cpu_t1,1,123007,31600,0,4.0246,1.4455,0.1467,0,5.6168,0
72,cpu_t1,2,123007,31600,0,4.0080,1.4533,0.1512,0,5.6125,0
72,cpu_t1,3,123007,31600,0,3.9798,1.4292,0.1573,0,5.5663,0
72,cpu_t1,4,123007,31600,0,4.0289,1.4621,0.1453,0,5.6363,0
72,cpu_t2,0,123007,31600,0,6.4043,0.7707,0.1497,0,7.3246,0
72,cpu_t2,1,123007,31600,0,20.2152,0.7787,0.1492,0,21.1430,0
72,cpu_t2,2,123007,31600,0,4.7028,1.0177,0.1495,0,5.8700,0
72,cpu_t2,3,123007,31600,0,4.5144,0.7546,0.1486,0,5.4176,0
72,cpu_t2,4,123007,31600,0,14.4989,0.7432,0.1489,0,15.3911,0
72,cpu_t4,0,123007,31600,0,10.5706,0.4701,0.1683,0,11.2091,0
72,cpu_t4,1,123007,31600,0,4.6798,0.7744,0.1982,0,5.6524,0
72,cpu_t4,2,123007,31600,0,5.0778,0.7584,0.1562,0,5.9924,0
72,cpu_t4,3,123007,31600,0,4.7105,0.3925,0.1493,0,5.2524,0
72,cpu_t4,4,123007,31600,0,22.2438,0.5240,0.1882,0,22.9560,0
72,cpu_t8,0,123007,31600,0,6.9075,0.4090,0.1873,0,7.5037,0
72,cpu_t8,1,123007,31600,0,3.7666,0.3947,0.1502,0,4.3115,0
72,cpu_t8,2,123007,31600,0,10.7662,0.4352,0.1882,0,11.3897,0
72,cpu_t8,3,123007,31600,0,7.7673,0.4008,0.1527,0,8.3208,0
72,cpu_t8,4,123007,31600,0,6.8775,0.4035,0.1813,0,7.4623,0
72,cpu_t16,0,123007,31600,0,2.3072,0.3671,0.2137,0,2.8880,0
72,cpu_t16,1,123007,31600,0,1.4576,0.4490,0.1854,0,2.0920,0
72,cpu_t16,2,123007,31600,0,1.5146,0.3165,0.1827,0,2.0137,0
72,cpu_t16,3,123007,31600,0,1.4964,0.4329,0.2323,0,2.1616,0
72,cpu_t16,4,123007,31600,0,1.1777,0.2289,0.2056,0,1.6122,0
72,gpu_thrust_uf,0,123007,31600,0.0856,0.9163,0.0645,0.1679,0.0288,1.3012,0
72,gpu_thrust_uf,1,123007,31600,0.0803,0.8276,0.0502,0.1679,0.0256,1.1863,0
72,gpu_thrust_uf,2,123007,31600,0.0804,0.7773,0.0768,0.1679,0.0220,1.1506,0
72,gpu_thrust_uf,3,123007,31600,0.0908,1.5211,0.0809,0.1812,0.0274,1.9738,0
72,gpu_thrust_uf,4,123007,31600,0.0800,0.8268,0.0758,0.1679,0.0268,1.2038,0
72,gpu_hash_uf,0,123007,31600,0.0905,2.3925,0.1260,0.2324,0.0302,2.9300,0
72,gpu_hash_uf,1,123007,31600,0.0891,0.6902,0.1085,0.2785,0.0488,1.2717,0
72,gpu_hash_uf,2,123007,31600,0.0775,0.7530,0.0901,0.2970,0.0261,1.2927,0
72,gpu_hash_uf,3,123007,31600,0.0843,0.6446,0.0676,0.2734,0.0878,1.1863,0
72,gpu_hash_uf,4,123007,31600,0.0919,0.6266,0.0676,0.2929,0.1142,1.2221,0
72,gpu_hash_prop,0,123007,31600,0.0804,0.2264,0.0461,15.9345,0.0228,16.3275,192
72,gpu_hash_prop,1,123007,31600,0.0799,0.2400,0.0737,14.9135,0.0240,15.3520,192
72,gpu_hash_prop,2,123007,31600,0.0799,0.2661,0.0502,12.9362,0.0204,13.3737,192
72,gpu_hash_prop,3,123007,31600,0.0770,0.2444,0.0471,19.8707,0.0479,20.3083,192
72,gpu_hash_prop,4,123007,31600,0.0800,0.2881,0.0758,15.0405,0.0236,15.5328,192
73,cpu_t1,0,123012,31554,0,4.0654,1.4774,0.1545,0,5.6974,0
73,cpu_t1,1,123012,31554,0,3.9741,1.4480,0.1527,0,5.5747,0
73,cpu_t1,2,123012,31554,0,4.0071,1.4533,0.1520,0,5.6124,0
73,cpu_t1,3,123012,31554,0,4.0219,1.4391,0.1503,0,5.6113,0
73,cpu_t1,4,123012,31554,0,4.0513,1.4444,0.1516,0,5.6472,0
73,cpu_t2,0,123012,31554,0,2.0429,0.7579,0.1530,0,2.9537,0
73,cpu_t2,1,123012,31554,0,1.8353,0.7748,0.1539,0,2.7640,0
73,cpu_t2,2,123012,31554,0,14.8922,0.7969,0.1539,0,15.8430,0
73,cpu_t2,3,123012,31554,0,10.8487,1.2356,0.1547,0,12.2390,0
73,cpu_t2,4,123012,31554,0,3.5112,0.7440,0.1541,0,4.4094,0
73,cpu_t4,0,123012,31554,0,7.3799,0.4667,0.1992,0,8.0458,0
73,cpu_t4,1,123012,31554,0,8.0323,0.7713,0.1868,0,8.9904,0
73,cpu_t4,2,123012,31554,0,6.7422,0.7575,0.1878,0,7.6875,0
73,cpu_t4,3,123012,31554,0,16.2150,0.4112,0.1538,0,16.7800,0
73,cpu_t4,4,123012,31554,0,8.0291,0.6989,0.1564,0,8.8844,0
73,cpu_t8,0,123012,31554,0,1.1370,0.4013,0.1576,0,1.6959,0
73,cpu_t8,1,123012,31554,0,10.5887,0.3936,0.1907,0,11.1730,0
73,cpu_t8,2,123012,31554,0,7.9576,0.4062,0.1927,0,8.5565,0
73,cpu_t8,3,123012,31554,0,13.9152,0.3849,0.1543,0,14.4544,0
73,cpu_t8,4,123012,31554,0,19.7810,0.4003,0.1543,0,20.3356,0
73,cpu_t16,0,123012,31554,0,1.3756,0.4095,0.1886,0,1.9738,0
73,cpu_t16,1,123012,31554,0,1.4008,0.3896,0.1948,0,1.9852,0
73,cpu_t16,2,123012,31554,0,1.4329,0.2766,0.2013,0,1.9108,0
73,cpu_t16,3,123012,31554,0,0.9343,0.2330,0.1962,0,1.3635,0
73,cpu_t16,4,123012,31554,0,0.8030,0.2173,0.1928,0,1.2131,0
73,gpu_thrust_uf,0,123012,31554,0.0822,0.9691,0.1239,0.2376,0.0432,1.4950,0
73,gpu_thrust_uf,1,123012,31554,0.0789,1.4435,0.0512,0.2376,0.0444,1.8885,0
73,gpu_thrust_uf,2,123012,31554,0.0769,0.8497,0.0492,0.2376,0.0231,1.2668,0
73,gpu_thrust_uf,3,123012,31554,0.0770,2.6613,0.0461,0.2386,0.0130,3.0639,0
73,gpu_thrust_uf,4,123012,31554,0.1020,1.1697,0.1137,0.2376,0.0297,1.6904,0
73,gpu_hash_uf,0,123012,31554,0.0808,0.2698,0.0502,0.2662,0.0249,0.7188,0
73,gpu_hash_uf,1,123012,31554,0.1045,0.2653,0.0686,0.2611,0.0243,0.7532,0
73,gpu_hash_uf,2,123012,31554,0.0781,0.2285,0.0717,0.2376,0.0268,0.6760,0
73,gpu_hash_uf,3,123012,31554,0.0801,0.2693,0.0502,0.2365,0.0248,0.6890,0
73,gpu_hash_uf,4,123012,31554,0.0798,0.2239,0.0737,0.2560,0.0247,0.6835,0
73,gpu_hash_prop,0,123012,31554,0.0780,0.2150,0.0471,9.8611,0.0244,10.2508,158
73,gpu_hash_prop,1,123012,31554,0.0824,0.2543,0.0502,11.1800,0.0404,11.6359,158
73,gpu_hash_prop,2,123012,31554,0.0779,0.2529,0.0502,13.4984,0.0271,13.9279,158
73,gpu_hash_prop,3,123012,31554,0.0780,0.2810,0.0963,16.7004,0.0356,17.2142,158
73,gpu_hash_prop,4,123012,31554,0.0771,0.5304,0.1048,18.7768,0.0343,19.5474,158
74,cpu_t1,0,123048,31491,0,4.2518,1.4916,0.1514,0,5.8948,0
74,cpu_t1,1,123048,31491,0,4.0184,1.4449,0.1513,0,5.6146,0
74,cpu_t1,2,123048,31491,0,3.9995,1.4487,0.1609,0,5.6091,0
74,cpu_t1,3,123048,31491,0,4.0000,1.4894,0.1621,0,5.6515,0
74,cpu_t1,4,123048,31491,0,4.1475,1.5171,0.1503,0,5.8150,0
74,cpu_t2,0,123048,31491,0,8.0014,0.7511,0.1525,0,8.9050,0
74,cpu_t2,1,123048,31491,0,20.1576,0.7682,0.1542,0,21.0801,0
74,cpu_t2,2,123048,31491,0,18.8026,0.7874,0.1521,0,19.7421,0
74,cpu_t2,3,123048,31491,0,4.9611,0.7786,0.2012,0,5.9409,0
74,cpu_t2,4,123048,31491,0,8.0399,0.7588,0.1520,0,8.9507,0
74,cpu_t4,0,123048,31491,0,6.8476,0.7585,0.1680,0,7.7741,0
74,cpu_t4,1,123048,31491,0,8.2393,0.4754,0.1888,0,8.9035,0
74,cpu_t4,2,123048,31491,0,10.1690,0.4225,0.1974,0,10.7889,0
74,cpu_t4,3,123048,31491,0,7.5862,0.6466,0.1528,0,8.3856,0
74,cpu_t4,4,123048,31491,0,24.6847,0.4186,0.1537,0,25.2570,0
74,cpu_t8,0,123048,31491,0,3.7569,0.3848,0.1677,0,4.3094,0
74,cpu_t8,1,123048,31491,0,1.7363,0.3127,0.1997,0,2.2487,0
74,cpu_t8,2,123048,31491,0,6.9240,0.5457,0.1852,0,7.6549,0
74,cpu_t8,3,123048,31491,0,6.9686,0.4089,0.2293,0,7.6068,0
74,cpu_t8,4,123048,31491,0,13.2444,0.4266,0.1988,0,13.8698,0
74,cpu_t16,0,123048,31491,0,0.7643,0.2279,0.1971,0,1.1893,0
74,cpu_t16,1,123048,31491,0,0.7755,0.2069,0.1852,0,1.1676,0
74,cpu_t16,2,123048,31491,0,0.7659,0.2134,0.1963,0,1.1756,0
74,cpu_t16,3,123048,31491,0,0.8707,0.2070,0.1849,0,1.2627,0
74,cpu_t16,4,123048,31491,0,0.7793,0.2061,0.1856,0,1.1710,0
74,gpu_thrust_uf,0,123048,31491,0.0780,0.9619,0.0471,0.2417,0.0154,1.3861,0
74,gpu_thrust_uf,1,123048,31491,0.0874,2.7767,0.0492,0.2426,0.0242,3.2046,0
74,gpu_thrust_uf,2,123048,31491,0.0779,0.8445,0.0737,0.2427,0.0241,1.2885,0
74,gpu_thrust_uf,3,123048,31491,0.0767,0.8468,0.0942,0.2417,0.0247,1.3100,0
74,gpu_thrust_uf,4,123048,31491,0.0771,0.7444,0.0952,0.2417,0.0244,1.2088,0
74,gpu_hash_uf,0,123048,31491,0.0779,0.2340,0.0461,0.2734,0.0497,0.7034,0
74,gpu_hash_uf,1,123048,31491,0.0780,0.2109,0.0932,0.2417,0.0237,0.6767,0
74,gpu_hash_uf,2,123048,31491,0.0799,0.2659,0.0850,0.2406,0.0252,0.7219,0
74,gpu_hash_uf,3,123048,31491,0.0796,0.2613,0.0696,0.2417,0.0251,0.7025,0
74,gpu_hash_uf,4,123048,31491,0.0768,0.2634,0.0727,0.2591,0.0239,0.7210,0
74,gpu_hash_prop,0,123048,31491,0.0808,0.2576,0.0502,14.4312,0.0283,14.8661,196
74,gpu_hash_prop,1,123048,31491,0.0813,0.2323,0.0461,26.0844,0.0394,26.5088,196
74,gpu_hash_prop,2,123048,31491,0.0780,0.4096,0.0461,22.6826,0.0944,23.3436,196
74,gpu_hash_prop,3,123048,31491,0.1330,0.5113,0.0931,25.8591,0.0924,26.7183,196
74,gpu_hash_prop,4,123048,31491,0.0969,0.5320,0.0469,19.2369,0.0252,19.9634,196
75,cpu_t1,0,123092,31395,0,5.2952,1.8954,0.2285,0,7.4192,0
75,cpu_t1,1,123092,31395,0,5.4597,1.9703,0.2016,0,7.6316,0
75,cpu_t1,2,123092,31395,0,4.0914,1.5887,0.1535,0,5.8336,0
75,cpu_t1,3,123092,31395,0,4.0188,1.5481,0.1608,0,5.7276,0
75,cpu_t1,4,123092,31395,0,4.6455,1.4805,0.1551,0,6.2811,0
75,cpu_t2,0,123092,31395,0,8.0337,0.7384,0.1551,0,8.9272,0
75,cpu_t2,1,123092,31395,0,6.9450,0.7556,0.1543,0,7.8549,0
75,cpu_t2,2,123092,31395,0,7.6137,0.7536,0.1556,0,8.5229,0
75,cpu_t2,3,123092,31395,0,6.3801,0.7352,0.1547,0,7.2700,0
75,cpu_t2,4,123092,31395,0,7.5335,0.7417,0.1559,0,8.4310,0
75,cpu_t4,0,123092,31395,0,7.1420,0.4454,0.1571,0,7.7445,0
75,cpu_t4,1,123092,31395,0,10.4549,0.5223,0.2039,0,11.1811,0
75,cpu_t4,2,123092,31395,0,7.6333,0.7905,0.1875,0,8.6113,0
75,cpu_t4,3,123092,31395,0,11.1927,0.7759,0.2001,0,12.1687,0
75,cpu_t4,4,123092,31395,0,10.4150,0.7846,0.1594,0,11.3589,0
75,cpu_t8,0,123092,31395,0,8.6573,0.2863,0.1556,0,9.0992,0
75,cpu_t8,1,123092,31395,0,10.0739,0.3778,0.1586,0,10.6103,0
75,cpu_t8,2,123092,31395,0,8.9300,0.4045,0.1695,0,9.5041,0
75,cpu_t8,3,123092,31395,0,7.2972,0.3871,0.1578,0,7.8421,0
75,cpu_t8,4,123092,31395,0,16.3607,0.4263,0.1750,0,16.9621,0
75,cpu_t16,0,123092,31395,0,1.4655,0.3922,0.1902,0,2.0479,0
75,cpu_t16,1,123092,31395,0,1.5913,0.4055,0.1999,0,2.1967,0
75,cpu_t16,2,123092,31395,0,1.4963,0.4297,0.1891,0,2.1151,0
75,cpu_t16,3,123092,31395,0,1.4583,0.3979,0.1985,0,2.0548,0
75,cpu_t16,4,123092,31395,0,1.3900,0.4172,0.1993,0,2.0064,0
75,gpu_thrust_uf,0,123092,31395,0.0835,0.8990,0.0553,0.1894,0.0870,1.3539,0
75,gpu_thrust_uf,1,123092,31395,0.0780,1.4130,0.0492,0.1802,0.0287,1.7839,0
75,gpu_thrust_uf,2,123092,31395,0.0781,0.8042,0.0922,0.2683,0.0357,1.3075,0
75,gpu_thrust_uf,3,123092,31395,0.0960,2.9724,0.0471,0.1812,0.0304,3.3583,0
75,gpu_thrust_uf,4,123092,31395,0.0771,0.8284,0.0543,0.1802,0.0221,1.1933,0
75,gpu_hash_uf,0,123092,31395,0.0809,0.2548,0.0840,0.2263,0.0287,0.7020,0
75,gpu_hash_uf,1,123092,31395,0.0813,0.2516,0.0778,0.1894,0.0290,0.6606,0
75,gpu_hash_uf,2,123092,31395,0.0770,0.2983,0.0553,0.1884,0.0286,0.6739,0
75,gpu_hash_uf,3,123092,31395,0.0770,0.2625,0.0778,0.2140,0.0326,0.6911,0
75,gpu_hash_uf,4,123092,31395,0.0780,0.2613,0.0768,0.2243,0.0270,0.6949,0
75,gpu_hash_prop,0,123092,31395,0.0780,0.2620,0.0532,15.0784,0.0279,15.5229,176
75,gpu_hash_prop,1,123092,31395,0.0780,0.2629,0.0512,14.7702,1.7594,16.9527,176
75,gpu_hash_prop,2,123092,31395,0.0836,0.2872,0.0748,14.4015,0.0210,14.9029,176
75,gpu_hash_prop,3,123092,31395,0.0782,0.2778,0.0717,12.2173,0.0273,12.6950,176
75,gpu_hash_prop,4,123092,31395,0.1276,2.4699,0.0461,11.8528,0.0251,14.5699,176
76,cpu_t1,0,122965,31258,0,4.0176,1.5523,0.1463,0,5.7162,0
76,cpu_t1,1,122965,31258,0,4.0513,1.5400,0.1445,0,5.7358,0
76,cpu_t1,2,122965,31258,0,3.9978,1.4780,0.1442,0,5.6200,0
76,cpu_t1,3,122965,31258,0,4.0231,1.4758,0.1535,0,5.6525,0
76,cpu_t1,4,122965,31258,0,4.0052,1.4940,0.1486,0,5.6478,0
76,cpu_t2,0,122965,31258,0,3.4456,1.0234,0.1487,0,4.6177,0
76,cpu_t2,1,122965,31258,0,4.9305,0.7596,0.1485,0,5.8386,0
76,cpu_t2,2,122965,31258,0,20.8048,0.7786,0.1459,0,21.7293,0
76,cpu_t2,3,122965,31258,0,12.6873,0.7616,0.1475,0,13.5964,0
76,cpu_t2,4,122965,31258,0,18.0790,0.8288,0.1749,0,19.0827,0
76,cpu_t4,0,122965,31258,0,5.8495,0.7809,0.1468,0,6.7772,0
76,cpu_t4,1,122965,31258,0,11.7833,0.4538,0.1511,0,12.3881,0
76,cpu_t4,2,122965,31258,0,18.1927,0.3948,0.1779,0,18.7655,0
76,cpu_t4,3,122965,31258,0,8.0023,0.5503,0.1711,0,8.7236,0
76,cpu_t4,4,122965,31258,0,22.0868,0.4288,0.1362,0,22.6519,0
76,cpu_t8,0,122965,31258,0,4.2496,0.3852,0.1925,0,4.8273,0
76,cpu_t8,1,122965,31258,0,4.1382,0.3891,0.1684,0,4.6957,0
76,cpu_t8,2,122965,31258,0,16.0935,0.3816,0.1357,0,16.6107,0
76,cpu_t8,3,122965,31258,0,1.0213,0.3826,0.1439,0,1.5478,0
76,cpu_t8,4,122965,31258,0,4.8591,0.3832,0.1647,0,5.4070,0
76,cpu_t16,0,122965,31258,0,1.3424,0.3463,0.1643,0,1.8530,0
76,cpu_t16,1,122965,31258,0,1.1805,0.1946,0.1623,0,1.5374,0
76,cpu_t16,2,122965,31258,0,0.7199,0.2368,0.1680,0,1.1247,0
76,cpu_t16,3,122965,31258,0,0.7705,0.2103,0.1717,0,1.1525,0
76,cpu_t16,4,122965,31258,0,0.7319,0.1970,0.1727,0,1.1016,0
76,gpu_thrust_uf,0,122965,31258,0.0837,0.9282,0.0594,0.2406,0.0322,1.2742,0
76,gpu_thrust_uf,1,122965,31258,0.0780,0.8994,0.1011,0.2396,0.0299,1.2665,0
76,gpu_thrust_uf,2,122965,31258,0.0768,1.8318,0.0676,0.2406,0.0285,2.0841,0
76,gpu_thrust_uf,3,122965,31258,0.0782,0.7808,0.0666,0.2396,0.0351,1.1346,0
76,gpu_thrust_uf,4,122965,31258,0.0852,3.1945,0.1053,0.2775,0.0543,3.4322,0
76,gpu_hash_uf,0,122965,31258,0.0783,0.4904,0.0594,0.2673,0.0483,0.8868,0
76,gpu_hash_uf,1,122965,31258,0.0768,0.4112,0.0592,0.2601,0.0570,0.8181,0
76,gpu_hash_uf,2,122965,31258,0.0817,0.3328,0.0594,0.2836,0.0283,0.7621,0
76,gpu_hash_uf,3,122965,31258,0.0770,0.3262,0.0911,0.2755,0.0282,0.7588,0
76,gpu_hash_uf,4,122965,31258,0.0768,0.4894,0.1063,0.2765,0.0540,0.9446,0
76,gpu_hash_prop,0,122965,31258,0.0782,2.5450,0.0594,12.9331,0.1360,14.4783,179
76,gpu_hash_prop,1,122965,31258,0.0816,0.4921,0.1096,23.7537,0.0340,22.4612,179
76,gpu_hash_prop,2,122965,31258,0.0959,0.4797,0.1061,15.8013,0.0320,15.1629,179
76,gpu_hash_prop,3,122965,31258,0.0799,0.2319,0.0911,19.7202,0.0885,18.5466,179
76,gpu_hash_prop,4,122965,31258,0.0770,0.4424,0.0635,16.9779,0.0217,16.1422,179
77,cpu_t1,0,123029,31296,0,3.6819,1.3587,0.1543,0,5.1950,0
77,cpu_t1,1,123029,31296,0,3.6554,1.3777,0.1522,0,5.1854,0
77,cpu_t1,2,123029,31296,0,3.6730,1.3416,0.1785,0,5.1932,0
77,cpu_t1,3,123029,31296,0,3.6512,1.3372,0.1569,0,5.1453,0
77,cpu_t1,4,123029,31296,0,3.6486,1.3174,0.1711,0,5.1370,0
77,cpu_t2,0,123029,31296,0,9.9021,0.7144,0.1767,0,10.7932,0
77,cpu_t2,1,123029,31296,0,3.9068,0.7356,0.1566,0,4.7990,0
77,cpu_t2,2,123029,31296,0,7.3865,0.7129,0.1552,0,8.2546,0
77,cpu_t2,3,123029,31296,0,6.6507,0.7224,0.1566,0,7.5297,0
77,cpu_t2,4,123029,31296,0,7.6762,0.7339,0.1575,0,8.5676,0
77,cpu_t4,0,123029,31296,0,4.9122,0.4007,0.2269,0,5.5398,0
77,cpu_t4,1,123029,31296,0,13.3370,0.4699,0.2290,0,14.0358,0
77,cpu_t4,2,123029,31296,0,6.9606,0.3707,0.1550,0,7.4862,0
77,cpu_t4,3,123029,31296,0,23.3988,0.4568,0.1607,0,24.0163,0
77,cpu_t4,4,123029,31296,0,4.6382,0.4152,0.1550,0,5.2085,0
77,cpu_t8,0,123029,31296,0,4.4047,0.3530,0.1562,0,4.9139,0
77,cpu_t8,1,123029,31296,0,6.5581,0.3547,0.1731,0,7.0860,0
77,cpu_t8,2,123029,31296,0,4.7366,0.4295,0.1735,0,5.3396,0
77,cpu_t8,3,123029,31296,0,9.8833,0.3661,0.2150,0,10.4643,0
77,cpu_t8,4,123029,31296,0,1.6681,0.3425,0.1566,0,2.1671,0
77,cpu_t16,0,123029,31296,0,1.5887,0.3795,0.2011,0,2.1693,0
77,cpu_t16,1,123029,31296,0,1.2621,0.3769,0.2025,0,1.8415,0
77,cpu_t16,2,123029,31296,0,1.3354,0.3788,0.1909,0,1.9051,0
77,cpu_t16,3,123029,31296,0,1.2820,0.2016,0.1967,0,1.6803,0
77,cpu_t16,4,123029,31296,0,0.9473,0.1944,0.1926,0,1.3343,0
77,gpu_thrust_uf,0,123029,31296,0.3003,0.9140,0.0727,0.2519,0.0333,1.4814,0
77,gpu_thrust_uf,1,123029,31296,0.2950,0.6992,0.1219,0.2529,0.0482,1.3319,0
77,gpu_thrust_uf,2,123029,31296,0.2938,3.4342,0.0686,0.2611,0.0464,3.8029,0
77,gpu_thrust_uf,3,123029,31296,0.3167,6.0320,0.0717,0.2540,0.0488,6.2061,0
77,gpu_thrust_uf,4,123029,31296,0.2977,0.7758,0.1167,0.2529,0.0429,1.3877,0
77,gpu_hash_uf,0,123029,31296,0.2938,0.2478,0.0717,0.2529,0.0440,0.8555,0
77,gpu_hash_uf,1,123029,31296,0.2940,0.2570,0.0676,0.2519,0.0305,0.8546,0
77,gpu_hash_uf,2,123029,31296,0.2980,0.2289,0.0676,0.2499,0.0296,0.8331,0
77,gpu_hash_uf,3,123029,31296,0.2951,3.3797,0.0666,0.2601,0.0395,3.7324,0
77,gpu_hash_uf,4,123029,31296,0.2946,5.9465,0.0645,0.2540,0.0366,6.0752,0
77,gpu_hash_prop,0,123029,31296,0.2991,0.3016,0.0655,29.2157,0.0372,27.4522,179
77,gpu_hash_prop,1,123029,31296,0.2949,0.3189,0.0655,24.3661,0.0260,23.0057,179
77,gpu_hash_prop,2,123029,31296,0.2965,6.0359,0.0676,21.2040,0.0302,25.3543,179
77,gpu_hash_prop,3,123029,31296,0.2946,0.3138,0.0707,32.3717,0.1073,30.4239,179
77,gpu_hash_prop,4,123029,31296,0.2946,0.5586,0.0922,33.9487,0.0491,32.0612,179
78,cpu_t1,0,123006,31455,0,3.6532,1.5172,0.1741,0,5.3445,0
78,cpu_t1,1,123006,31455,0,4.2140,1.3494,0.1558,0,5.7192,0
78,cpu_t1,2,123006,31455,0,3.5973,1.4076,0.1383,0,5.1431,0
78,cpu_t1,3,123006,31455,0,3.6462,1.4098,0.1386,0,5.1946,0
78,cpu_t1,4,123006,31455,0,3.6349,1.2902,0.1387,0,5.0638,0
78,cpu_t2,0,123006,31455,0,18.8940,0.6681,0.1514,0,19.7135,0
78,cpu_t2,1,123006,31455,0,4.4770,0.6899,0.1403,0,5.3072,0
78,cpu_t2,2,123006,31455,0,4.3816,1.3580,0.1739,0,5.9135,0
78,cpu_t2,3,123006,31455,0,10.7878,0.6603,0.1404,0,11.5884,0
78,cpu_t2,4,123006,31455,0,7.1271,0.6796,0.1418,0,7.9485,0
78,cpu_t4,0,123006,31455,0,4.4951,0.4091,0.1474,0,5.0515,0
78,cpu_t4,1,123006,31455,0,13.1998,0.7077,0.1409,0,14.0484,0
78,cpu_t4,2,123006,31455,0,13.9010,0.4611,0.1409,0,14.5030,0
78,cpu_t4,3,123006,31455,0,11.2585,0.6739,0.1410,0,12.0734,0
78,cpu_t4,4,123006,31455,0,12.3091,0.6891,0.1432,0,13.1414,0
78,cpu_t8,0,123006,31455,0,3.7540,0.3847,0.1838,0,4.3225,0
78,cpu_t8,1,123006,31455,0,17.3194,0.3738,0.1444,0,17.8375,0
78,cpu_t8,2,123006,31455,0,5.6269,0.4012,0.1408,0,6.1689,0
78,cpu_t8,3,123006,31455,0,3.7411,0.3764,0.1843,0,4.3018,0
78,cpu_t8,4,123006,31455,0,18.6984,0.3509,0.1740,0,19.2233,0
78,cpu_t16,0,123006,31455,0,1.2759,0.3561,0.1752,0,1.8072,0
78,cpu_t16,1,123006,31455,0,1.2830,0.3754,0.1751,0,1.8335,0
78,cpu_t16,2,123006,31455,0,0.8846,0.2585,0.1751,0,1.3182,0
78,cpu_t16,3,123006,31455,0,0.7401,0.3208,0.1808,0,1.2416,0
78,cpu_t16,4,123006,31455,0,0.7573,0.2170,0.1820,0,1.1564,0
78,gpu_thrust_uf,0,123006,31455,0.0779,1.0563,0.0973,0.1864,0.0293,1.3651,0
78,gpu_thrust_uf,1,123006,31455,0.0781,0.8638,0.0451,0.1864,0.0261,1.1276,0
78,gpu_thrust_uf,2,123006,31455,0.0814,1.2447,0.0440,0.1874,0.0373,1.4854,0
78,gpu_thrust_uf,3,123006,31455,0.0788,1.0552,0.0522,0.1864,0.0258,1.3067,0
78,gpu_thrust_uf,4,123006,31455,0.0808,1.0841,0.0696,0.1864,0.0261,1.3468,0
78,gpu_hash_uf,0,123006,31455,0.0780,0.2110,0.0532,0.1853,0.0252,0.5390,0
78,gpu_hash_uf,1,123006,31455,0.0799,0.1955,0.0451,0.1864,0.0305,0.5156,0
78,gpu_hash_uf,2,123006,31455,0.0798,0.2047,0.0461,0.1864,0.0247,0.5214,0
78,gpu_hash_uf,3,123006,31455,0.0769,0.1943,0.0451,0.1864,0.0475,0.5261,0
78,gpu_hash_uf,4,123006,31455,0.0778,0.2171,0.0451,0.1853,0.0257,0.5310,0
78,gpu_hash_prop,0,123006,31455,0.0830,0.3009,0.0676,15.3631,0.0396,14.5486,183
78,gpu_hash_prop,1,123006,31455,0.0838,0.2949,0.0850,15.1420,0.0284,14.3619,183
78,gpu_hash_prop,2,123006,31455,0.0780,0.2625,0.0758,12.3802,0.0320,11.7821,183
78,gpu_hash_prop,3,123006,31455,0.0942,2.1542,0.0481,11.9562,0.0263,13.1074,183
78,gpu_hash_prop,4,123006,31455,0.0822,0.2503,0.0440,13.9295,0.0473,13.1867,183
79,cpu_t1,0,123026,31284,0,3.7111,1.8871,0.1408,0,5.7390,0
79,cpu_t1,1,123026,31284,0,3.9551,1.5443,0.1426,0,5.6420,0
79,cpu_t1,2,123026,31284,0,3.6481,1.3577,0.1404,0,5.1461,0
79,cpu_t1,3,123026,31284,0,3.6215,1.3402,0.1404,0,5.1021,0
79,cpu_t1,4,123026,31284,0,3.6868,1.3701,0.1397,0,5.1966,0
79,cpu_t2,0,123026,31284,0,12.3072,0.7351,0.1433,0,13.1856,0
79,cpu_t2,1,123026,31284,0,10.6958,0.7131,0.1434,0,11.5523,0
79,cpu_t2,2,123026,31284,0,6.9871,0.6826,0.1435,0,7.8132,0
79,cpu_t2,3,123026,31284,0,16.6736,0.7012,0.1416,0,17.5164,0
79,cpu_t2,4,123026,31284,0,8.9914,0.7362,0.1468,0,9.8744,0
79,cpu_t4,0,123026,31284,0,4.4713,0.4754,0.1691,0,5.1158,0
79,cpu_t4,1,123026,31284,0,6.9779,0.5077,0.2068,0,7.6924,0
79,cpu_t4,2,123026,31284,0,18.9876,0.7531,0.1801,0,19.9208,0
79,cpu_t4,3,123026,31284,0,10.5021,0.7048,0.1694,0,11.3764,0
79,cpu_t4,4,123026,31284,0,4.5454,0.7176,0.1891,0,5.4522,0
79,cpu_t8,0,123026,31284,0,6.6794,0.3716,0.2642,0,7.3151,0
79,cpu_t8,1,123026,31284,0,12.4154,0.3619,0.2010,0,12.9783,0
79,cpu_t8,2,123026,31284,0,10.1878,0.4229,0.1792,0,10.7899,0
79,cpu_t8,3,123026,31284,0,6.6029,0.3832,0.1759,0,7.1620,0
79,cpu_t8,4,123026,31284,0,3.6996,0.3712,0.1425,0,4.2133,0
79,cpu_t16,0,123026,31284,0,0.8773,0.1937,0.1755,0,1.2465,0
79,cpu_t16,1,123026,31284,0,0.7875,0.5510,0.1696,0,1.5081,0
79,cpu_t16,2,123026,31284,0,1.3450,0.3233,0.1747,0,1.8430,0
79,cpu_t16,3,123026,31284,0,1.2723,0.3516,0.2020,0,1.8259,0
79,cpu_t16,4,123026,31284,0,1.3011,0.3531,0.1791,0,1.8333,0
79,gpu_thrust_uf,0,123026,31284,0.0783,0.9356,0.0543,0.2243,0.0332,1.2504,0
79,gpu_thrust_uf,1,123026,31284,0.0825,0.8147,0.0727,0.2529,0.0283,1.1793,0
79,gpu_thrust_uf,2,123026,31284,0.0768,0.8003,0.0778,0.2509,0.0384,1.1657,0
79,gpu_thrust_uf,3,123026,31284,0.0779,0.7674,0.0737,0.2478,0.0273,1.1213,0
79,gpu_thrust_uf,4,123026,31284,0.0781,0.8644,0.0778,0.2406,0.0273,1.2117,0
79,gpu_hash_uf,0,123026,31284,0.0796,1.1742,0.0522,0.2263,0.0404,1.4697,0
79,gpu_hash_uf,1,123026,31284,0.0783,0.2344,0.0481,0.2243,0.0371,0.5979,0
79,gpu_hash_uf,2,123026,31284,0.0779,0.2512,0.0481,0.2253,0.0366,0.6150,0
79,gpu_hash_uf,3,123026,31284,0.0779,0.2226,0.0440,0.2253,0.0333,0.5814,0
79,gpu_hash_uf,4,123026,31284,0.0785,1.8985,0.0451,0.2253,0.0297,2.1167,0
79,gpu_hash_prop,0,123026,31284,0.0780,2.3757,0.0451,15.0262,0.0285,16.1217,189
79,gpu_hash_prop,1,123026,31284,0.1086,1.0484,0.0922,19.0597,0.0512,18.6964,189
79,gpu_hash_prop,2,123026,31284,0.0804,0.2887,0.0727,15.2484,0.0303,14.4338,189
79,gpu_hash_prop,3,123026,31284,0.0834,0.2999,0.0522,14.3350,0.0185,13.5816,189
79,gpu_hash_prop,4,123026,31284,0.0894,0.8757,0.0481,11.8723,0.0239,11.8625,189
80,cpu_t1,0,123176,31397,0,3.6509,1.4147,0.1474,0,5.2131,0
80,cpu_t1,1,123176,31397,0,3.6335,1.3741,0.1439,0,5.1516,0
80,cpu_t1,2,123176,31397,0,3.6112,1.3637,0.1441,0,5.1191,0
80,cpu_t1,3,123176,31397,0,3.6386,1.3520,0.1444,0,5.1349,0
80,cpu_t1,4,123176,31397,0,3.6028,1.4143,0.1437,0,5.1608,0
80,cpu_t2,0,123176,31397,0,15.0408,0.6864,0.1690,0,15.8962,0
80,cpu_t2,1,123176,31397,0,15.1139,0.6750,0.1462,0,15.9351,0
80,cpu_t2,2,123176,31397,0,6.8833,0.8660,0.1579,0,7.9073,0
80,cpu_t2,3,123176,31397,0,21.0498,0.6927,0.1479,0,21.8905,0
80,cpu_t2,4,123176,31397,0,4.9996,0.6894,0.1488,0,5.8377,0
80,cpu_t4,0,123176,31397,0,1.9425,0.3802,0.1602,0,2.4828,0
80,cpu_t4,1,123176,31397,0,1.7440,0.3953,0.1485,0,2.2878,0
80,cpu_t4,2,123176,31397,0,1.9764,0.7611,0.1810,0,2.9185,0
80,cpu_t4,3,123176,31397,0,2.0151,0.3831,0.1513,0,2.5495,0
80,cpu_t4,4,123176,31397,0,2.7375,0.4859,0.1505,0,3.3739,0
80,cpu_t8,0,123176,31397,0,1.8446,0.3405,0.1899,0,2.3749,0
80,cpu_t8,1,123176,31397,0,1.6813,0.3319,0.1578,0,2.1710,0
80,cpu_t8,2,123176,31397,0,1.6264,0.3705,0.1536,0,2.1505,0
80,cpu_t8,3,123176,31397,0,4.7615,0.3706,0.1784,0,5.3105,0
80,cpu_t8,4,123176,31397,0,18.9738,0.3515,0.1476,0,19.4728,0
80,cpu_t16,0,123176,31397,0,1.5510,0.3933,0.1798,0,2.1241,0
80,cpu_t16,1,123176,31397,0,1.3327,0.3906,0.1781,0,1.9014,0
80,cpu_t16,2,123176,31397,0,1.7948,0.2904,0.1764,0,2.2615,0
80,cpu_t16,3,123176,31397,0,1.2684,0.3107,0.1795,0,1.7587,0
80,cpu_t16,4,123176,31397,0,1.2607,0.3541,0.1761,0,1.7909,0
80,gpu_thrust_uf,0,123176,31397,0.0811,1.1380,0.1587,0.2048,0.0288,1.5114,0
80,gpu_thrust_uf,1,123176,31397,0.1113,1.2339,0.0522,0.2058,0.0283,1.5283,0
80,gpu_thrust_uf,2,123176,31397,0.0771,0.7028,0.0522,0.2058,0.0275,1.0042,0
80,gpu_thrust_uf,3,123176,31397,0.0899,2.4927,0.0461,0.2048,0.0340,2.6578,0
80,gpu_thrust_uf,4,123176,31397,0.0782,0.8239,0.0481,0.2048,0.0390,1.1208,0
80,gpu_hash_uf,0,123176,31397,0.0770,0.2554,0.0481,0.2058,0.0342,0.5944,0
80,gpu_hash_uf,1,123176,31397,0.0782,0.4808,0.0776,0.3226,0.0484,0.9624,0
80,gpu_hash_uf,2,123176,31397,0.0783,0.3699,0.1239,0.2048,0.0297,0.7943,0
80,gpu_hash_uf,3,123176,31397,0.0782,0.4334,0.0980,0.3133,0.0292,0.9040,0
80,gpu_hash_uf,4,123176,31397,0.0769,0.5014,0.0440,0.2458,0.0295,0.8507,0
80,gpu_hash_prop,0,123176,31397,0.0803,1.4824,0.0451,14.3811,0.0232,14.7103,191
80,gpu_hash_prop,1,123176,31397,0.0781,0.2297,0.0440,16.3082,0.0588,15.3447,191
80,gpu_hash_prop,2,123176,31397,0.0807,0.4308,0.0481,19.6403,0.0155,18.5527,191
80,gpu_hash_prop,3,123176,31397,0.0782,0.4854,0.0451,13.0406,0.0267,12.5610,191
80,gpu_hash_prop,4,123176,31397,0.0768,1.2672,0.0451,23.8377,0.1130,23.2561,191
81,cpu_t1,0,123136,31508,0,3.8762,1.4556,0.1521,0,5.4839,0
81,cpu_t1,1,123136,31508,0,3.7805,1.3917,0.1634,0,5.3356,0
81,cpu_t1,2,123136,31508,0,3.9124,1.4749,0.1613,0,5.5486,0
81,cpu_t1,3,123136,31508,0,3.8220,1.4247,0.1477,0,5.3944,0
81,cpu_t1,4,123136,31508,0,3.7381,1.5373,0.1509,0,5.4263,0
81,cpu_t2,0,123136,31508,0,16.1617,0.9372,0.2089,0,17.3078,0
81,cpu_t2,1,123136,31508,0,7.6954,0.9152,0.2004,0,8.8111,0
81,cpu_t2,2,123136,31508,0,7.6064,0.7195,0.1498,0,8.4757,0
81,cpu_t2,3,123136,31508,0,7.8498,0.9644,0.2063,0,9.0205,0
81,cpu_t2,4,123136,31508,0,7.2172,0.7148,0.1515,0,8.0835,0
81,cpu_t4,0,123136,31508,0,15.3975,0.7044,0.1854,0,16.2873,0
81,cpu_t4,1,123136,31508,0,21.5284,0.4948,0.1510,0,22.1742,0
81,cpu_t4,2,123136,31508,0,20.6207,0.5082,0.1512,0,21.2802,0
81,cpu_t4,3,123136,31508,0,4.2207,0.4656,0.1503,0,4.8366,0
81,cpu_t4,4,123136,31508,0,22.4742,0.3985,0.1507,0,23.0235,0
81,cpu_t8,0,123136,31508,0,1.8301,0.3848,0.1521,0,2.3670,0
81,cpu_t8,1,123136,31508,0,1.9571,0.3736,0.1537,0,2.4844,0
81,cpu_t8,2,123136,31508,0,12.5822,0.3782,0.1826,0,13.1430,0
81,cpu_t8,3,123136,31508,0,1.5850,0.2598,0.1524,0,1.9972,0
81,cpu_t8,4,123136,31508,0,1.6066,0.3902,0.1503,0,2.1471,0
81,cpu_t16,0,123136,31508,0,2.5326,0.9683,0.1849,0,3.6858,0
81,cpu_t16,1,123136,31508,0,1.8388,0.4016,0.1842,0,2.4246,0
81,cpu_t16,2,123136,31508,0,1.2842,0.3735,0.1851,0,1.8427,0
81,cpu_t16,3,123136,31508,0,1.2933,0.3594,0.1839,0,1.8366,0
81,cpu_t16,4,123136,31508,0,1.2849,0.3648,0.1829,0,1.8326,0
81,gpu_thrust_uf,0,123136,31508,0.0824,1.0820,0.1935,0.4659,0.0285,1.7361,0
81,gpu_thrust_uf,1,123136,31508,0.0779,2.0687,0.0451,0.2212,0.0509,2.2875,0
81,gpu_thrust_uf,2,123136,31508,0.0991,1.5608,0.0778,0.2202,0.0235,1.8417,0
81,gpu_thrust_uf,3,123136,31508,0.0825,0.9858,0.0532,0.2191,0.0316,1.2909,0
81,gpu_thrust_uf,4,123136,31508,0.0782,0.8082,0.0727,0.2529,0.0270,1.1662,0
81,gpu_hash_uf,0,123136,31508,0.0780,0.2805,0.0655,0.2191,0.0265,0.6384,0
81,gpu_hash_uf,1,123136,31508,0.0800,0.3066,0.0727,0.2519,0.0314,0.7037,0
81,gpu_hash_uf,2,123136,31508,0.0779,0.2481,0.0451,0.2191,0.0494,0.6117,0
81,gpu_hash_uf,3,123136,31508,0.0779,0.2581,0.0809,0.2611,0.0373,0.6854,0
81,gpu_hash_uf,4,123136,31508,0.0780,0.2523,0.0492,0.2191,0.0277,0.6006,0
81,gpu_hash_prop,0,123136,31508,0.0808,0.2302,0.0727,18.3675,0.0274,17.2299,194
81,gpu_hash_prop,1,123136,31508,0.0810,0.2177,0.0481,15.0016,0.0467,14.1320,194
81,gpu_hash_prop,2,123136,31508,0.0804,0.2515,0.0717,17.0715,0.1191,16.1792,194
81,gpu_hash_prop,3,123136,31508,0.0784,0.7077,0.0983,18.4453,0.0235,17.7672,194
81,gpu_hash_prop,4,123136,31508,0.1016,0.2672,0.0521,15.4470,0.0519,14.6220,194
82,cpu_t1,0,123152,31338,0,3.6920,1.3543,0.1415,0,5.1879,0
82,cpu_t1,1,123152,31338,0,3.8701,1.4200,0.1447,0,5.4348,0
82,cpu_t1,2,123152,31338,0,3.6948,1.3554,0.1427,0,5.1929,0
82,cpu_t1,3,123152,31338,0,3.6752,1.3593,0.1783,0,5.2129,0
82,cpu_t1,4,123152,31338,0,3.9414,1.4181,0.1427,0,5.5022,0
82,cpu_t2,0,123152,31338,0,22.1749,0.7290,0.1443,0,23.0482,0
82,cpu_t2,1,123152,31338,0,4.3707,0.7066,0.1489,0,5.2261,0
82,cpu_t2,2,123152,31338,0,9.9208,0.7059,0.1459,0,10.7726,0
82,cpu_t2,3,123152,31338,0,2.4496,1.0194,0.2108,0,3.6798,0
82,cpu_t2,4,123152,31338,0,5.0041,0.6965,0.1447,0,5.8453,0
82,cpu_t4,0,123152,31338,0,12.9182,0.4950,0.1475,0,13.5608,0
82,cpu_t4,1,123152,31338,0,12.0570,0.5078,0.1437,0,12.7085,0
82,cpu_t4,2,123152,31338,0,12.9353,0.4072,0.1489,0,13.4914,0
82,cpu_t4,3,123152,31338,0,9.8424,0.7132,0.1445,0,10.7000,0
82,cpu_t4,4,123152,31338,0,20.8663,0.5300,0.1449,0,21.5412,0
82,cpu_t8,0,123152,31338,0,6.7361,0.3642,0.1428,0,7.2431,0
82,cpu_t8,1,123152,31338,0,1.3755,0.3698,0.1569,0,1.9022,0
82,cpu_t8,2,123152,31338,0,1.5708,0.3841,0.1428,0,2.0978,0
82,cpu_t8,3,123152,31338,0,12.5228,0.4035,0.1740,0,13.1003,0
82,cpu_t8,4,123152,31338,0,4.3930,0.3308,0.1440,0,4.8678,0
82,cpu_t16,0,123152,31338,0,1.3781,0.4164,0.1748,0,1.9693,0
82,cpu_t16,1,123152,31338,0,1.2839,0.3308,0.1726,0,1.7874,0
82,cpu_t16,2,123152,31338,0,1.2803,0.3948,0.1747,0,1.8497,0
82,cpu_t16,3,123152,31338,0,1.2735,0.1988,0.1793,0,1.6516,0
82,cpu_t16,4,123152,31338,0,0.7519,0.2022,0.1737,0,1.1279,0
82,gpu_thrust_uf,0,123152,31338,0.0822,0.8771,0.0522,0.2089,0.0271,1.1775,0
82,gpu_thrust_uf,1,123152,31338,0.0780,0.7992,0.0481,0.2099,0.0251,1.0949,0
82,gpu_thrust_uf,2,123152,31338,0.0768,0.7972,0.0870,0.2090,0.0279,1.1216,0
82,gpu_thrust_uf,3,123152,31338,0.0779,0.7729,0.0748,0.2099,0.0348,1.0987,0
82,gpu_thrust_uf,4,123152,31338,0.0782,1.3532,0.0778,0.2099,0.0266,1.6235,0
82,gpu_hash_uf,0,123152,31338,0.0859,2.0064,0.0522,0.2089,0.0281,2.2047,0
82,gpu_hash_uf,1,123152,31338,0.0769,0.2540,0.0758,0.2099,0.0276,0.6139,0
82,gpu_hash_uf,2,123152,31338,0.0797,0.2612,0.0727,0.2089,0.0252,0.6183,0
82,gpu_hash_uf,3,123152,31338,0.0780,0.2620,0.0748,0.2089,0.0262,0.6217,0
82,gpu_hash_uf,4,123152,31338,0.0768,0.2435,0.0696,0.2089,0.0256,0.5955,0
82,gpu_hash_prop,0,123152,31338,0.0800,0.2069,0.0696,16.2662,0.0448,15.3019,195
82,gpu_hash_prop,1,123152,31338,0.0803,0.2957,0.0666,16.3738,0.0336,15.4685,195
82,gpu_hash_prop,2,123152,31338,0.0836,0.2801,0.0594,16.2222,0.0238,15.3041,195
82,gpu_hash_prop,3,123152,31338,0.0803,0.2842,0.0666,15.7010,0.0705,14.8721,195
82,gpu_hash_prop,4,123152,31338,0.0783,0.2604,0.0870,15.6508,0.0302,14.7836,195
83,cpu_t1,0,123109,31150,0,3.7417,1.2874,0.1387,0,5.1678,0
83,cpu_t1,1,123109,31150,0,3.6760,1.2860,0.1369,0,5.0989,0
83,cpu_t1,2,123109,31150,0,3.6883,1.2646,0.1371,0,5.0901,0
83,cpu_t1,3,123109,31150,0,3.7122,1.3150,0.1478,0,5.1750,0
83,cpu_t1,4,123109,31150,0,3.6849,1.2884,0.1371,0,5.1104,0
83,cpu_t2,0,123109,31150,0,3.7709,0.6853,0.1386,0,4.5948,0
83,cpu_t2,1,123109,31150,0,22.2394,0.7749,0.1406,0,23.1549,0
83,cpu_t2,2,123109,31150,0,7.2602,0.7009,0.1382,0,8.0993,0
83,cpu_t2,3,123109,31150,0,10.8176,0.6980,0.1403,0,11.6558,0
83,cpu_t2,4,123109,31150,0,3.7409,0.6727,0.1409,0,4.5545,0
83,cpu_t4,0,123109,31150,0,9.6719,0.3415,0.1404,0,10.1539,0
83,cpu_t4,1,123109,31150,0,4.2305,0.3915,0.1655,0,4.7875,0
83,cpu_t4,2,123109,31150,0,1.8305,0.5495,0.1402,0,2.5202,0
83,cpu_t4,3,123109,31150,0,13.1348,0.7227,0.1394,0,13.9968,0
83,cpu_t4,4,123109,31150,0,1.9391,0.4705,0.1403,0,2.5499,0
83,cpu_t8,0,123109,31150,0,1.1329,0.3546,0.1734,0,1.6609,0
83,cpu_t8,1,123109,31150,0,4.1095,0.3870,0.1777,0,4.6742,0
83,cpu_t8,2,123109,31150,0,4.3873,0.3557,0.1583,0,4.9014,0
83,cpu_t8,3,123109,31150,0,21.6765,0.3603,0.1534,0,22.1902,0
83,cpu_t8,4,123109,31150,0,3.7650,0.3694,0.1416,0,4.2760,0
83,cpu_t16,0,123109,31150,0,1.4502,0.3831,0.1720,0,2.0053,0
83,cpu_t16,1,123109,31150,0,0.7958,0.2416,0.1746,0,1.2119,0
83,cpu_t16,2,123109,31150,0,0.7323,0.1874,0.1720,0,1.0918,0
83,cpu_t16,3,123109,31150,0,0.7733,0.1963,0.1700,0,1.1397,0
83,cpu_t16,4,123109,31150,0,0.7874,0.1868,0.1777,0,1.1520,0
83,gpu_thrust_uf,0,123109,31150,0.0799,0.8876,0.0676,0.2908,0.0412,1.2868,0
83,gpu_thrust_uf,1,123109,31150,0.0817,2.0917,0.0614,0.2908,0.0252,2.3824,0
83,gpu_thrust_uf,2,123109,31150,0.0818,0.9484,0.0840,0.2918,0.0212,1.3338,0
83,gpu_thrust_uf,3,123109,31150,0.0780,3.1653,0.1085,0.3256,0.0430,3.4343,0
83,gpu_thrust_uf,4,123109,31150,0.0780,0.9675,0.1034,0.2908,0.0321,1.3746,0
83,gpu_hash_uf,0,123109,31150,0.0772,0.2637,0.0676,0.2908,0.0266,0.6866,0
83,gpu_hash_uf,1,123109,31150,0.0780,0.2912,0.0686,0.2898,0.0234,0.7133,0
83,gpu_hash_uf,2,123109,31150,0.0806,0.3088,0.0604,0.2908,0.0247,0.7242,0
83,gpu_hash_uf,3,123109,31150,0.0798,0.2822,0.0645,0.2908,0.0203,0.6985,0
83,gpu_hash_uf,4,123109,31150,0.0769,0.2733,0.0645,0.2908,0.0276,0.6954,0
83,gpu_hash_prop,0,123109,31150,0.0890,2.3541,0.1137,22.4809,0.0304,23.0007,195
83,gpu_hash_prop,1,123109,31150,0.0853,0.3536,0.1444,23.3892,0.0902,22.0781,195
83,gpu_hash_prop,2,123109,31150,0.0987,0.5856,0.0982,25.5857,0.0546,24.2485,195
83,gpu_hash_prop,3,123109,31150,0.0882,0.4894,0.0625,26.1140,0.0340,24.5762,195
83,gpu_hash_prop,4,123109,31150,0.1219,0.3617,0.1137,22.3263,0.0878,21.1276,195
84,cpu_t1,0,123053,31190,0,3.9594,1.3486,0.1578,0,5.4658,0
84,cpu_t1,1,123053,31190,0,4.0191,1.3529,0.1398,0,5.5118,0
84,cpu_t1,2,123053,31190,0,3.9375,1.3708,0.1365,0,5.4448,0
84,cpu_t1,3,123053,31190,0,3.9004,1.4473,0.1335,0,5.4812,0
84,cpu_t1,4,123053,31190,0,3.9833,1.4225,0.1497,0,5.5555,0
84,cpu_t2,0,123053,31190,0,3.9086,0.6901,0.1427,0,4.7415,0
84,cpu_t2,1,123053,31190,0,20.6078,0.7170,0.1505,0,21.4754,0
84,cpu_t2,2,123053,31190,0,22.0896,0.7085,0.1367,0,22.9348,0
84,cpu_t2,3,123053,31190,0,17.4700,0.8543,0.1382,0,18.4625,0
84,cpu_t2,4,123053,31190,0,7.3120,0.7279,0.1357,0,8.1756,0
84,cpu_t4,0,123053,31190,0,13.1801,0.4790,0.1355,0,13.7946,0
84,cpu_t4,1,123053,31190,0,2.0054,0.4894,0.1393,0,2.6341,0
84,cpu_t4,2,123053,31190,0,1.8318,0.3978,0.1425,0,2.3722,0
84,cpu_t4,3,123053,31190,0,1.7092,0.4056,0.1363,0,2.2511,0
84,cpu_t4,4,123053,31190,0,18.2920,0.7180,0.1755,0,19.1855,0
84,cpu_t8,0,123053,31190,0,15.6982,0.3583,0.1700,0,16.2265,0
84,cpu_t8,1,123053,31190,0,12.9009,0.2630,0.1821,0,13.3459,0
84,cpu_t8,2,123053,31190,0,5.3911,0.3808,0.1702,0,5.9422,0
84,cpu_t8,3,123053,31190,0,3.8471,0.3767,0.1698,0,4.3936,0
84,cpu_t8,4,123053,31190,0,7.1427,0.3704,0.1683,0,7.6814,0
84,cpu_t16,0,123053,31190,0,0.7355,0.1991,0.1740,0,1.1087,0
84,cpu_t16,1,123053,31190,0,1.1332,0.3700,0.1676,0,1.6709,0
84,cpu_t16,2,123053,31190,0,1.2928,0.3151,0.1694,0,1.7773,0
84,cpu_t16,3,123053,31190,0,1.5686,0.3666,0.1680,0,2.1032,0
84,cpu_t16,4,123053,31190,0,1.1720,0.2201,0.1673,0,1.5594,0
84,gpu_thrust_uf,0,123053,31190,0.0781,0.9042,0.0758,0.3533,0.0317,1.3611,0
84,gpu_thrust_uf,1,123053,31190,0.0803,0.9454,0.0666,0.4833,0.0380,1.5246,0
84,gpu_thrust_uf,2,123053,31190,0.0812,1.2660,0.1075,0.4526,0.0556,1.8514,0
84,gpu_thrust_uf,3,123053,31190,0.0859,0.9476,0.0788,0.4485,0.0411,1.6089,0
84,gpu_thrust_uf,4,123053,31190,0.0840,1.7386,0.0799,0.4803,0.0387,2.2656,0
84,gpu_hash_uf,0,123053,31190,0.0784,3.3164,0.0717,0.4659,0.0345,3.6901,0
84,gpu_hash_uf,1,123053,31190,0.0913,0.6432,0.0717,0.4741,0.0335,1.2543,0
84,gpu_hash_uf,2,123053,31190,0.0868,0.7383,0.0796,0.4178,0.0381,1.2976,0
84,gpu_hash_uf,3,123053,31190,0.0861,0.7130,0.1249,0.4116,0.0542,1.3190,0
84,gpu_hash_uf,4,123053,31190,0.0804,0.6387,0.0666,0.4731,0.0359,1.2361,0
84,gpu_hash_prop,0,123053,31190,0.0839,0.2417,0.0666,28.7754,0.1276,26.9139,193
84,gpu_hash_prop,1,123053,31190,0.0770,0.6349,0.1208,13.1164,0.0196,12.8331,193
84,gpu_hash_prop,2,123053,31190,0.0812,0.2332,0.0655,13.3335,0.0310,12.6248,193
84,gpu_hash_prop,3,123053,31190,0.0810,0.8699,0.0655,18.1627,0.0575,17.6556,193
84,gpu_hash_prop,4,123053,31190,0.0811,0.2837,0.0655,16.5837,0.0955,15.7086,193
85,cpu_t1,0,123124,31028,0,4.1309,1.3956,0.1782,0,5.7047,0
85,cpu_t1,1,123124,31028,0,3.8322,1.4560,0.1642,0,5.4525,0
85,cpu_t1,2,123124,31028,0,4.9555,1.3331,0.1747,0,6.4633,0
85,cpu_t1,3,123124,31028,0,3.8660,1.3515,0.1637,0,5.3813,0
85,cpu_t1,4,123124,31028,0,4.2280,1.6075,0.1661,0,6.0017,0
85,cpu_t2,0,123124,31028,0,1.5861,0.6765,0.1667,0,2.4294,0
85,cpu_t2,1,123124,31028,0,4.4478,0.7481,0.1665,0,5.3624,0
85,cpu_t2,2,123124,31028,0,13.0161,0.7164,0.1754,0,13.9079,0
85,cpu_t2,3,123124,31028,0,4.6701,1.4184,0.2076,0,6.2962,0
85,cpu_t2,4,123124,31028,0,7.0337,0.7215,0.1676,0,7.9228,0
85,cpu_t4,0,123124,31028,0,12.5516,0.4062,0.1681,0,13.1258,0
85,cpu_t4,1,123124,31028,0,4.5526,0.3670,0.1724,0,5.0920,0
85,cpu_t4,2,123124,31028,0,3.7954,0.7299,0.1681,0,4.6934,0
85,cpu_t4,3,123124,31028,0,12.9460,0.7194,0.2151,0,13.8805,0
85,cpu_t4,4,123124,31028,0,13.2314,0.4041,0.1682,0,13.8037,0
85,cpu_t8,0,123124,31028,0,1.1347,0.3786,0.1653,0,1.6787,0
85,cpu_t8,1,123124,31028,0,1.1953,0.3820,0.1646,0,1.7419,0
85,cpu_t8,2,123124,31028,0,2.0361,0.3563,0.1676,0,2.5600,0
85,cpu_t8,3,123124,31028,0,1.5932,0.3486,0.2094,0,2.1513,0
85,cpu_t8,4,123124,31028,0,6.5418,0.3440,0.1677,0,7.0536,0
85,cpu_t16,0,123124,31028,0,1.5430,0.6119,0.2551,0,2.4099,0
85,cpu_t16,1,123124,31028,0,1.3661,0.3428,0.2086,0,1.9175,0
85,cpu_t16,2,123124,31028,0,1.2739,0.3807,0.2145,0,1.8691,0
85,cpu_t16,3,123124,31028,0,1.3476,0.3671,0.2160,0,1.9307,0
85,cpu_t16,4,123124,31028,0,1.2678,0.2116,0.2136,0,1.6930,0
85,gpu_thrust_uf,0,123124,31028,0.0838,0.9084,0.0707,0.3052,0.0321,1.3190,0
85,gpu_thrust_uf,1,123124,31028,0.0780,0.8503,0.0993,0.3052,0.0530,1.3020,0
85,gpu_thrust_uf,2,123124,31028,0.0780,0.8697,0.0737,0.3052,0.0212,1.2627,0
85,gpu_thrust_uf,3,123124,31028,0.0782,2.0826,0.0666,0.3072,0.0273,2.3749,0
85,gpu_thrust_uf,4,123124,31028,0.0784,0.8981,0.0737,0.3052,0.0247,1.2911,0
85,gpu_hash_uf,0,123124,31028,0.0803,0.2294,0.0745,0.3052,0.0262,0.6751,0
85,gpu_hash_uf,1,123124,31028,0.0799,0.2147,0.0696,0.3052,0.0300,0.6674,0
85,gpu_hash_uf,2,123124,31028,0.0806,0.2402,0.0696,0.3052,0.0197,0.6816,0
85,gpu_hash_uf,3,123124,31028,0.0769,0.2436,0.0696,0.3052,0.0203,0.6786,0
85,gpu_hash_uf,4,123124,31028,0.0799,0.2193,0.0696,0.3052,0.0404,0.6801,0
85,gpu_hash_prop,0,123124,31028,0.0781,0.2438,0.0748,12.0177,1.8362,13.0838,196
85,gpu_hash_prop,1,123124,31028,0.0877,2.3458,0.0666,22.2351,0.1709,22.8550,196
85,gpu_hash_prop,2,123124,31028,0.0786,1.3745,0.1022,25.3983,0.1075,24.8314,196
85,gpu_hash_prop,3,123124,31028,0.0771,0.3876,0.1126,23.9248,0.0938,22.5693,196
85,gpu_hash_prop,4,123124,31028,0.0968,0.4259,0.1085,25.9052,0.0914,24.4355,196
86,cpu_t1,0,123033,30800,0,3.8204,1.3050,0.1485,0,5.2740,0
86,cpu_t1,1,123033,30800,0,3.8583,1.3036,0.1389,0,5.3008,0
86,cpu_t1,2,123033,30800,0,3.8687,1.3134,0.1380,0,5.3200,0
86,cpu_t1,3,123033,30800,0,3.8524,1.3066,0.1368,0,5.2958,0
86,cpu_t1,4,123033,30800,0,3.8297,1.3126,0.1367,0,5.2789,0
86,cpu_t2,0,123033,30800,0,1.6083,0.6837,0.1401,0,2.4322,0
86,cpu_t2,1,123033,30800,0,1.7187,1.3489,0.1719,0,3.2395,0
86,cpu_t2,2,123033,30800,0,1.9071,0.9779,0.1402,0,3.0252,0
86,cpu_t2,3,123033,30800,0,13.3816,1.3285,0.1533,0,14.8634,0
86,cpu_t2,4,123033,30800,0,4.5711,0.6805,0.1632,0,5.4148,0
86,cpu_t4,0,123033,30800,0,4.5345,0.3735,0.1405,0,5.0485,0
86,cpu_t4,1,123033,30800,0,21.5709,0.6942,0.1826,0,22.4476,0
86,cpu_t4,2,123033,30800,0,4.4520,0.7215,0.1729,0,5.3465,0
86,cpu_t4,3,123033,30800,0,2.0486,0.3775,0.1845,0,2.6106,0
86,cpu_t4,4,123033,30800,0,1.9756,0.4183,0.1400,0,2.5339,0
86,cpu_t8,0,123033,30800,0,1.4745,0.3849,0.1837,0,2.0431,0
86,cpu_t8,1,123033,30800,0,1.7081,0.3685,0.1823,0,2.2590,0
86,cpu_t8,2,123033,30800,0,1.6207,0.3636,0.1714,0,2.1557,0
86,cpu_t8,3,123033,30800,0,1.4517,0.3519,0.1717,0,1.9753,0
86,cpu_t8,4,123033,30800,0,2.1871,0.4200,0.1420,0,2.7491,0
86,cpu_t16,0,123033,30800,0,1.4055,0.4413,0.1933,0,2.0401,0
86,cpu_t16,1,123033,30800,0,2.0189,0.3592,0.1729,0,2.5511,0
86,cpu_t16,2,123033,30800,0,1.4334,0.3610,0.1756,0,1.9699,0
86,cpu_t16,3,123033,30800,0,2.1376,0.4305,0.1877,0,2.7558,0
86,cpu_t16,4,123033,30800,0,1.9534,0.4159,0.1808,0,2.5501,0
86,gpu_thrust_uf,0,123033,30800,0.0818,1.2459,0.0676,0.3226,0.0353,1.6420,0
86,gpu_thrust_uf,1,123033,30800,0.1028,2.7905,0.0666,0.3236,0.0443,3.0819,0
86,gpu_thrust_uf,2,123033,30800,0.0779,0.7739,0.0707,0.3215,0.0239,1.1940,0
86,gpu_thrust_uf,3,123033,30800,0.0771,0.7491,0.0707,0.3215,0.0457,1.1858,0
86,gpu_thrust_uf,4,123033,30800,0.0822,0.7760,0.0707,0.3226,0.0389,1.2192,0
86,gpu_hash_uf,0,123033,30800,0.0819,0.4154,0.0676,0.3215,0.0390,0.8780,0
86,gpu_hash_uf,1,123033,30800,0.1300,0.4800,0.1147,0.3686,0.0416,1.0739,0
86,gpu_hash_uf,2,123033,30800,0.1709,1.5651,0.0983,0.3226,0.0423,2.0473,0
86,gpu_hash_uf,3,123033,30800,0.0772,0.4430,0.0673,0.3215,0.0441,0.9002,0
86,gpu_hash_uf,4,123033,30800,0.0772,0.9179,0.0666,0.3246,0.0297,1.3508,0
86,gpu_hash_prop,0,123033,30800,0.0771,0.2407,0.0696,19.9332,0.1174,18.7551,197
86,gpu_hash_prop,1,123033,30800,0.0977,0.4524,0.1126,23.0881,0.0328,21.8285,197
86,gpu_hash_prop,2,123033,30800,0.0781,0.2671,0.0717,12.6157,0.0466,12.0113,197
86,gpu_hash_prop,3,123033,30800,0.0768,0.2819,0.0696,15.7532,0.0327,14.8842,197
86,gpu_hash_prop,4,123033,30800,0.0781,0.2441,0.0686,10.5277,0.0198,10.0505,197
87,cpu_t1,0,122955,30659,0,3.9154,1.3933,0.1543,0,5.4630,0
87,cpu_t1,1,122955,30659,0,3.9240,1.3383,0.1509,0,5.4132,0
87,cpu_t1,2,122955,30659,0,3.8886,1.3707,0.1567,0,5.4160,0
87,cpu_t1,3,122955,30659,0,3.8939,1.3841,0.1697,0,5.4477,0
87,cpu_t1,4,122955,30659,0,3.8939,1.3426,0.1499,0,5.3864,0
87,cpu_t2,0,122955,30659,0,13.7717,0.8844,0.1511,0,14.8072,0
87,cpu_t2,1,122955,30659,0,2.3115,0.8826,0.1521,0,3.3462,0
87,cpu_t2,2,122955,30659,0,7.2173,0.8967,0.2079,0,8.3219,0
87,cpu_t2,3,122955,30659,0,12.5633,0.6729,0.1516,0,13.3878,0
87,cpu_t2,4,122955,30659,0,5.0268,0.7657,0.1524,0,5.9449,0
87,cpu_t4,0,122955,30659,0,9.3468,0.3883,0.1799,0,9.9150,0
87,cpu_t4,1,122955,30659,0,4.2923,0.6155,0.1642,0,5.0720,0
87,cpu_t4,2,122955,30659,0,16.2376,0.7220,0.2003,0,17.1598,0
87,cpu_t4,3,122955,30659,0,9.2659,0.5106,0.1605,0,9.9371,0
87,cpu_t4,4,122955,30659,0,4.2342,0.5962,0.1533,0,4.9837,0
87,cpu_t8,0,122955,30659,0,11.9572,0.4007,0.1930,0,12.5509,0
87,cpu_t8,1,122955,30659,0,1.6835,0.3779,0.1524,0,2.2138,0
87,cpu_t8,2,122955,30659,0,1.5848,0.3885,0.1953,0,2.1686,0
87,cpu_t8,3,122955,30659,0,1.5879,0.3836,0.1520,0,2.1236,0
87,cpu_t8,4,122955,30659,0,1.6553,0.3884,0.1543,0,2.1980,0
87,cpu_t16,0,122955,30659,0,1.7344,0.3352,0.2093,0,2.2789,0
87,cpu_t16,1,122955,30659,0,1.3140,0.3676,0.1879,0,1.8695,0
87,cpu_t16,2,122955,30659,0,1.3126,0.3612,0.2040,0,1.8777,0
87,cpu_t16,3,122955,30659,0,1.3375,0.3751,0.2221,0,1.9347,0
87,cpu_t16,4,122955,30659,0,1.5568,0.4793,0.2295,0,2.2656,0
87,gpu_thrust_uf,0,122955,30659,0.0779,0.8567,0.0768,0.3144,0.0280,1.2787,0
87,gpu_thrust_uf,1,122955,30659,0.0768,1.3084,0.0696,0.3164,0.0273,1.6725,0
87,gpu_thrust_uf,2,122955,30659,0.0937,2.2962,0.0707,0.3144,0.0331,2.6005,0
87,gpu_thrust_uf,3,122955,30659,0.0898,1.4513,0.0727,0.3144,0.0309,1.8222,0
87,gpu_thrust_uf,4,122955,30659,0.0802,0.8428,0.0727,0.3144,0.0280,1.2515,0
87,gpu_hash_uf,0,122955,30659,0.0768,0.2547,0.0727,0.3144,0.0435,0.7204,0
87,gpu_hash_uf,1,122955,30659,0.0780,0.2423,0.0727,0.3144,0.0256,0.7011,0
87,gpu_hash_uf,2,122955,30659,0.0768,0.2544,0.0768,0.3133,0.0411,0.7221,0
87,gpu_hash_uf,3,122955,30659,0.0767,1.4447,0.0727,0.3144,0.0258,1.7962,0
87,gpu_hash_uf,4,122955,30659,0.0860,0.2831,0.1167,0.3144,0.0456,0.8106,0
87,gpu_hash_prop,0,122955,30659,0.0772,0.2863,0.0735,16.9810,0.0194,16.0043,199
87,gpu_hash_prop,1,122955,30659,0.0781,0.2655,0.0737,14.8695,0.0376,14.0712,199
87,gpu_hash_prop,2,122955,30659,0.0770,0.4568,0.1157,24.0497,0.0376,22.7020,199
87,gpu_hash_prop,3,122955,30659,0.0795,0.3724,0.0696,27.5200,0.1011,25.8306,199
87,gpu_hash_prop,4,122955,30659,0.0770,0.4564,0.1178,24.0384,0.0925,22.7415,199
88,cpu_t1,0,122978,30714,0,4.0234,1.5159,0.1483,0,5.6876,0
88,cpu_t1,1,122978,30714,0,3.8442,1.3946,0.1653,0,5.4041,0
88,cpu_t1,2,122978,30714,0,3.7802,1.3679,0.1352,0,5.2833,0
88,cpu_t1,3,122978,30714,0,3.9172,1.4310,0.1350,0,5.4832,0
88,cpu_t1,4,122978,30714,0,3.8536,1.4113,0.1456,0,5.4105,0
88,cpu_t2,0,122978,30714,0,21.8422,0.9779,0.1959,0,23.0160,0
88,cpu_t2,1,122978,30714,0,9.9635,0.6836,0.1373,0,10.7844,0
88,cpu_t2,2,122978,30714,0,7.6182,0.7068,0.1613,0,8.4864,0
88,cpu_t2,3,122978,30714,0,1.6056,0.6958,0.1341,0,2.4355,0
88,cpu_t2,4,122978,30714,0,10.2624,0.6721,0.1347,0,11.0693,0
88,cpu_t4,0,122978,30714,0,17.0120,0.5794,0.1362,0,17.7276,0
88,cpu_t4,1,122978,30714,0,12.8298,0.4292,0.1361,0,13.3951,0
88,cpu_t4,2,122978,30714,0,20.2003,0.6308,0.1362,0,20.9673,0
88,cpu_t4,3,122978,30714,0,18.7371,0.3707,0.1362,0,19.2440,0
88,cpu_t4,4,122978,30714,0,6.4883,0.6760,0.1733,0,7.3375,0
88,cpu_t8,0,122978,30714,0,10.2639,0.3685,0.1431,0,10.7755,0
88,cpu_t8,1,122978,30714,0,21.8920,0.3591,0.1369,0,22.3880,0
88,cpu_t8,2,122978,30714,0,9.4979,0.4195,0.2000,0,10.1174,0
88,cpu_t8,3,122978,30714,0,1.6508,0.3769,0.1713,0,2.1990,0
88,cpu_t8,4,122978,30714,0,1.7472,0.3868,0.1670,0,2.3011,0
88,cpu_t16,0,122978,30714,0,1.3417,0.3434,0.1649,0,1.8499,0
88,cpu_t16,1,122978,30714,0,1.2992,0.3634,0.1651,0,1.8277,0
88,cpu_t16,2,122978,30714,0,1.3444,0.4552,0.1604,0,1.9600,0
88,cpu_t16,3,122978,30714,0,1.4592,0.3878,0.1671,0,2.0141,0
88,cpu_t16,4,122978,30714,0,1.9293,0.5711,0.1668,0,2.6673,0
88,gpu_thrust_uf,0,122978,30714,0.0823,1.6573,0.0768,0.3523,0.0421,2.0623,0
88,gpu_thrust_uf,1,122978,30714,0.0781,0.8244,0.1044,2.9624,0.0346,3.7006,0
88,gpu_thrust_uf,2,122978,30714,0.0779,0.8840,0.1249,0.3523,0.0274,1.3756,0
88,gpu_thrust_uf,3,122978,30714,0.0994,0.7875,0.0799,0.3523,0.0299,1.2610,0
88,gpu_thrust_uf,4,122978,30714,0.0781,0.9247,0.0768,0.3533,0.0228,1.3657,0
88,gpu_hash_uf,0,122978,30714,0.0804,0.2789,0.0748,0.3523,0.0175,0.7533,0
88,gpu_hash_uf,1,122978,30714,0.0795,0.2781,0.0768,0.3523,0.0223,0.7662,0
88,gpu_hash_uf,2,122978,30714,0.0815,0.3416,0.1034,0.3533,0.0272,0.8859,0
88,gpu_hash_uf,3,122978,30714,0.0780,0.3205,0.0799,0.3523,0.0270,0.8103,0
88,gpu_hash_uf,4,122978,30714,0.0809,0.2846,0.1044,0.3512,0.0304,0.8023,0
88,gpu_hash_prop,0,122978,30714,0.1074,0.7412,0.0799,20.4820,0.0454,19.6975,201
88,gpu_hash_prop,1,122978,30714,0.2994,6.2077,0.0788,23.2202,0.0424,27.3874,201
88,gpu_hash_prop,2,122978,30714,0.2947,0.3574,0.0819,10.2984,0.0307,10.1667,201
88,gpu_hash_prop,3,122978,30714,0.2957,8.5694,0.0799,29.3939,0.0380,35.2025,201
88,gpu_hash_prop,4,122978,30714,0.2999,0.3782,0.0778,18.4781,0.0369,17.6907,201
89,cpu_t1,0,122919,30447,0,4.1480,1.3355,0.1402,0,5.6237,0
89,cpu_t1,1,122919,30447,0,3.6268,1.3379,0.1341,0,5.0988,0
89,cpu_t1,2,122919,30447,0,3.6677,1.3363,0.1342,0,5.1382,0
89,cpu_t1,3,122919,30447,0,4.1526,1.5460,0.1342,0,5.8328,0
89,cpu_t1,4,122919,30447,0,3.9116,1.4897,0.1534,0,5.5546,0
89,cpu_t2,0,122919,30447,0,24.7243,0.9665,0.1488,0,25.8396,0
89,cpu_t2,1,122919,30447,0,7.5121,0.7807,0.1487,0,8.4415,0
89,cpu_t2,2,122919,30447,0,7.0118,0.8530,0.1889,0,8.0537,0
89,cpu_t2,3,122919,30447,0,6.8787,0.8062,0.1514,0,7.8363,0
89,cpu_t2,4,122919,30447,0,6.9319,0.8071,0.1625,0,7.9015,0
89,cpu_t4,0,122919,30447,0,7.4583,0.4023,0.1492,0,8.0098,0
89,cpu_t4,1,122919,30447,0,7.4106,0.5238,0.1705,0,8.1048,0
89,cpu_t4,2,122919,30447,0,5.7260,0.4061,0.1716,0,6.3038,0
89,cpu_t4,3,122919,30447,0,11.6257,0.5264,0.1490,0,12.3012,0
89,cpu_t4,4,122919,30447,0,8.1193,0.4417,0.1483,0,8.7093,0
89,cpu_t8,0,122919,30447,0,11.5828,0.4377,0.1531,0,12.1736,0
89,cpu_t8,1,122919,30447,0,13.0768,0.3736,0.1960,0,13.6463,0
89,cpu_t8,2,122919,30447,0,7.4255,0.4090,0.1841,0,8.0186,0
89,cpu_t8,3,122919,30447,0,24.6902,0.4432,0.1739,0,25.3073,0
89,cpu_t8,4,122919,30447,0,1.7769,0.4118,0.1481,0,2.3368,0
89,cpu_t16,0,122919,30447,0,1.5129,0.3177,0.2134,0,2.0441,0
89,cpu_t16,1,122919,30447,0,1.3810,0.3460,0.1856,0,1.9126,0
89,cpu_t16,2,122919,30447,0,1.9860,0.5581,0.1915,0,2.7356,0
89,cpu_t16,3,122919,30447,0,1.5410,0.5410,0.1949,0,2.2769,0
89,cpu_t16,4,122919,30447,0,1.6275,0.3990,0.1931,0,2.2196,0
89,gpu_thrust_uf,0,122919,30447,0.2947,0.8004,0.0809,0.3154,0.0271,1.5400,0
89,gpu_thrust_uf,1,122919,30447,0.2937,0.6375,0.0614,0.3154,0.0278,1.3621,0
89,gpu_thrust_uf,2,122919,30447,0.2949,2.3281,0.0635,0.3215,0.0483,3.0817,0
89,gpu_thrust_uf,3,122919,30447,0.2942,6.9055,0.0655,0.3226,0.0208,7.6388,0
89,gpu_thrust_uf,4,122919,30447,0.2949,0.7174,0.0614,0.3154,0.0344,1.4502,0
89,gpu_hash_uf,0,122919,30447,0.2935,0.2347,0.0635,0.3092,0.0338,0.9605,0
89,gpu_hash_uf,1,122919,30447,0.2949,0.2209,0.0676,0.3092,0.0464,0.9643,0
89,gpu_hash_uf,2,122919,30447,0.2935,0.2498,0.0645,0.3082,0.0339,0.9795,0
89,gpu_hash_uf,3,122919,30447,0.2937,0.2216,0.0676,0.3461,0.0326,0.9935,0
89,gpu_hash_uf,4,122919,30447,0.2956,1.9276,0.0635,0.3113,0.0285,2.6565,0
89,gpu_hash_prop,0,122919,30447,0.2985,0.2723,0.0614,22.7226,0.0320,23.4090,203
89,gpu_hash_prop,1,122919,30447,0.2948,5.9222,0.0625,19.7120,0.0325,26.0484,203
89,gpu_hash_prop,2,122919,30447,0.2945,0.3369,0.0829,13.0417,0.0379,13.8190,203
89,gpu_hash_prop,3,122919,30447,0.2953,5.9274,0.0625,26.3793,0.0360,32.7341,203
89,gpu_hash_prop,4,122919,30447,0.2980,0.3742,0.0655,14.1885,0.0228,14.9764,203
90,cpu_t1,0,122987,30617,0,4.2429,1.5278,0.1438,0,5.9145,0
90,cpu_t1,1,122987,30617,0,4.1565,1.5958,0.2198,0,5.9721,0
90,cpu_t1,2,122987,30617,0,4.3912,1.4767,0.1425,0,6.0104,0
90,cpu_t1,3,122987,30617,0,4.0440,1.4994,0.1420,0,5.6854,0
90,cpu_t1,4,122987,30617,0,4.0352,1.5262,0.1415,0,5.7029,0
90,cpu_t2,0,122987,30617,0,10.7105,1.0976,0.1694,0,11.9774,0
90,cpu_t2,1,122987,30617,0,17.1009,0.7166,0.1453,0,17.9627,0
90,cpu_t2,2,122987,30617,0,7.8561,0.7174,0.1454,0,8.7189,0
90,cpu_t2,3,122987,30617,0,4.8156,0.7151,0.1445,0,5.6753,0
90,cpu_t2,4,122987,30617,0,10.1583,0.7619,0.1442,0,11.0644,0
90,cpu_t4,0,122987,30617,0,7.0495,0.4626,0.1821,0,7.6941,0
90,cpu_t4,1,122987,30617,0,10.7002,0.7355,0.1826,0,11.6182,0
90,cpu_t4,2,122987,30617,0,18.0392,0.7734,0.1811,0,18.9937,0
90,cpu_t4,3,122987,30617,0,12.8563,0.3924,0.1877,0,13.4364,0
90,cpu_t4,4,122987,30617,0,10.4560,0.5449,0.1452,0,11.1461,0
90,cpu_t8,0,122987,30617,0,12.9278,0.3865,0.1541,0,13.4684,0
90,cpu_t8,1,122987,30617,0,7.9352,0.4231,0.1465,0,8.5048,0
90,cpu_t8,2,122987,30617,0,1.1683,0.3977,0.1439,0,1.7099,0
90,cpu_t8,3,122987,30617,0,1.3606,0.3984,0.1497,0,1.9087,0
90,cpu_t8,4,122987,30617,0,1.7658,0.3816,0.1806,0,2.3279,0
90,cpu_t16,0,122987,30617,0,1.4501,0.3671,0.1936,0,2.0107,0
90,cpu_t16,1,122987,30617,0,1.4197,0.3701,0.2140,0,2.0038,0
90,cpu_t16,2,122987,30617,0,1.4097,0.3910,0.2119,0,2.0126,0
90,cpu_t16,3,122987,30617,0,1.3981,0.3942,0.1870,0,1.9792,0
90,cpu_t16,4,122987,30617,0,1.4075,0.3561,0.1853,0,1.9489,0
90,gpu_thrust_uf,0,122987,30617,0.0829,1.0345,0.0840,0.2243,0.0278,1.4955,0
90,gpu_thrust_uf,1,122987,30617,0.0826,0.7118,0.0481,0.2243,0.0273,1.1290,0
90,gpu_thrust_uf,2,122987,30617,0.0779,1.0148,0.0461,0.2253,0.0323,1.4291,0
90,gpu_thrust_uf,3,122987,30617,0.1425,2.1602,0.0492,0.2243,0.0321,2.6325,0
90,gpu_thrust_uf,4,122987,30617,0.0833,0.7881,0.0481,0.2233,0.0296,1.2078,0
90,gpu_hash_uf,0,122987,30617,0.0779,0.2687,0.0451,0.2232,0.0291,0.6656,0
90,gpu_hash_uf,1,122987,30617,0.0809,0.2123,0.0499,0.2232,0.0266,0.6199,0
90,gpu_hash_uf,2,122987,30617,0.0802,0.2059,0.0522,0.2232,0.0492,0.6362,0
90,gpu_hash_uf,3,122987,30617,0.0780,0.2535,0.0522,0.2243,0.0263,0.6644,0
90,gpu_hash_uf,4,122987,30617,0.0803,0.2615,0.0768,0.2232,0.0266,0.6938,0
90,gpu_hash_prop,0,122987,30617,0.0827,0.2270,0.0440,18.2989,0.0271,18.7290,205
90,gpu_hash_prop,1,122987,30617,0.0800,0.2746,0.0481,15.7399,0.0211,16.1847,205
90,gpu_hash_prop,2,122987,30617,0.0806,0.2838,0.0522,11.2722,0.0311,11.7403,205
90,gpu_hash_prop,3,122987,30617,0.0823,1.6585,0.0461,17.5247,0.0240,19.3574,205
90,gpu_hash_prop,4,122987,30617,0.0769,0.2602,0.0451,16.1014,0.0314,16.5365,205
91,cpu_t1,0,123040,30495,0,3.9878,1.4004,0.1418,0,5.5301,0
91,cpu_t1,1,123040,30495,0,4.0473,1.4176,0.1395,0,5.6045,0
91,cpu_t1,2,123040,30495,0,4.0402,1.4432,0.1398,0,5.6232,0
91,cpu_t1,3,123040,30495,0,3.9956,1.5095,0.1401,0,5.6452,0
91,cpu_t1,4,123040,30495,0,3.9982,1.4825,0.1400,0,5.6207,0
91,cpu_t2,0,123040,30495,0,10.5810,0.7816,0.1428,0,11.5054,0
91,cpu_t2,1,123040,30495,0,2.2291,0.7441,0.1429,0,3.1162,0
91,cpu_t2,2,123040,30495,0,4.4528,0.7251,0.1428,0,5.3207,0
91,cpu_t2,3,123040,30495,0,13.6225,0.7385,0.1450,0,14.5059,0
91,cpu_t2,4,123040,30495,0,4.3370,1.4499,0.1937,0,5.9805,0
91,cpu_t4,0,123040,30495,0,14.2131,0.4019,0.1436,0,14.7586,0
91,cpu_t4,1,123040,30495,0,1.6142,0.7478,0.1900,0,2.5520,0
91,cpu_t4,2,123040,30495,0,2.0847,0.5377,0.1711,0,2.7935,0
91,cpu_t4,3,123040,30495,0,1.5092,0.3876,0.1437,0,2.0405,0
91,cpu_t4,4,123040,30495,0,9.6440,0.4331,0.1419,0,10.2189,0
91,cpu_t8,0,123040,30495,0,1.2302,0.3987,0.1424,0,1.7714,0
91,cpu_t8,1,123040,30495,0,1.2453,0.3969,0.1427,0,1.7849,0
91,cpu_t8,2,123040,30495,0,7.6459,0.4228,0.1448,0,8.2135,0
91,cpu_t8,3,123040,30495,0,10.7050,0.3912,0.1808,0,11.2770,0
91,cpu_t8,4,123040,30495,0,7.7375,0.4285,0.1869,0,8.3529,0
91,cpu_t16,0,123040,30495,0,1.3711,0.3836,0.1756,0,1.9303,0
91,cpu_t16,1,123040,30495,0,1.2824,0.3773,0.1762,0,1.8359,0
91,cpu_t16,2,123040,30495,0,1.6514,0.4021,0.1712,0,2.2246,0
91,cpu_t16,3,123040,30495,0,1.4105,0.3879,0.1734,0,1.9718,0
91,cpu_t16,4,123040,30495,0,1.8491,0.4328,0.1898,0,2.4717,0
91,gpu_thrust_uf,0,123040,30495,0.0853,0.9090,0.0492,0.2304,0.0285,1.3405,0
91,gpu_thrust_uf,1,123040,30495,0.0768,0.8048,0.0594,0.2304,0.0394,1.2420,0
91,gpu_thrust_uf,2,123040,30495,0.0768,0.8730,0.1935,0.3656,0.0275,1.5883,0
91,gpu_thrust_uf,3,123040,30495,0.0782,1.0054,0.1014,0.3021,0.0509,1.6172,0
91,gpu_thrust_uf,4,123040,30495,0.0782,1.0710,0.0788,0.2427,0.0642,1.5703,0
91,gpu_hash_uf,0,123040,30495,0.0779,0.2279,0.0481,0.2304,0.0854,0.6973,0
91,gpu_hash_uf,1,123040,30495,0.0818,0.2059,0.0451,0.2294,0.0288,0.6305,0
91,gpu_hash_uf,2,123040,30495,0.0778,0.2207,0.0492,0.2304,0.0220,0.6277,0
91,gpu_hash_uf,3,123040,30495,0.0779,0.3109,0.0707,0.3482,0.0235,0.8799,0
91,gpu_hash_uf,4,123040,30495,0.1115,2.3758,0.0492,0.2304,0.0293,2.8286,0
91,gpu_hash_prop,0,123040,30495,0.0783,0.2114,0.0481,14.8122,0.0456,15.2185,194
91,gpu_hash_prop,1,123040,30495,0.0799,0.2894,0.0737,15.2750,0.0257,15.7693,194
91,gpu_hash_prop,2,123040,30495,0.0832,0.2103,0.0532,13.1400,0.0250,13.5405,194
91,gpu_hash_prop,3,123040,30495,0.0780,0.2378,0.0481,14.8040,0.0280,15.2193,194
91,gpu_hash_prop,4,123040,30495,0.0804,0.2823,0.0481,10.5605,0.0249,11.0208,194
92,cpu_t1,0,123020,30415,0,4.2625,1.5242,0.1519,0,5.9385,0
92,cpu_t1,1,123020,30415,0,4.0242,1.4541,0.1579,0,5.6363,0
92,cpu_t1,2,123020,30415,0,4.0651,1.4947,0.1689,0,5.7287,0
92,cpu_t1,3,123020,30415,0,4.0421,1.5023,0.1476,0,5.6920,0
92,cpu_t1,4,123020,30415,0,4.0061,1.5784,0.1471,0,5.7316,0
92,cpu_t2,0,123020,30415,0,6.3996,0.7385,0.1507,0,7.2888,0
92,cpu_t2,1,123020,30415,0,2.2976,1.0819,0.2256,0,3.6051,0
92,cpu_t2,2,123020,30415,0,2.6322,1.7107,0.1806,0,4.5235,0
92,cpu_t2,3,123020,30415,0,1.8988,0.7403,0.1525,0,2.7916,0
92,cpu_t2,4,123020,30415,0,4.5013,1.5228,0.1908,0,6.2149,0
92,cpu_t4,0,123020,30415,0,1.8230,0.7625,0.1522,0,2.7378,0
92,cpu_t4,1,123020,30415,0,2.0810,0.4500,0.1507,0,2.6817,0
92,cpu_t4,2,123020,30415,0,1.4979,0.4203,0.1499,0,2.0681,0
92,cpu_t4,3,123020,30415,0,1.9905,0.4350,0.1518,0,2.5773,0
92,cpu_t4,4,123020,30415,0,7.6916,0.3976,0.1512,0,8.2404,0
92,cpu_t8,0,123020,30415,0,5.0023,0.4109,0.1489,0,5.5621,0
92,cpu_t8,1,123020,30415,0,1.5937,0.4037,0.1538,0,2.1512,0
92,cpu_t8,2,123020,30415,0,11.2026,0.4018,0.2058,0,11.8103,0
92,cpu_t8,3,123020,30415,0,7.1217,0.4112,0.1502,0,7.6831,0
92,cpu_t8,4,123020,30415,0,11.3541,0.3974,0.1527,0,11.9041,0
92,cpu_t16,0,123020,30415,0,1.5623,0.4001,0.1857,0,2.1482,0
92,cpu_t16,1,123020,30415,0,1.6965,0.4741,0.2600,0,2.4306,0
92,cpu_t16,2,123020,30415,0,1.9397,0.4245,0.1959,0,2.5600,0
92,cpu_t16,3,123020,30415,0,1.4815,0.3683,0.2193,0,2.0691,0
92,cpu_t16,4,123020,30415,0,1.2523,0.3236,0.1943,0,1.7702,0
92,gpu_thrust_uf,0,123020,30415,0.0780,0.8882,0.0532,0.2263,0.0592,1.3446,0
92,gpu_thrust_uf,1,123020,30415,0.0821,0.8718,0.0492,0.2253,0.0272,1.2928,0
92,gpu_thrust_uf,2,123020,30415,0.0779,0.7753,0.0492,0.2263,0.0276,1.1878,0
92,gpu_thrust_uf,3,123020,30415,0.0779,0.7504,0.0492,0.2263,0.0269,1.1628,0
92,gpu_thrust_uf,4,123020,30415,0.0838,1.1468,0.0481,0.2755,0.0276,1.6207,0
92,gpu_hash_uf,0,123020,30415,0.0895,2.1819,0.0522,0.2253,0.0267,2.5982,0
92,gpu_hash_uf,1,123020,30415,0.0781,0.3189,0.0532,0.2253,0.0283,0.7344,0
92,gpu_hash_uf,2,123020,30415,0.0779,0.2919,0.0737,0.2499,0.0273,0.7497,0
92,gpu_hash_uf,3,123020,30415,0.0780,0.2596,0.0532,0.2253,0.0278,0.6701,0
92,gpu_hash_uf,4,123020,30415,0.0779,0.2124,0.0492,0.2253,0.0360,0.6319,0
92,gpu_hash_prop,0,123020,30415,0.0779,0.2049,0.0491,11.1575,0.0234,11.5365,195
92,gpu_hash_prop,1,123020,30415,0.0799,0.2618,0.0532,13.9837,0.0239,14.4243,195
92,gpu_hash_prop,2,123020,30415,0.0780,0.2433,0.0490,17.4264,0.0466,17.8666,195
92,gpu_hash_prop,3,123020,30415,0.0806,0.2294,0.0481,16.1239,0.0541,16.5616,195
92,gpu_hash_prop,4,123020,30415,0.0806,0.2626,0.0727,14.0114,0.0265,14.4788,195
93,cpu_t1,0,123127,30229,0,3.9824,1.4833,0.1467,0,5.6123,0
93,cpu_t1,1,123127,30229,0,3.9555,1.5199,0.1444,0,5.6198,0
93,cpu_t1,2,123127,30229,0,3.9171,1.4928,0.1446,0,5.5544,0
93,cpu_t1,3,123127,30229,0,3.9654,1.5064,0.1572,0,5.6289,0
93,cpu_t1,4,123127,30229,0,3.9238,1.4895,0.1439,0,5.5572,0
93,cpu_t2,0,123127,30229,0,4.8588,0.7284,0.1468,0,5.7340,0
93,cpu_t2,1,123127,30229,0,6.9807,0.7264,0.1466,0,7.8538,0
93,cpu_t2,2,123127,30229,0,7.1305,0.7698,0.1485,0,8.0487,0
93,cpu_t2,3,123127,30229,0,11.5772,0.7614,0.1498,0,12.4884,0
93,cpu_t2,4,123127,30229,0,6.3086,0.7342,0.1471,0,7.1899,0
93,cpu_t4,0,123127,30229,0,21.8810,0.6869,0.1477,0,22.7156,0
93,cpu_t4,1,123127,30229,0,10.3386,0.4454,0.1472,0,10.9313,0
93,cpu_t4,2,123127,30229,0,7.5552,0.4100,0.1702,0,8.1354,0
93,cpu_t4,3,123127,30229,0,11.9725,0.7638,0.1810,0,12.9173,0
93,cpu_t4,4,123127,30229,0,6.6657,0.4055,0.1465,0,7.2177,0
93,cpu_t8,0,123127,30229,0,13.8934,0.3823,0.1481,0,14.4237,0
93,cpu_t8,1,123127,30229,0,4.5248,0.4110,0.1474,0,5.0833,0
93,cpu_t8,2,123127,30229,0,4.0050,0.3778,0.1618,0,4.5446,0
93,cpu_t8,3,123127,30229,0,7.5113,0.4233,0.1475,0,8.0821,0
93,cpu_t8,4,123127,30229,0,13.5607,0.4033,0.1933,0,14.1572,0
93,cpu_t16,0,123127,30229,0,1.4286,0.3683,0.1888,0,1.9858,0
93,cpu_t16,1,123127,30229,0,0.8116,0.2179,0.1983,0,1.2277,0
93,cpu_t16,2,123127,30229,0,0.7745,0.2067,0.1828,0,1.1640,0
93,cpu_t16,3,123127,30229,0,0.9814,0.2098,0.1824,0,1.3737,0
93,cpu_t16,4,123127,30229,0,0.7682,0.2026,0.1867,0,1.1574,0
93,gpu_thrust_uf,0,123127,30229,0.0822,0.8835,0.0532,0.2324,0.0291,1.3164,0
93,gpu_thrust_uf,1,123127,30229,0.0780,1.6975,0.0451,0.2335,0.0381,2.1459,0
93,gpu_thrust_uf,2,123127,30229,0.0780,2.4832,0.0451,0.2335,0.0284,2.9263,0
93,gpu_thrust_uf,3,123127,30229,0.1947,0.9548,0.0717,0.2324,0.0248,1.5192,0
93,gpu_thrust_uf,4,123127,30229,0.0781,0.9596,0.0481,0.2324,0.0237,1.3728,0
93,gpu_hash_uf,0,123127,30229,0.0806,0.2981,0.0778,0.2324,0.0364,0.7437,0
93,gpu_hash_uf,1,123127,30229,0.0780,0.2186,0.0492,0.2324,0.0245,0.6328,0
93,gpu_hash_uf,2,123127,30229,0.0796,0.2053,0.0492,0.2314,0.0245,0.6189,0
93,gpu_hash_uf,3,123127,30229,0.0771,0.2203,0.0522,0.2324,0.0235,0.6305,0
93,gpu_hash_uf,4,123127,30229,0.0780,0.2097,0.0481,0.2324,0.0229,0.6178,0
93,gpu_hash_prop,0,123127,30229,0.0871,0.3274,0.0881,19.9485,0.1073,20.5820,173
93,gpu_hash_prop,1,123127,30229,0.0780,0.5048,0.0481,16.6369,0.1197,17.4136,173
93,gpu_hash_prop,2,123127,30229,0.0781,0.5362,0.1065,17.3691,0.0251,18.1461,173
93,gpu_hash_prop,3,123127,30229,0.0845,0.8535,0.0717,12.2911,0.0270,13.3596,173
93,gpu_hash_prop,4,123127,30229,0.0836,0.2520,0.0727,13.2588,0.0307,13.7245,173
94,cpu_t1,0,123140,30237,0,4.0068,1.4259,0.1478,0,5.5804,0
94,cpu_t1,1,123140,30237,0,4.0341,1.3616,0.1500,0,5.5457,0
94,cpu_t1,2,123140,30237,0,4.0917,1.3727,0.1450,0,5.6094,0
94,cpu_t1,3,123140,30237,0,3.9705,1.4533,0.1466,0,5.5704,0
94,cpu_t1,4,123140,30237,0,4.0169,1.3991,0.1449,0,5.5609,0
94,cpu_t2,0,123140,30237,0,8.2169,0.7755,0.1478,0,9.1402,0
94,cpu_t2,1,123140,30237,0,7.5999,1.2160,0.1482,0,8.9640,0
94,cpu_t2,2,123140,30237,0,6.8758,0.8665,0.1490,0,7.8913,0
94,cpu_t2,3,123140,30237,0,6.8941,0.7058,0.1490,0,7.7490,0
94,cpu_t2,4,123140,30237,0,7.4411,0.7227,0.1478,0,8.3116,0
94,cpu_t4,0,123140,30237,0,5.4867,0.7030,0.1491,0,6.3389,0
94,cpu_t4,1,123140,30237,0,12.9747,0.4776,0.1507,0,13.6031,0
94,cpu_t4,2,123140,30237,0,5.0042,0.4002,0.1479,0,5.5522,0
94,cpu_t4,3,123140,30237,0,17.5483,0.3782,0.1508,0,18.0773,0
94,cpu_t4,4,123140,30237,0,11.5602,0.4934,0.1491,0,12.2028,0
94,cpu_t8,0,123140,30237,0,19.3821,0.3994,0.1861,0,19.9676,0
94,cpu_t8,1,123140,30237,0,1.2133,0.3996,0.1869,0,1.7998,0
94,cpu_t8,2,123140,30237,0,1.3566,0.3620,0.1485,0,1.8671,0
94,cpu_t8,3,123140,30237,0,6.5838,0.3625,0.1489,0,7.0952,0
94,cpu_t8,4,123140,30237,0,1.4334,0.3960,0.1720,0,2.0014,0
94,cpu_t16,0,123140,30237,0,0.7823,0.2068,0.1868,0,1.1759,0
94,cpu_t16,1,123140,30237,0,0.7650,0.2059,0.1810,0,1.1519,0
94,cpu_t16,2,123140,30237,0,0.8072,0.2212,0.1918,0,1.2202,0
94,cpu_t16,3,123140,30237,0,0.9624,0.2167,0.1908,0,1.3699,0
94,cpu_t16,4,123140,30237,0,0.7803,0.2128,0.1915,0,1.1845,0
94,gpu_thrust_uf,0,123140,30237,0.0782,1.1432,0.0532,0.2540,0.0290,1.5953,0
94,gpu_thrust_uf,1,123140,30237,0.0780,0.7738,0.0481,0.2529,0.0365,1.2238,0
94,gpu_thrust_uf,2,123140,30237,0.0780,1.1055,0.0635,0.2540,0.0215,1.5504,0
94,gpu_thrust_uf,3,123140,30237,0.0893,2.2655,0.0451,0.2550,0.0236,2.7139,0
94,gpu_thrust_uf,4,123140,30237,0.0866,1.1573,0.0481,0.2529,0.0345,1.6089,0
94,gpu_hash_uf,0,123140,30237,0.0780,0.1999,0.0481,0.2529,0.0283,0.6289,0
94,gpu_hash_uf,1,123140,30237,0.0799,0.2025,0.0481,0.2529,0.0350,0.6453,0
94,gpu_hash_uf,2,123140,30237,0.0780,0.2661,0.0488,0.2529,0.0333,0.7142,0
94,gpu_hash_uf,3,123140,30237,0.0780,0.1994,0.0451,0.2529,0.0266,0.6367,0
94,gpu_hash_uf,4,123140,30237,0.0780,0.2351,0.0522,0.2529,0.0268,0.6699,0
94,gpu_hash_prop,0,123140,30237,0.0799,0.2305,0.0481,13.9561,0.0242,14.3591,175
94,gpu_hash_prop,1,123140,30237,0.0770,0.2740,0.0492,10.7889,0.0220,11.2328,175
94,gpu_hash_prop,2,123140,30237,0.0780,0.2126,0.0522,8.1613,0.0236,8.5537,175
94,gpu_hash_prop,3,123140,30237,0.0816,0.2483,0.1004,16.1403,0.0216,16.6187,175
94,gpu_hash_prop,4,123140,30237,0.0807,0.2906,0.0522,13.0540,0.0306,13.5260,175
95,cpu_t1,0,123162,30189,0,4.0229,1.4295,0.1850,0,5.6374,0
95,cpu_t1,1,123162,30189,0,4.4531,1.4262,0.1781,0,6.0574,0
95,cpu_t1,2,123162,30189,0,4.0344,1.3924,0.1759,0,5.6027,0
95,cpu_t1,3,123162,30189,0,3.9502,1.4288,0.1786,0,5.5575,0
95,cpu_t1,4,123162,30189,0,3.9515,1.4098,0.1762,0,5.5376,0
95,cpu_t2,0,123162,30189,0,7.2441,0.7767,0.1791,0,8.1999,0
95,cpu_t2,1,123162,30189,0,11.7464,0.7372,0.1840,0,12.6676,0
95,cpu_t2,2,123162,30189,0,7.1248,0.7258,0.1828,0,8.0335,0
95,cpu_t2,3,123162,30189,0,21.9711,0.7724,0.1778,0,22.9213,0
95,cpu_t2,4,123162,30189,0,4.1376,0.7508,0.1807,0,5.0692,0
95,cpu_t4,0,123162,30189,0,9.2054,0.4929,0.2702,0,9.9684,0
95,cpu_t4,1,123162,30189,0,21.4543,0.4143,0.1789,0,22.0475,0
95,cpu_t4,2,123162,30189,0,14.2791,0.4145,0.1812,0,14.8747,0
95,cpu_t4,3,123162,30189,0,6.1514,0.4109,0.1797,0,6.7420,0
95,cpu_t4,4,123162,30189,0,17.1971,0.5409,0.2566,0,17.9946,0
95,cpu_t8,0,123162,30189,0,6.4669,0.3971,0.2182,0,7.0821,0
95,cpu_t8,1,123162,30189,0,14.5970,0.3916,0.2192,0,15.2078,0
95,cpu_t8,2,123162,30189,0,13.7308,0.3978,0.1791,0,14.3076,0
95,cpu_t8,3,123162,30189,0,4.5896,0.3963,0.2198,0,5.2056,0
95,cpu_t8,4,123162,30189,0,11.8904,0.3512,0.1800,0,12.4216,0
95,cpu_t16,0,123162,30189,0,0.8190,0.1982,0.2187,0,1.2359,0
95,cpu_t16,1,123162,30189,0,0.7882,0.2017,0.2159,0,1.2058,0
95,cpu_t16,2,123162,30189,0,0.8656,0.2432,0.2160,0,1.3247,0
95,cpu_t16,3,123162,30189,0,0.8122,0.2009,0.2175,0,1.2305,0
95,cpu_t16,4,123162,30189,0,0.7792,0.2107,0.2268,0,1.2167,0
95,gpu_thrust_uf,0,123162,30189,0.0844,0.9022,0.0532,0.2232,0.0822,1.3820,0
95,gpu_thrust_uf,1,123162,30189,0.0780,1.3661,0.0768,0.2243,0.0276,1.8085,0
95,gpu_thrust_uf,2,123162,30189,0.0820,2.6161,0.0543,0.4311,0.0371,3.2994,0
95,gpu_thrust_uf,3,123162,30189,0.0809,0.9615,0.0696,0.2796,0.0508,1.5062,0
95,gpu_thrust_uf,4,123162,30189,0.0872,0.8962,0.0901,0.2918,0.0496,1.4661,0
95,gpu_hash_uf,0,123162,30189,0.1336,0.6365,0.1270,0.4557,0.0492,1.4522,0
95,gpu_hash_uf,1,123162,30189,0.0936,0.6323,0.1864,0.3932,0.0496,1.4057,0
95,gpu_hash_uf,2,123162,30189,0.0953,0.6025,0.1199,0.3491,0.0488,1.2637,0
95,gpu_hash_uf,3,123162,30189,0.0876,0.6265,0.1300,0.3543,0.0488,1.2973,0
95,gpu_hash_uf,4,123162,30189,0.0843,0.5767,0.1137,0.3523,0.0457,1.2209,0
95,gpu_hash_prop,0,123162,30189,0.0809,0.2759,0.0522,11.8415,0.0248,12.2965,174
95,gpu_hash_prop,1,123162,30189,0.0783,0.2499,0.0584,19.5041,0.0997,20.0408,174
95,gpu_hash_prop,2,123162,30189,0.0783,0.7850,0.1576,16.0461,0.0241,17.1205,174
95,gpu_hash_prop,3,123162,30189,0.0803,0.2756,0.0666,14.1117,0.0277,14.5828,174
95,gpu_hash_prop,4,123162,30189,0.0784,0.2837,0.1075,13.7441,0.0261,14.2608,174
96,cpu_t1,0,123253,30179,0,4.0364,1.4653,0.2274,0,5.7290,0
96,cpu_t1,1,123253,30179,0,4.0922,1.3550,0.1527,0,5.5999,0
96,cpu_t1,2,123253,30179,0,3.9968,1.3574,0.1507,0,5.5049,0
96,cpu_t1,3,123253,30179,0,3.9592,1.4186,0.1510,0,5.5288,0
96,cpu_t1,4,123253,30179,0,3.9345,1.3947,0.1510,0,5.4802,0
96,cpu_t2,0,123253,30179,0,4.3768,0.7201,0.1516,0,5.2485,0
96,cpu_t2,1,123253,30179,0,7.9365,0.7528,0.1523,0,8.8417,0
96,cpu_t2,2,123253,30179,0,7.9778,0.7339,0.1587,0,8.8703,0
96,cpu_t2,3,123253,30179,0,10.4391,1.0754,0.3725,0,11.8870,0
96,cpu_t2,4,123253,30179,0,3.7090,0.7093,0.1534,0,4.5717,0
96,cpu_t4,0,123253,30179,0,7.6892,0.4059,0.1526,0,8.2477,0
96,cpu_t4,1,123253,30179,0,7.2246,0.5621,0.1579,0,7.9446,0
96,cpu_t4,2,123253,30179,0,2.1399,0.4300,0.1531,0,2.7230,0
96,cpu_t4,3,123253,30179,0,8.7591,0.3774,0.1543,0,9.2909,0
96,cpu_t4,4,123253,30179,0,13.9917,0.4448,0.1586,0,14.5951,0
96,cpu_t8,0,123253,30179,0,7.2264,0.4162,0.1512,0,7.7938,0
96,cpu_t8,1,123253,30179,0,1.2478,0.4080,0.1628,0,1.8186,0
96,cpu_t8,2,123253,30179,0,21.0483,0.5236,0.1855,0,21.7574,0
96,cpu_t8,3,123253,30179,0,5.0064,0.3811,0.1568,0,5.5443,0
96,cpu_t8,4,123253,30179,0,21.4906,0.3465,0.1520,0,21.9891,0
96,cpu_t16,0,123253,30179,0,0.7663,0.3364,0.1910,0,1.2937,0
96,cpu_t16,1,123253,30179,0,1.5585,0.3527,0.1859,0,2.0971,0
96,cpu_t16,2,123253,30179,0,1.3966,0.4064,0.1948,0,1.9978,0
96,cpu_t16,3,123253,30179,0,1.3911,0.3641,0.1956,0,1.9507,0
96,cpu_t16,4,123253,30179,0,0.8409,0.2070,0.1962,0,1.2441,0
96,gpu_thrust_uf,0,123253,30179,0.0863,1.1039,0.0635,0.2662,0.0423,1.5994,0
96,gpu_thrust_uf,1,123253,30179,0.0780,1.1125,0.0768,0.3318,0.0415,1.6979,0
96,gpu_thrust_uf,2,123253,30179,0.0882,0.9456,0.1137,0.3584,0.0388,1.5948,0
96,gpu_thrust_uf,3,123253,30179,0.0772,0.9335,0.1117,0.4351,0.0409,1.6474,0
96,gpu_thrust_uf,4,123253,30179,0.0781,1.6433,0.0635,0.2662,0.0251,2.1073,0
96,gpu_hash_uf,0,123253,30179,0.0897,0.6418,0.0758,0.3226,0.0344,1.2134,0
96,gpu_hash_uf,1,123253,30179,0.0797,0.7189,0.1004,0.3267,0.0434,1.3173,0
96,gpu_hash_uf,2,123253,30179,0.0843,0.9434,0.1679,0.4547,0.0742,1.7543,0
96,gpu_hash_uf,3,123253,30179,0.1353,0.9504,0.1147,0.3758,0.0298,1.6526,0
96,gpu_hash_uf,4,123253,30179,0.0771,0.6253,0.1085,0.4157,0.0389,1.3123,0
96,gpu_hash_prop,0,123253,30179,0.0782,0.7548,0.0696,29.4772,0.1097,30.5593,179
96,gpu_hash_prop,1,123253,30179,0.0963,0.5676,0.0655,22.6355,0.1076,23.5298,179
96,gpu_hash_prop,2,123253,30179,0.0783,0.7265,0.0870,29.8496,0.1132,30.9161,179
96,gpu_hash_prop,3,123253,30179,0.0785,0.6737,0.1618,29.0171,0.1305,30.0930,179
96,gpu_hash_prop,4,123253,30179,0.0785,0.7085,0.1260,24.4081,0.0332,25.4360,179
97,cpu_t1,0,123259,30004,0,4.6722,1.4721,0.1569,0,6.3013,0
97,cpu_t1,1,123259,30004,0,3.9604,1.4224,0.1533,0,5.5361,0
97,cpu_t1,2,123259,30004,0,3.9601,1.4387,0.1529,0,5.5518,0
97,cpu_t1,3,123259,30004,0,4.0068,1.4290,0.1525,0,5.5883,0
97,cpu_t1,4,123259,30004,0,3.9801,1.4800,0.1525,0,5.6125,0
97,cpu_t2,0,123259,30004,0,10.7458,0.7796,0.1568,0,11.6822,0
97,cpu_t2,1,123259,30004,0,14.0073,0.7584,0.1553,0,14.9210,0
97,cpu_t2,2,123259,30004,0,15.4701,0.7226,0.1564,0,16.3492,0
97,cpu_t2,3,123259,30004,0,18.0313,0.7226,0.1562,0,18.9101,0
97,cpu_t2,4,123259,30004,0,11.3206,0.7245,0.1572,0,12.2023,0
97,cpu_t4,0,123259,30004,0,10.9511,0.3788,0.1859,0,11.5158,0
97,cpu_t4,1,123259,30004,0,4.7244,0.3821,0.1579,0,5.2644,0
97,cpu_t4,2,123259,30004,0,13.3322,0.7405,0.1569,0,14.2295,0
97,cpu_t4,3,123259,30004,0,4.8106,0.7681,0.1961,0,5.7749,0
97,cpu_t4,4,123259,30004,0,14.4725,0.5239,0.1568,0,15.1531,0
97,cpu_t8,0,123259,30004,0,1.3059,0.3854,0.1581,0,1.8493,0
97,cpu_t8,1,123259,30004,0,7.0596,0.4493,0.1570,0,7.6658,0
97,cpu_t8,2,123259,30004,0,17.3307,0.4043,0.1573,0,17.8923,0
97,cpu_t8,3,123259,30004,0,4.6595,0.3770,0.1602,0,5.1967,0
97,cpu_t8,4,123259,30004,0,4.0352,0.3773,0.1564,0,4.5690,0
97,cpu_t16,0,123259,30004,0,0.7723,0.3312,0.1938,0,1.2973,0
97,cpu_t16,1,123259,30004,0,1.3798,0.3648,0.1901,0,1.9348,0
97,cpu_t16,2,123259,30004,0,1.4454,0.3601,0.1929,0,1.9983,0
97,cpu_t16,3,123259,30004,0,1.4149,0.3510,0.2020,0,1.9678,0
97,cpu_t16,4,123259,30004,0,1.2644,0.2012,0.1944,0,1.6600,0
97,gpu_thrust_uf,0,123259,30004,0.2960,0.9388,0.1147,0.2499,0.0282,1.6642,0
97,gpu_thrust_uf,1,123259,30004,0.3047,0.6177,0.0748,0.2499,0.0286,1.3023,0
97,gpu_thrust_uf,2,123259,30004,0.2943,0.9149,0.1208,0.2499,0.0281,1.6342,0
97,gpu_thrust_uf,3,123259,30004,0.2945,2.6049,0.0655,0.2540,0.0281,3.2771,0
97,gpu_thrust_uf,4,123259,30004,0.2964,6.9606,0.0707,0.2529,0.0226,7.6346,0
97,gpu_hash_uf,0,123259,30004,0.2957,0.2397,0.0635,0.2488,0.0312,0.8998,0
97,gpu_hash_uf,1,123259,30004,0.2954,0.2335,0.0686,0.2488,0.0302,0.9092,0
97,gpu_hash_uf,2,123259,30004,0.2943,0.2798,0.0645,0.2488,0.0296,0.9431,0
97,gpu_hash_uf,3,123259,30004,0.2972,0.2547,0.0922,0.2478,0.0306,0.9496,0
97,gpu_hash_uf,4,123259,30004,0.2943,0.3050,0.0635,0.2488,0.0306,0.9687,0
97,gpu_hash_prop,0,123259,30004,0.2980,0.3843,0.0983,32.0369,0.0433,32.8807,204
97,gpu_hash_prop,1,123259,30004,0.2953,0.3317,0.0666,23.4875,0.0397,24.2526,204
97,gpu_hash_prop,2,123259,30004,0.2953,0.3231,0.0584,27.0305,0.0306,27.7625,204
97,gpu_hash_prop,3,123259,30004,0.2964,0.3238,0.0584,41.9318,0.0530,42.6900,204
97,gpu_hash_prop,4,123259,30004,0.3041,0.5843,0.0655,23.0134,0.0332,24.0459,204
98,cpu_t1,0,123174,29879,0,3.9884,1.7955,0.2146,0,5.9986,0
98,cpu_t1,1,123174,29879,0,4.9164,1.4038,0.1486,0,6.4688,0
98,cpu_t1,2,123174,29879,0,4.0433,1.4231,0.1544,0,5.6208,0
98,cpu_t1,3,123174,29879,0,4.2883,1.6657,0.1472,0,6.1012,0
98,cpu_t1,4,123174,29879,0,4.5672,1.6519,0.1827,0,6.4018,0
98,cpu_t2,0,123174,29879,0,9.3040,0.7618,0.1505,0,10.2164,0
98,cpu_t2,1,123174,29879,0,23.1178,0.7507,0.1499,0,24.0184,0
98,cpu_t2,2,123174,29879,0,7.4616,0.7814,0.1516,0,8.3947,0
98,cpu_t2,3,123174,29879,0,7.4297,0.7055,0.1487,0,8.2839,0
98,cpu_t2,4,123174,29879,0,9.9566,0.7336,0.1505,0,10.8407,0
98,cpu_t4,0,123174,29879,0,16.8137,0.3675,0.1490,0,17.3303,0
98,cpu_t4,1,123174,29879,0,5.0507,0.7968,0.1556,0,6.0031,0
98,cpu_t4,2,123174,29879,0,21.7695,0.3804,0.1748,0,22.3247,0
98,cpu_t4,3,123174,29879,0,22.6088,0.5634,0.1525,0,23.3247,0
98,cpu_t4,4,123174,29879,0,7.9772,0.6517,0.1502,0,8.7790,0
98,cpu_t8,0,123174,29879,0,18.0376,0.4099,0.1987,0,18.6462,0
98,cpu_t8,1,123174,29879,0,11.8312,0.4262,0.1512,0,12.4086,0
98,cpu_t8,2,123174,29879,0,5.4840,0.4092,0.1949,0,6.0882,0
98,cpu_t8,3,123174,29879,0,9.2446,0.4137,0.1504,0,9.8087,0
98,cpu_t8,4,123174,29879,0,12.0264,0.3888,0.1836,0,12.5989,0
98,cpu_t16,0,123174,29879,0,1.4323,0.2959,0.1882,0,1.9164,0
98,cpu_t16,1,123174,29879,0,1.3818,0.3564,0.1931,0,1.9313,0
98,cpu_t16,2,123174,29879,0,1.3675,0.5378,0.1849,0,2.0902,0
98,cpu_t16,3,123174,29879,0,1.5056,0.4280,0.1881,0,2.1218,0
98,cpu_t16,4,123174,29879,0,1.4644,0.4178,0.1928,0,2.0750,0
98,gpu_thrust_uf,0,123174,29879,0.1158,0.8496,0.0532,0.2120,0.0498,1.3165,0
98,gpu_thrust_uf,1,123174,29879,0.0780,0.7774,0.0778,0.2120,0.0270,1.2094,0
98,gpu_thrust_uf,2,123174,29879,0.0781,0.8109,0.0512,0.2120,0.0232,1.2027,0
98,gpu_thrust_uf,3,123174,29879,0.0805,0.8407,0.0768,0.2406,0.0264,1.2885,0
98,gpu_thrust_uf,4,123174,29879,0.0780,0.7145,0.0553,0.2120,0.0264,1.1124,0
98,gpu_hash_uf,0,123174,29879,0.0807,0.2120,0.0553,0.1976,0.0270,0.5943,0
98,gpu_hash_uf,1,123174,29879,0.0799,0.2269,0.0481,0.2109,0.0256,0.6136,0
98,gpu_hash_uf,2,123174,29879,0.0807,0.1998,0.0481,0.2109,0.0269,0.5891,0
98,gpu_hash_uf,3,123174,29879,0.0780,1.2342,0.0451,0.2120,0.0396,1.6304,0
98,gpu_hash_uf,4,123174,29879,0.0783,0.2689,0.0512,0.2130,0.0272,0.6691,0
98,gpu_hash_prop,0,123174,29879,0.0780,0.2262,0.0512,14.2316,0.0298,14.6395,180
98,gpu_hash_prop,1,123174,29879,0.0781,0.2267,0.0440,15.6982,0.0264,16.0953,180
98,gpu_hash_prop,2,123174,29879,0.0798,0.2115,0.0481,17.5606,0.0452,17.9638,180
98,gpu_hash_prop,3,123174,29879,0.0808,0.2921,0.0481,24.2299,0.0223,24.6994,180
98,gpu_hash_prop,4,123174,29879,0.0800,0.2901,0.0717,11.7709,0.0502,12.2841,180
99,cpu_t1,0,123181,29833,0,4.3993,1.2913,0.1410,0,5.8315,0
99,cpu_t1,1,123181,29833,0,3.7929,1.3334,0.2111,0,5.3374,0
99,cpu_t1,2,123181,29833,0,3.8243,1.3217,0.1338,0,5.2798,0
99,cpu_t1,3,123181,29833,0,4.1379,1.3188,0.1336,0,5.5904,0
99,cpu_t1,4,123181,29833,0,3.6912,1.2759,0.1321,0,5.0992,0
99,cpu_t2,0,123181,29833,0,12.3049,0.6738,0.1354,0,13.1141,0
99,cpu_t2,1,123181,29833,0,4.7413,0.9240,0.2073,0,5.8726,0
99,cpu_t2,2,123181,29833,0,10.4027,0.6968,0.1354,0,11.2349,0
99,cpu_t2,3,123181,29833,0,4.5606,0.9678,0.2011,0,5.7294,0
99,cpu_t2,4,123181,29833,0,9.0269,0.6540,0.1349,0,9.8158,0
99,cpu_t4,0,123181,29833,0,6.9895,0.3482,0.1372,0,7.4749,0
99,cpu_t4,1,123181,29833,0,6.0463,0.3493,0.1368,0,6.5323,0
99,cpu_t4,2,123181,29833,0,9.9390,0.4984,0.1639,0,10.6013,0
99,cpu_t4,3,123181,29833,0,2.0244,0.5089,0.1388,0,2.6721,0
99,cpu_t4,4,123181,29833,0,7.0988,0.7001,0.1708,0,7.9697,0
99,cpu_t8,0,123181,29833,0,6.0404,0.3584,0.1673,0,6.5661,0
99,cpu_t8,1,123181,29833,0,10.0590,0.3630,0.1841,0,10.6061,0
99,cpu_t8,2,123181,29833,0,1.6685,0.3557,0.1709,0,2.1950,0
99,cpu_t8,3,123181,29833,0,11.6786,0.4003,0.1387,0,12.2177,0
99,cpu_t8,4,123181,29833,0,2.0720,0.3404,0.1348,0,2.5473,0
99,cpu_t16,0,123181,29833,0,1.2621,0.3584,0.1666,0,1.7871,0
99,cpu_t16,1,123181,29833,0,1.2886,0.1848,0.1643,0,1.6377,0
99,cpu_t16,2,123181,29833,0,0.7658,0.1912,0.1751,0,1.1321,0
99,cpu_t16,3,123181,29833,0,0.7101,0.1874,0.1664,0,1.0639,0
99,cpu_t16,4,123181,29833,0,0.9164,0.3762,0.1676,0,1.4603,0
99,gpu_thrust_uf,0,123181,29833,0.0845,1.0787,0.0532,0.1853,0.0285,1.3722,0
99,gpu_thrust_uf,1,123181,29833,0.0780,0.7545,0.0758,0.1997,0.0312,1.0972,0
99,gpu_thrust_uf,2,123181,29833,0.0785,1.5470,0.0522,0.1874,0.0260,1.7871,0
99,gpu_thrust_uf,3,123181,29833,0.0781,0.7402,0.0522,0.2191,0.0387,1.0790,0
99,gpu_thrust_uf,4,123181,29833,0.0783,0.7204,0.0440,0.1874,0.0260,1.0124,0
99,gpu_hash_uf,0,123181,29833,0.0869,2.0273,0.0440,0.1864,0.0274,2.2359,0
99,gpu_hash_uf,1,123181,29833,0.0780,0.2065,0.0440,0.1864,0.0237,0.5306,0
99,gpu_hash_uf,2,123181,29833,0.0771,0.1957,0.0440,0.1853,0.0245,0.5139,0
99,gpu_hash_uf,3,123181,29833,0.0803,0.2306,0.0440,0.1864,0.0233,0.5467,0
99,gpu_hash_uf,4,123181,29833,0.0805,0.2018,0.0440,0.1853,0.0243,0.5201,0
99,gpu_hash_prop,0,123181,29833,0.0772,0.2347,0.0440,15.7348,0.0288,15.0515,182
99,gpu_hash_prop,1,123181,29833,0.0770,0.2453,0.0512,11.3725,0.0366,11.0078,182
99,gpu_hash_prop,2,123181,29833,0.0771,0.2055,0.0440,11.0182,0.0271,10.6258,182
99,gpu_hash_prop,3,123181,29833,0.0780,0.2020,0.0481,13.8240,0.0307,13.2432,182
99,gpu_hash_prop,4,123181,29833,0.0769,0.2167,0.0481,10.7500,0.0215,10.3829,182
100,cpu_t1,0,123118,29870,0,3.7644,1.3325,0.1427,0,5.2396,0
100,cpu_t1,1,123118,29870,0,3.7046,1.3899,0.1358,0,5.2303,0
100,cpu_t1,2,123118,29870,0,3.7405,1.3618,0.1452,0,5.2476,0
100,cpu_t1,3,123118,29870,0,3.7351,1.3540,0.1454,0,5.2344,0
100,cpu_t1,4,123118,29870,0,3.6921,1.3978,0.1374,0,5.2272,0
100,cpu_t2,0,123118,29870,0,2.7116,0.6733,0.1372,0,3.5221,0
100,cpu_t2,1,123118,29870,0,14.5000,0.6915,0.1398,0,15.3313,0
100,cpu_t2,2,123118,29870,0,9.5692,0.6813,0.1659,0,10.4164,0
100,cpu_t2,3,123118,29870,0,4.9658,0.6824,0.1407,0,5.7889,0
100,cpu_t2,4,123118,29870,0,16.8561,0.6672,0.1393,0,17.6626,0
100,cpu_t4,0,123118,29870,0,7.2799,0.3551,0.1396,0,7.7746,0
100,cpu_t4,1,123118,29870,0,7.0048,0.7125,0.1727,0,7.8900,0
100,cpu_t4,2,123118,29870,0,4.4677,0.6178,0.1666,0,5.2520,0
100,cpu_t4,3,123118,29870,0,4.6515,0.3678,0.1397,0,5.1591,0
100,cpu_t4,4,123118,29870,0,12.8643,0.4753,0.1612,0,13.5008,0
100,cpu_t8,0,123118,29870,0,20.2236,0.3570,0.1970,0,20.7776,0
100,cpu_t8,1,123118,29870,0,15.5749,0.3814,0.1718,0,16.1281,0
100,cpu_t8,2,123118,29870,0,5.0982,0.3957,0.1397,0,5.6337,0
100,cpu_t8,3,123118,29870,0,15.9148,0.3605,0.1398,0,16.4151,0
100,cpu_t8,4,123118,29870,0,1.0751,0.3611,0.1388,0,1.5750,0
100,cpu_t16,0,123118,29870,0,0.7438,0.2086,0.1972,0,1.1497,0
100,cpu_t16,1,123118,29870,0,0.7131,0.1943,0.1757,0,1.0831,0
100,cpu_t16,2,123118,29870,0,0.7323,0.1867,0.1717,0,1.0907,0
100,cpu_t16,3,123118,29870,0,0.7141,0.1973,0.1713,0,1.0827,0
100,cpu_t16,4,123118,29870,0,1.5306,0.3365,0.1733,0,2.0404,0
100,gpu_thrust_uf,0,123118,29870,0.0957,1.8442,0.0461,0.2099,0.0260,2.1050,0
100,gpu_thrust_uf,1,123118,29870,0.0959,1.2779,0.0717,0.2089,0.0364,1.6112,0
100,gpu_thrust_uf,2,123118,29870,0.0784,0.7636,0.0451,0.1956,0.0238,1.0599,0
100,gpu_thrust_uf,3,123118,29870,0.0779,0.8803,0.0451,0.1956,0.0270,1.1674,0
100,gpu_thrust_uf,4,123118,29870,0.0799,0.9568,0.0492,0.2089,0.0317,1.2612,0
100,gpu_hash_uf,0,123118,29870,0.0808,0.3006,0.0809,0.2304,0.0254,0.6903,0
100,gpu_hash_uf,1,123118,29870,0.0801,0.2093,0.0512,0.2089,0.0249,0.5595,0
100,gpu_hash_uf,2,123118,29870,0.0780,0.2328,0.0563,0.1956,0.0266,0.5731,0
100,gpu_hash_uf,3,123118,29870,0.0780,0.2570,0.0481,0.2079,0.0258,0.6023,0
100,gpu_hash_uf,4,123118,29870,0.0780,0.2060,0.0471,0.1956,0.0275,0.5408,0
100,gpu_hash_prop,0,123118,29870,0.0782,0.2045,0.0584,14.9371,0.0317,14.3002,184
100,gpu_hash_prop,1,123118,29870,0.0770,0.2367,0.0481,13.0130,0.0238,12.5135,184
100,gpu_hash_prop,2,123118,29870,0.0781,0.2941,0.0543,13.9479,0.0387,13.4596,184
100,gpu_hash_prop,3,123118,29870,0.0804,0.2504,0.0748,11.7678,0.0330,11.4058,184
100,gpu_hash_prop,4,123118,29870,0.0781,2.1833,0.0441,10.7755,0.0291,12.2474,184
101,cpu_t1,0,123014,29829,0,3.7183,1.3454,0.1400,0,5.2036,0
101,cpu_t1,1,123014,29829,0,3.7555,1.2466,0.1368,0,5.1389,0
101,cpu_t1,2,123014,29829,0,3.6514,1.2843,0.1361,0,5.0718,0
101,cpu_t1,3,123014,29829,0,3.7245,1.2531,0.1361,0,5.1137,0
101,cpu_t1,4,123014,29829,0,3.7078,1.2133,0.1489,0,5.0700,0
101,cpu_t2,0,123014,29829,0,4.1215,0.8238,0.1387,0,5.0840,0
101,cpu_t2,1,123014,29829,0,6.4990,0.7031,0.1410,0,7.3430,0
101,cpu_t2,2,123014,29829,0,4.3239,0.6561,0.1414,0,5.1213,0
101,cpu_t2,3,123014,29829,0,6.9724,0.9244,0.1386,0,8.0354,0
101,cpu_t2,4,123014,29829,0,6.2949,0.6626,0.1528,0,7.1103,0
101,cpu_t4,0,123014,29829,0,4.7231,0.3489,0.1400,0,5.2119,0
101,cpu_t4,1,123014,29829,0,6.3932,0.6329,0.1701,0,7.1961,0
101,cpu_t4,2,123014,29829,0,10.6297,0.6449,0.1837,0,11.4582,0
101,cpu_t4,3,123014,29829,0,4.0041,0.3535,0.1446,0,4.5022,0
101,cpu_t4,4,123014,29829,0,10.8429,0.3559,0.1457,0,11.3445,0
101,cpu_t8,0,123014,29829,0,1.0428,0.3729,0.1704,0,1.5861,0
101,cpu_t8,1,123014,29829,0,1.5369,0.3555,0.1748,0,2.0672,0
101,cpu_t8,2,123014,29829,0,4.2225,0.3086,0.1409,0,4.6720,0
101,cpu_t8,3,123014,29829,0,1.1614,0.3397,0.1867,0,1.6878,0
101,cpu_t8,4,123014,29829,0,5.4090,0.3477,0.1401,0,5.8968,0
101,cpu_t16,0,123014,29829,0,1.4166,0.2323,0.1758,0,1.8248,0
101,cpu_t16,1,123014,29829,0,0.8124,0.1995,0.1849,0,1.1967,0
101,cpu_t16,2,123014,29829,0,0.7282,0.1892,0.1877,0,1.1051,0
101,cpu_t16,3,123014,29829,0,0.7404,0.1976,0.1780,0,1.1159,0
101,cpu_t16,4,123014,29829,0,0.7581,0.2037,0.1889,0,1.1507,0
101,gpu_thrust_uf,0,123014,29829,0.0810,0.9515,0.0522,0.1843,0.0276,1.2456,0
101,gpu_thrust_uf,1,123014,29829,0.0841,0.7913,0.0481,0.1843,0.0389,1.1066,0
101,gpu_thrust_uf,2,123014,29829,0.0779,1.6073,0.0522,0.1853,0.0269,1.8470,0
101,gpu_thrust_uf,3,123014,29829,0.0778,0.7878,0.0768,0.2017,0.0272,1.1268,0
101,gpu_thrust_uf,4,123014,29829,0.0770,0.8418,0.0563,0.1853,0.0308,1.1356,0
101,gpu_hash_uf,0,123014,29829,0.0804,0.2072,0.0440,0.1853,0.0491,0.5688,0
101,gpu_hash_uf,1,123014,29829,0.1613,0.5656,0.0952,0.2949,0.0333,1.1383,0
101,gpu_hash_uf,2,123014,29829,0.0838,0.5718,0.0850,0.2898,0.0258,1.0315,0
101,gpu_hash_uf,3,123014,29829,0.0837,0.7240,0.0696,0.3389,0.0306,1.2264,0
101,gpu_hash_uf,4,123014,29829,0.0822,0.6974,0.1403,0.3011,0.0262,1.2095,0
101,gpu_hash_prop,0,123014,29829,0.0789,0.4779,0.0512,13.3652,0.0240,13.0796,185
101,gpu_hash_prop,1,123014,29829,0.0780,0.2430,0.0440,15.5894,0.0453,14.9396,185
101,gpu_hash_prop,2,123014,29829,0.0800,0.2737,0.0522,14.8484,0.0286,14.2720,185
101,gpu_hash_prop,3,123014,29829,0.0842,0.2864,0.0850,14.1486,0.0258,13.6699,185
101,gpu_hash_prop,4,123014,29829,0.0800,0.2627,0.0471,15.5566,0.0256,14.9169,185
102,cpu_t1,0,122964,29844,0,3.7016,1.3952,0.1392,0,5.2360,0
102,cpu_t1,1,122964,29844,0,3.8186,1.5799,0.1688,0,5.5673,0
102,cpu_t1,2,122964,29844,0,3.8774,1.3287,0.1378,0,5.3439,0
102,cpu_t1,3,122964,29844,0,3.7266,1.3376,0.1532,0,5.2175,0
102,cpu_t1,4,122964,29844,0,3.8310,1.5325,0.1508,0,5.5144,0
102,cpu_t2,0,122964,29844,0,6.2829,0.7006,0.1398,0,7.1234,0
102,cpu_t2,1,122964,29844,0,7.6889,0.6867,0.1394,0,8.5150,0
102,cpu_t2,2,122964,29844,0,9.9534,0.8288,0.2062,0,10.9884,0
102,cpu_t2,3,122964,29844,0,3.6642,0.9596,0.1388,0,4.7626,0
102,cpu_t2,4,122964,29844,0,10.0261,0.6914,0.1649,0,10.8824,0
102,cpu_t4,0,122964,29844,0,16.1704,0.3500,0.1416,0,16.6620,0
102,cpu_t4,1,122964,29844,0,1.3797,0.3582,0.1391,0,1.8770,0
102,cpu_t4,2,122964,29844,0,1.5287,0.3517,0.1389,0,2.0193,0
102,cpu_t4,3,122964,29844,0,15.5634,0.7180,0.1396,0,16.4210,0
102,cpu_t4,4,122964,29844,0,8.8975,0.4086,0.1397,0,9.4459,0
102,cpu_t8,0,122964,29844,0,7.0050,0.3894,0.1846,0,7.5791,0
102,cpu_t8,1,122964,29844,0,3.8088,0.3751,0.1406,0,4.3245,0
102,cpu_t8,2,122964,29844,0,13.6113,0.4095,0.1453,0,14.1661,0
102,cpu_t8,3,122964,29844,0,4.4313,0.3513,0.1440,0,4.9267,0
102,cpu_t8,4,122964,29844,0,10.5841,0.3758,0.1734,0,11.1334,0
102,cpu_t16,0,122964,29844,0,1.8556,0.3604,0.1700,0,2.3860,0
102,cpu_t16,1,122964,29844,0,1.0781,0.2385,0.1705,0,1.4871,0
102,cpu_t16,2,122964,29844,0,0.7808,0.2034,0.1716,0,1.1558,0
102,cpu_t16,3,122964,29844,0,0.7401,0.2491,0.1711,0,1.1604,0
102,cpu_t16,4,122964,29844,0,0.7723,0.1919,0.1694,0,1.1335,0
102,gpu_thrust_uf,0,122964,29844,0.0862,0.8747,0.0481,0.2109,0.0455,1.2155,0
102,gpu_thrust_uf,1,122964,29844,0.0806,0.7309,0.0481,0.2109,0.0275,1.0561,0
102,gpu_thrust_uf,2,122964,29844,0.0780,1.8059,0.0768,0.2109,0.0274,2.0760,0
102,gpu_thrust_uf,3,122964,29844,0.0806,3.1259,0.0451,0.2109,0.0374,3.3080,0
102,gpu_thrust_uf,4,122964,29844,0.0779,0.9429,0.0737,0.2120,0.0257,1.2757,0
102,gpu_hash_uf,0,122964,29844,0.0783,0.2812,0.0737,0.2109,0.0258,0.6455,0
102,gpu_hash_uf,1,122964,29844,0.0797,0.3003,0.0522,0.2099,0.0398,0.6608,0
102,gpu_hash_uf,2,122964,29844,0.0779,0.2590,0.0553,0.2109,0.0258,0.6155,0
102,gpu_hash_uf,3,122964,29844,0.0804,0.2639,0.0492,0.2099,0.0261,0.6112,0
102,gpu_hash_uf,4,122964,29844,0.0779,0.2946,0.0727,0.2304,0.0247,0.6774,0
102,gpu_hash_prop,0,122964,29844,0.0833,0.3949,0.0449,20.4851,0.0274,19.6410,187
102,gpu_hash_prop,1,122964,29844,0.0782,0.2342,0.0481,8.0548,0.0251,7.9055,187
102,gpu_hash_prop,2,122964,29844,0.0780,0.1988,0.0471,16.8018,0.0332,16.0207,187
102,gpu_hash_prop,3,122964,29844,0.0820,0.2183,0.0492,16.5417,0.0212,15.7967,187
102,gpu_hash_prop,4,122964,29844,0.0782,0.2454,0.0471,10.7868,0.0246,10.4530,187
103,cpu_t1,0,122876,29875,0,3.6996,1.3349,0.1395,0,5.1741,0
103,cpu_t1,1,122876,29875,0,3.6686,1.4117,0.1462,0,5.2265,0
103,cpu_t1,2,122876,29875,0,3.6953,1.4649,0.1419,0,5.3021,0
103,cpu_t1,3,122876,29875,0,3.7057,1.2906,0.1373,0,5.1336,0
103,cpu_t1,4,122876,29875,0,3.6977,1.3281,0.1367,0,5.1625,0
103,cpu_t2,0,122876,29875,0,20.1916,0.7152,0.1402,0,21.0470,0
103,cpu_t2,1,122876,29875,0,10.9123,0.6751,0.1403,0,11.7276,0
103,cpu_t2,2,122876,29875,0,16.2913,0.6879,0.1634,0,17.1426,0
103,cpu_t2,3,122876,29875,0,3.5945,0.7554,0.1564,0,4.5063,0
103,cpu_t2,4,122876,29875,0,3.9512,0.6983,0.1446,0,4.7942,0
103,cpu_t4,0,122876,29875,0,3.9199,0.7112,0.1427,0,4.7738,0
103,cpu_t4,1,122876,29875,0,7.9253,0.3665,0.1406,0,8.4324,0
103,cpu_t4,2,122876,29875,0,16.4783,0.4617,0.1602,0,17.1002,0
103,cpu_t4,3,122876,29875,0,18.1859,0.4019,0.1410,0,18.7287,0
103,cpu_t4,4,122876,29875,0,16.2417,0.7020,0.1403,0,17.0840,0
103,cpu_t8,0,122876,29875,0,1.6054,0.3536,0.1422,0,2.1012,0
103,cpu_t8,1,122876,29875,0,11.7614,0.3633,0.1440,0,12.2686,0
103,cpu_t8,2,122876,29875,0,19.4352,0.3637,0.1743,0,19.9732,0
103,cpu_t8,3,122876,29875,0,4.1198,0.3538,0.1414,0,4.6150,0
103,cpu_t8,4,122876,29875,0,19.1478,0.3641,0.1735,0,19.6854,0
103,cpu_t16,0,122876,29875,0,1.4359,0.4723,0.2245,0,2.1327,0
103,cpu_t16,1,122876,29875,0,1.4360,0.4024,0.1734,0,2.0118,0
103,cpu_t16,2,122876,29875,0,1.4335,0.4060,0.1769,0,2.0165,0
103,cpu_t16,3,122876,29875,0,1.4149,0.4734,0.1801,0,2.0685,0
103,cpu_t16,4,122876,29875,0,0.9984,0.2018,0.1810,0,1.3812,0
103,gpu_thrust_uf,0,122876,29875,0.0853,1.4374,0.0850,0.3246,0.0208,1.8556,0
103,gpu_thrust_uf,1,122876,29875,0.0799,0.8155,0.0625,0.3246,0.0509,1.2678,0
103,gpu_thrust_uf,2,122876,29875,0.0803,0.8238,0.0625,0.3246,0.0241,1.2504,0
103,gpu_thrust_uf,3,122876,29875,0.0805,1.9969,0.0666,0.3256,0.0305,2.3562,0
103,gpu_thrust_uf,4,122876,29875,0.0799,1.0920,0.0604,0.3256,0.0279,1.5059,0
103,gpu_hash_uf,0,122876,29875,0.0803,0.2857,0.0614,0.3246,0.0367,0.7566,0
103,gpu_hash_uf,1,122876,29875,0.0779,0.2593,0.0666,0.3236,0.0226,0.7261,0
103,gpu_hash_uf,2,122876,29875,0.0797,0.2592,0.0840,0.3246,0.0204,0.7397,0
103,gpu_hash_uf,3,122876,29875,0.0796,0.2699,0.0840,0.3246,0.0298,0.7589,0
103,gpu_hash_uf,4,122876,29875,0.0778,0.2714,0.1085,0.3256,0.0377,0.7908,0
103,gpu_hash_prop,0,122876,29875,0.0780,0.2517,0.0666,15.7451,0.1224,15.1857,187
103,gpu_hash_prop,1,122876,29875,0.0780,0.4702,0.0983,21.9382,0.0828,21.1700,187
103,gpu_hash_prop,2,122876,29875,0.0780,1.6228,0.0594,14.0493,0.0292,14.7976,187
103,gpu_hash_prop,3,122876,29875,0.0781,0.2756,0.0635,14.5152,0.0237,13.9662,187
103,gpu_hash_prop,4,122876,29875,0.0804,0.2524,0.1085,14.7425,0.0276,14.2013,187
104,cpu_t1,0,122718,29882,0,3.7470,1.3806,0.1404,0,5.2680,0
104,cpu_t1,1,122718,29882,0,4.2591,1.3770,0.1505,0,5.7867,0
104,cpu_t1,2,122718,29882,0,3.8205,1.2970,0.1603,0,5.2778,0
104,cpu_t1,3,122718,29882,0,3.7733,1.3237,0.1393,0,5.2363,0
104,cpu_t1,4,122718,29882,0,3.9597,1.3412,0.1404,0,5.4413,0
104,cpu_t2,0,122718,29882,0,7.1316,0.6595,0.1422,0,7.9333,0
104,cpu_t2,1,122718,29882,0,16.1197,0.7320,0.1406,0,16.9923,0
104,cpu_t2,2,122718,29882,0,10.9857,0.6878,0.1611,0,11.8346,0
104,cpu_t2,3,122718,29882,0,11.7651,0.9023,0.1966,0,12.8639,0
104,cpu_t2,4,122718,29882,0,4.3497,0.6662,0.1435,0,5.1595,0
104,cpu_t4,0,122718,29882,0,10.7139,0.4193,0.1594,0,11.2926,0
104,cpu_t4,1,122718,29882,0,2.5367,0.4387,0.1427,0,3.1181,0
104,cpu_t4,2,122718,29882,0,7.6735,0.3522,0.1416,0,8.1672,0
104,cpu_t4,3,122718,29882,0,12.5814,0.4035,0.1429,0,13.1278,0
104,cpu_t4,4,122718,29882,0,3.7113,0.6655,0.1857,0,4.5625,0
104,cpu_t8,0,122718,29882,0,1.6422,0.3750,0.1413,0,2.1585,0
104,cpu_t8,1,122718,29882,0,3.8083,0.3818,0.1459,0,4.3360,0
104,cpu_t8,2,122718,29882,0,13.9825,0.3780,0.1420,0,14.5025,0
104,cpu_t8,3,122718,29882,0,7.2174,0.3244,0.1682,0,7.7100,0
104,cpu_t8,4,122718,29882,0,1.2544,0.3874,0.1439,0,1.7856,0
104,cpu_t16,0,122718,29882,0,0.7904,0.1998,0.1761,0,1.1663,0
104,cpu_t16,1,122718,29882,0,0.7909,0.1968,0.1781,0,1.1657,0
104,cpu_t16,2,122718,29882,0,0.7607,0.2757,0.1929,0,1.2293,0
104,cpu_t16,3,122718,29882,0,0.7454,0.2008,0.1796,0,1.1258,0
104,cpu_t16,4,122718,29882,0,0.8957,0.4348,0.1792,0,1.5096,0
104,gpu_thrust_uf,0,122718,29882,0.0783,0.9217,0.0655,0.2621,0.0448,1.3137,0
104,gpu_thrust_uf,1,122718,29882,0.0794,2.5240,0.0625,0.2632,0.0388,2.8014,0
104,gpu_thrust_uf,2,122718,29882,0.0988,1.3313,0.0614,0.2621,0.0264,1.6914,0
104,gpu_thrust_uf,3,122718,29882,0.0777,0.8624,0.0655,0.2611,0.0328,1.2382,0
104,gpu_thrust_uf,4,122718,29882,0.0779,0.7961,0.0655,0.2611,0.0277,1.1703,0
104,gpu_hash_uf,0,122718,29882,0.0796,0.2901,0.0655,0.2621,0.0434,0.7126,0
104,gpu_hash_uf,1,122718,29882,0.0777,0.2614,0.0614,0.2621,0.0291,0.6736,0
104,gpu_hash_uf,2,122718,29882,0.0804,0.2462,0.0655,0.2611,0.0278,0.6606,0
104,gpu_hash_uf,3,122718,29882,0.0766,0.2396,0.0625,0.2611,0.0280,0.6474,0
104,gpu_hash_uf,4,122718,29882,0.0768,0.2610,0.0666,0.2611,0.0426,0.6861,0
104,gpu_hash_prop,0,122718,29882,0.0952,0.2453,0.0666,14.4968,0.0239,13.9437,198
104,gpu_hash_prop,1,122718,29882,0.0844,1.1596,0.0655,14.2131,0.0239,14.5396,198
104,gpu_hash_prop,2,122718,29882,0.0779,0.2492,0.0655,15.6846,0.0257,15.0458,198
104,gpu_hash_prop,3,122718,29882,0.0804,0.2425,0.0625,15.8403,0.0275,15.1728,198
104,gpu_hash_prop,4,122718,29882,0.0772,0.2703,0.0696,15.4993,0.0358,14.8948,198
105,cpu_t1,0,122543,30083,0,3.7511,1.2960,0.1451,0,5.1922,0
105,cpu_t1,1,122543,30083,0,3.7062,1.3157,0.1430,0,5.1648,0
105,cpu_t1,2,122543,30083,0,3.7605,1.3228,0.1413,0,5.2246,0
105,cpu_t1,3,122543,30083,0,3.7148,1.3073,0.1457,0,5.1679,0
105,cpu_t1,4,122543,30083,0,3.7066,1.3339,0.1450,0,5.1856,0
105,cpu_t2,0,122543,30083,0,2.0784,0.8507,0.1746,0,3.1037,0
105,cpu_t2,1,122543,30083,0,2.3957,1.4314,0.1840,0,4.0112,0
105,cpu_t2,2,122543,30083,0,9.8909,0.6733,0.1449,0,10.7090,0
105,cpu_t2,3,122543,30083,0,11.6894,0.6656,0.1603,0,12.5152,0
105,cpu_t2,4,122543,30083,0,6.3066,0.6758,0.1433,0,7.1257,0
105,cpu_t4,0,122543,30083,0,7.6366,0.6197,0.1439,0,8.4001,0
105,cpu_t4,1,122543,30083,0,4.2939,0.3791,0.1444,0,4.8173,0
105,cpu_t4,2,122543,30083,0,1.7593,0.3625,0.1425,0,2.2643,0
105,cpu_t4,3,122543,30083,0,4.5964,0.3862,0.1511,0,5.1336,0
105,cpu_t4,4,122543,30083,0,4.2306,0.4096,0.1427,0,4.7829,0
105,cpu_t8,0,122543,30083,0,9.4038,0.3387,0.1889,0,9.9314,0
105,cpu_t8,1,122543,30083,0,3.8032,0.3426,0.1462,0,4.2920,0
105,cpu_t8,2,122543,30083,0,3.8092,0.3646,0.1582,0,4.3320,0
105,cpu_t8,3,122543,30083,0,7.6049,0.3885,0.1861,0,8.1796,0
105,cpu_t8,4,122543,30083,0,10.0307,0.3644,0.1781,0,10.5732,0
105,cpu_t16,0,122543,30083,0,1.6195,0.4263,0.1743,0,2.2201,0
105,cpu_t16,1,122543,30083,0,1.6085,0.3641,0.1746,0,2.1472,0
105,cpu_t16,2,122543,30083,0,1.2867,0.3976,0.1745,0,1.8589,0
105,cpu_t16,3,122543,30083,0,1.3156,0.3910,0.1738,0,1.8803,0
105,cpu_t16,4,122543,30083,0,1.3145,0.3406,0.1743,0,1.8294,0
105,gpu_thrust_uf,0,122543,30083,0.0804,0.9044,0.1100,0.2597,0.0938,1.3842,0
105,gpu_thrust_uf,1,122543,30083,0.1294,0.7664,0.0369,0.1075,0.0306,1.0334,0
105,gpu_thrust_uf,2,122543,30083,0.0806,0.7563,0.0758,0.1310,0.0313,1.0254,0
105,gpu_thrust_uf,3,122543,30083,0.0783,0.6786,0.0522,0.1249,0.0809,0.9693,0
105,gpu_thrust_uf,4,122543,30083,0.0771,1.0757,0.0625,0.1065,0.0328,1.2989,0
105,gpu_hash_uf,0,122543,30083,0.0786,0.1772,0.0491,0.1096,0.0286,0.4320,0
105,gpu_hash_uf,1,122543,30083,0.0768,0.1716,0.0358,0.1066,0.0214,0.4094,0
105,gpu_hash_uf,2,122543,30083,0.0772,0.1980,0.0319,0.1063,0.0285,0.4362,0
105,gpu_hash_uf,3,122543,30083,0.0812,0.5293,0.0307,0.1065,0.0271,0.7515,0
105,gpu_hash_uf,4,122543,30083,0.0784,1.2283,0.0317,0.1065,0.0243,1.4032,0
105,gpu_hash_prop,0,122543,30083,0.0829,0.4827,0.0358,13.1942,0.0260,12.9138,158
105,gpu_hash_prop,1,122543,30083,0.0798,0.2338,0.0358,15.5120,0.0914,14.8964,158
105,gpu_hash_prop,2,122543,30083,0.0840,0.4474,0.0297,17.4397,0.0855,16.8876,158
105,gpu_hash_prop,3,122543,30083,0.0771,0.4574,0.0307,18.9780,0.0923,18.3361,158
105,gpu_hash_prop,4,122543,30083,0.0763,0.4396,0.0326,17.9099,0.1282,17.3570,158
106,cpu_t1,0,122669,30150,0,4.0119,1.4376,0.1631,0,5.6126,0
106,cpu_t1,1,122669,30150,0,3.8248,1.3433,0.1705,0,5.3385,0
106,cpu_t1,2,122669,30150,0,3.8051,1.5935,0.1622,0,5.5608,0
106,cpu_t1,3,122669,30150,0,3.7123,1.3398,0.1428,0,5.1949,0
106,cpu_t1,4,122669,30150,0,3.6797,1.3535,0.1416,0,5.1748,0
106,cpu_t2,0,122669,30150,0,6.5576,0.7271,0.1443,0,7.4291,0
106,cpu_t2,1,122669,30150,0,13.5191,0.7005,0.1451,0,14.3647,0
106,cpu_t2,2,122669,30150,0,19.0690,0.7026,0.1434,0,19.9149,0
106,cpu_t2,3,122669,30150,0,5.0884,0.9889,0.2173,0,6.2946,0
106,cpu_t2,4,122669,30150,0,6.6502,0.7112,0.1449,0,7.5064,0
106,cpu_t4,0,122669,30150,0,1.8822,0.4567,0.1449,0,2.4838,0
106,cpu_t4,1,122669,30150,0,1.8812,0.4241,0.1738,0,2.4791,0
106,cpu_t4,2,122669,30150,0,3.8215,0.4361,0.1463,0,4.4039,0
106,cpu_t4,3,122669,30150,0,3.9706,0.3736,0.1461,0,4.4903,0
106,cpu_t4,4,122669,30150,0,7.3006,0.4394,0.1452,0,7.8853,0
106,cpu_t8,0,122669,30150,0,1.2633,0.3642,0.1768,0,1.8043,0
106,cpu_t8,1,122669,30150,0,1.2773,0.3550,0.1759,0,1.8083,0
106,cpu_t8,2,122669,30150,0,1.2404,0.3644,0.1760,0,1.7808,0
106,cpu_t8,3,122669,30150,0,1.1793,0.3543,0.1644,0,1.6980,0
106,cpu_t8,4,122669,30150,0,21.0387,0.3558,0.1451,0,21.5396,0
106,cpu_t16,0,122669,30150,0,0.7192,0.2011,0.1836,0,1.1039,0
106,cpu_t16,1,122669,30150,0,1.0539,0.2357,0.1785,0,1.4680,0
106,cpu_t16,2,122669,30150,0,1.1334,0.1953,0.1901,0,1.5187,0
106,cpu_t16,3,122669,30150,0,0.7166,0.2013,0.1859,0,1.1039,0
106,cpu_t16,4,122669,30150,0,0.7175,0.2138,0.1849,0,1.1161,0
106,gpu_thrust_uf,0,122669,30150,0.0799,1.0826,0.1536,0.2540,0.2240,1.7107,0
106,gpu_thrust_uf,1,122669,30150,0.0987,2.0508,0.0307,0.1219,0.0317,2.2041,0
106,gpu_thrust_uf,2,122669,30150,0.0784,0.7092,0.0761,0.1453,0.0309,0.9991,0
106,gpu_thrust_uf,3,122669,30150,0.0797,0.7250,0.0645,0.1619,0.0313,1.0147,0
106,gpu_thrust_uf,4,122669,30150,0.0801,0.7405,0.0922,0.1721,0.0248,1.0583,0
106,gpu_hash_uf,0,122669,30150,0.0764,0.1823,0.0326,0.1208,0.0257,0.4271,0
106,gpu_hash_uf,1,122669,30150,0.0770,0.2305,0.0420,0.1199,0.0225,0.4862,0
106,gpu_hash_uf,2,122669,30150,0.0762,0.1948,0.0338,0.1208,0.0210,0.4393,0
106,gpu_hash_uf,3,122669,30150,0.0764,0.2005,0.0369,0.1208,0.0322,0.4577,0
106,gpu_hash_uf,4,122669,30150,0.0763,0.2009,0.0328,0.1208,0.0208,0.4432,0
106,gpu_hash_prop,0,122669,30150,0.0971,0.2619,0.0625,12.6433,0.0303,12.2344,191
106,gpu_hash_prop,1,122669,30150,0.0801,0.2385,0.0610,11.0643,0.0376,10.7225,191
106,gpu_hash_prop,2,122669,30150,0.0830,0.1855,0.0338,8.7463,0.1087,8.5646,191
106,gpu_hash_prop,3,122669,30150,0.0983,0.5395,0.1075,25.3413,0.1069,24.4542,191
106,gpu_hash_prop,4,122669,30150,0.0784,0.5052,0.0932,20.7677,0.1074,20.1217,191
107,cpu_t1,0,98322,28591,0,2.9516,1.2693,0.1524,0,4.3733,0
107,cpu_t1,1,98322,28591,0,2.9289,1.2549,0.1499,0,4.3338,0
107,cpu_t1,2,98322,28591,0,2.9875,1.2646,0.1506,0,4.4027,0
107,cpu_t1,3,98322,28591,0,2.9647,1.2459,0.1496,0,4.3602,0
107,cpu_t1,4,98322,28591,0,2.9327,1.2430,0.1495,0,4.3252,0
107,cpu_t2,0,98322,28591,0,5.8330,0.6800,0.1533,0,6.6663,0
107,cpu_t2,1,98322,28591,0,7.3179,0.6884,0.1538,0,8.1601,0
107,cpu_t2,2,98322,28591,0,4.0170,0.6394,0.1522,0,4.8087,0
107,cpu_t2,3,98322,28591,0,6.5776,0.7883,0.1542,0,7.5201,0
107,cpu_t2,4,98322,28591,0,7.4113,0.6540,0.1749,0,8.2401,0
107,cpu_t4,0,98322,28591,0,3.7826,0.6213,0.1863,0,4.5902,0
107,cpu_t4,1,98322,28591,0,1.8192,0.6662,0.1932,0,2.6786,0
107,cpu_t4,2,98322,28591,0,1.8534,0.5085,0.1546,0,2.5165,0
107,cpu_t4,3,98322,28591,0,2.6822,0.4359,0.1535,0,3.2716,0
107,cpu_t4,4,98322,28591,0,6.1459,0.6823,0.2104,0,7.0385,0
107,cpu_t8,0,98322,28591,0,6.8491,0.4621,0.1568,0,7.4680,0
107,cpu_t8,1,98322,28591,0,8.0656,0.3346,0.1791,0,8.5793,0
107,cpu_t8,2,98322,28591,0,7.6852,0.3628,0.1569,0,8.2048,0
107,cpu_t8,3,98322,28591,0,9.4137,0.3880,0.1551,0,9.9568,0
107,cpu_t8,4,98322,28591,0,3.8840,0.4228,0.2267,0,4.5335,0
107,cpu_t16,0,98322,28591,0,0.5997,0.2511,0.1878,0,1.0387,0
107,cpu_t16,1,98322,28591,0,0.6277,0.1877,0.1853,0,1.0007,0
107,cpu_t16,2,98322,28591,0,0.6292,0.1811,0.1843,0,0.9946,0
107,cpu_t16,3,98322,28591,0,0.5836,0.1865,0.1793,0,0.9495,0
107,cpu_t16,4,98322,28591,0,0.6170,0.1787,0.1916,0,0.9874,0
107,gpu_thrust_uf,0,98322,28591,0.0643,0.7633,0.0354,0.3553,0.0319,1.2016,0
107,gpu_thrust_uf,1,98322,28591,0.0642,0.8640,0.0450,0.1331,0.0285,1.0943,0
107,gpu_thrust_uf,2,98322,28591,0.0625,0.6875,0.0761,0.1758,0.0313,0.9920,0
107,gpu_thrust_uf,3,98322,28591,0.0715,1.2274,0.0358,0.1341,0.0190,1.4112,0
107,gpu_thrust_uf,4,98322,28591,0.0774,1.9090,0.0451,0.1415,0.0284,2.0802,0
107,gpu_hash_uf,0,98322,28591,0.0627,0.1900,0.0348,0.1331,0.0261,0.4366,0
107,gpu_hash_uf,1,98322,28591,0.0627,0.2014,0.0390,0.1330,0.0304,0.4576,0
107,gpu_hash_uf,2,98322,28591,0.0672,0.1902,0.0410,0.1321,0.0299,0.4584,0
107,gpu_hash_uf,3,98322,28591,0.0664,0.1801,0.0410,0.1321,0.0298,0.4591,0
107,gpu_hash_uf,4,98322,28591,0.0724,0.2470,0.0829,0.1536,0.0291,0.5677,0
107,gpu_hash_prop,0,98322,28591,0.0646,0.2064,0.0553,14.2868,0.0423,13.6820,192
107,gpu_hash_prop,1,98322,28591,0.0655,0.1936,0.0348,12.3136,0.0265,11.8038,192
107,gpu_hash_prop,2,98322,28591,0.0656,0.2096,0.0369,10.5124,0.0210,10.1378,192
107,gpu_hash_prop,3,98322,28591,0.0644,0.9378,0.0543,13.7298,0.0220,13.8330,192
107,gpu_hash_prop,4,98322,28591,0.0640,0.2168,0.0358,13.4267,0.0430,12.8763,192
