scan,impl,rep,n_points,n_voxels,h2d,voxel,ransac,cluster,d2h,total,prop_iters
0,cpu_t1,0,121015,31363,0,4.1502,1.4511,0.1734,0,5.7746,0
0,cpu_t1,1,121015,31363,0,3.9414,1.4577,0.1707,0,5.5698,0
0,cpu_t1,2,121015,31363,0,3.9590,1.4573,0.1894,0,5.6056,0
0,cpu_t1,3,121015,31363,0,3.9200,1.5121,0.1695,0,5.6016,0
0,cpu_t1,4,121015,31363,0,3.9577,1.4553,0.1715,0,5.5845,0
0,cpu_t2,0,121015,31363,0,2.2002,0.7623,0.1689,0,3.1314,0
0,cpu_t2,1,121015,31363,0,2.1471,0.7559,0.1676,0,3.0705,0
0,cpu_t2,2,121015,31363,0,2.3232,0.8759,0.1681,0,3.3672,0
0,cpu_t2,3,121015,31363,0,2.3519,0.7680,0.1889,0,3.3089,0
0,cpu_t2,4,121015,31363,0,2.1154,0.7528,0.1674,0,3.0356,0
0,cpu_t4,0,121015,31363,0,1.2963,0.3820,0.1684,0,1.8467,0
0,cpu_t4,1,121015,31363,0,1.2759,0.3941,0.1699,0,1.8399,0
0,cpu_t4,2,121015,31363,0,1.5480,0.4020,0.1750,0,2.1249,0
0,cpu_t4,3,121015,31363,0,1.3426,0.7745,0.2127,0,2.3298,0
0,cpu_t4,4,121015,31363,0,1.3453,0.3846,0.1667,0,1.8966,0
0,cpu_t8,0,121015,31363,0,0.9434,0.4125,0.2163,0,1.5722,0
0,cpu_t8,1,121015,31363,0,0.9871,0.4304,0.1689,0,1.5864,0
0,cpu_t8,2,121015,31363,0,0.9836,0.3810,0.2144,0,1.5790,0
0,cpu_t8,3,121015,31363,0,0.9888,0.3830,0.2079,0,1.5797,0
0,cpu_t8,4,121015,31363,0,1.0287,0.3929,0.2031,0,1.6247,0
0,cpu_t16,0,121015,31363,0,1.3326,0.4291,0.2076,0,1.9694,0
0,cpu_t16,1,121015,31363,0,1.3281,0.4105,0.2058,0,1.9445,0
0,cpu_t16,2,121015,31363,0,2.3292,0.7899,0.2095,0,3.3287,0
0,cpu_t16,3,121015,31363,0,1.8631,0.5369,0.2078,0,2.6078,0
0,cpu_t16,4,121015,31363,0,2.0280,0.4595,0.2222,0,2.7097,0
0,gpu_thrust_uf,0,121015,31363,0.0788,1.3358,0.0370,0.1514,0.0242,1.6075,0
0,gpu_thrust_uf,1,121015,31363,0.0777,1.0660,0.0860,0.2150,0.1799,1.6344,0
0,gpu_thrust_uf,2,121015,31363,0.0815,1.0587,0.0613,0.1833,0.0288,1.4014,0
0,gpu_thrust_uf,3,121015,31363,0.0807,0.9633,0.0369,0.2171,0.0255,1.3144,0
0,gpu_thrust_uf,4,121015,31363,0.0856,2.4771,0.0317,0.1516,0.0330,2.7255,0
0,gpu_hash_uf,0,121015,31363,0.0802,0.2031,0.0379,0.1507,0.0339,0.5171,0
0,gpu_hash_uf,1,121015,31363,0.0760,0.1902,0.0338,0.1505,0.0235,0.4911,0
0,gpu_hash_uf,2,121015,31363,0.0775,0.1833,0.0338,0.1505,0.0265,0.4852,0
0,gpu_hash_uf,3,121015,31363,0.0763,0.1942,0.0369,0.1516,0.0225,0.4951,0
0,gpu_hash_uf,4,121015,31363,0.0777,0.1877,0.0338,0.1505,0.0255,0.4934,0
0,gpu_hash_prop,0,121015,31363,0.0921,0.7294,0.1024,24.8474,0.1019,25.1179,171
0,gpu_hash_prop,1,121015,31363,0.1334,0.5854,0.0829,17.6323,0.0200,17.9010,171
0,gpu_hash_prop,2,121015,31363,0.0768,0.1838,0.0369,7.2612,0.0202,7.3595,171
0,gpu_hash_prop,3,121015,31363,0.0957,0.1879,0.0369,14.6555,0.0285,14.5537,171
0,gpu_hash_prop,4,121015,31363,0.0783,0.2034,0.0368,9.7792,0.0254,9.8251,171
1,cpu_t1,0,121151,30983,0,3.9831,1.4481,0.1585,0,5.5897,0
1,cpu_t1,1,121151,30983,0,3.9180,1.4751,0.1598,0,5.5529,0
1,cpu_t1,2,121151,30983,0,3.9591,1.4661,0.1626,0,5.5879,0
1,cpu_t1,3,121151,30983,0,3.9420,1.4690,0.1521,0,5.5631,0
1,cpu_t1,4,121151,30983,0,3.9215,1.4910,0.1516,0,5.5641,0
1,cpu_t2,0,121151,30983,0,2.2468,0.7776,0.1571,0,3.1815,0
1,cpu_t2,1,121151,30983,0,2.0258,0.7608,0.1526,0,2.9391,0
1,cpu_t2,2,121151,30983,0,2.0034,0.7562,0.1519,0,2.9115,0
1,cpu_t2,3,121151,30983,0,2.0757,0.7364,0.1519,0,2.9640,0
1,cpu_t2,4,121151,30983,0,2.0364,0.7302,0.1552,0,2.9218,0
1,cpu_t4,0,121151,30983,0,1.3137,0.4016,0.1521,0,1.8675,0
1,cpu_t4,1,121151,30983,0,1.1924,0.3849,0.1572,0,1.7344,0
1,cpu_t4,2,121151,30983,0,1.2076,0.3651,0.1520,0,1.7247,0
1,cpu_t4,3,121151,30983,0,1.1811,0.3593,0.1512,0,1.6916,0
1,cpu_t4,4,121151,30983,0,1.1823,0.3985,0.1743,0,1.7550,0
1,cpu_t8,0,121151,30983,0,0.9598,0.3635,0.1878,0,1.5111,0
1,cpu_t8,1,121151,30983,0,0.9687,0.3805,0.1932,0,1.5424,0
1,cpu_t8,2,121151,30983,0,1.0113,0.3844,0.1913,0,1.5870,0
1,cpu_t8,3,121151,30983,0,0.9606,0.4160,0.2137,0,1.5903,0
1,cpu_t8,4,121151,30983,0,0.9983,0.3860,0.2012,0,1.5855,0
1,cpu_t16,0,121151,30983,0,1.1224,0.1980,0.1916,0,1.5120,0
1,cpu_t16,1,121151,30983,0,0.7833,0.2117,0.2043,0,1.1993,0
1,cpu_t16,2,121151,30983,0,0.7474,0.2239,0.1948,0,1.1661,0
1,cpu_t16,3,121151,30983,0,0.7155,0.2069,0.1934,0,1.1158,0
1,cpu_t16,4,121151,30983,0,0.7366,0.2058,0.2058,0,1.1482,0
1,gpu_thrust_uf,0,121151,30983,0.0844,0.8380,0.0338,0.1199,0.0286,1.1277,0
1,gpu_thrust_uf,1,121151,30983,0.0761,0.6647,0.0369,0.1065,0.0292,0.9136,0
1,gpu_thrust_uf,2,121151,30983,0.0773,0.6566,0.0340,0.1063,0.0304,0.9028,0
1,gpu_thrust_uf,3,121151,30983,0.0800,1.6330,0.0307,0.1075,0.0165,1.8500,0
1,gpu_thrust_uf,4,121151,30983,0.0908,1.5747,0.0317,0.1065,0.0232,1.7986,0
1,gpu_hash_uf,0,121151,30983,0.0754,0.1996,0.0369,0.1055,0.0318,0.4745,0
1,gpu_hash_uf,1,121151,30983,0.0784,0.5478,0.1516,0.2171,0.1220,1.1119,0
1,gpu_hash_uf,2,121151,30983,0.0775,0.5847,0.0829,0.1618,0.1162,1.0199,0
1,gpu_hash_uf,3,121151,30983,0.0763,0.5780,0.1341,0.1741,0.1191,1.0772,0
1,gpu_hash_uf,4,121151,30983,0.0946,0.5268,0.0922,0.1618,0.1184,1.0207,0
1,gpu_hash_prop,0,121151,30983,0.0778,0.1735,0.0369,6.9233,0.0207,7.0279,169
1,gpu_hash_prop,1,121151,30983,0.0799,0.2200,0.0399,19.2717,0.0249,19.0528,169
1,gpu_hash_prop,2,121151,30983,0.0764,0.1874,0.0338,6.8547,0.0278,6.9756,169
1,gpu_hash_prop,3,121151,30983,0.0781,0.2031,0.0377,11.7719,0.0298,11.7601,169
1,gpu_hash_prop,4,121151,30983,0.0784,0.1971,0.0348,6.9417,0.0308,7.0753,169
2,cpu_t1,0,121483,31077,0,4.0288,1.4207,0.1451,0,5.5946,0
2,cpu_t1,1,121483,31077,0,3.9798,1.4951,0.1487,0,5.6236,0
2,cpu_t1,2,121483,31077,0,3.9997,1.5187,0.1462,0,5.6647,0
2,cpu_t1,3,121483,31077,0,4.0103,1.4770,0.1461,0,5.6334,0
2,cpu_t1,4,121483,31077,0,3.9982,1.4188,0.1494,0,5.5664,0
2,cpu_t2,0,121483,31077,0,2.0909,0.8279,0.1437,0,3.0624,0
2,cpu_t2,1,121483,31077,0,2.1974,0.7109,0.1442,0,3.0525,0
2,cpu_t2,2,121483,31077,0,2.0603,0.7120,0.1447,0,2.9170,0
2,cpu_t2,3,121483,31077,0,2.0598,0.7059,0.1434,0,2.9091,0
2,cpu_t2,4,121483,31077,0,2.1595,0.7603,0.1444,0,3.0641,0
2,cpu_t4,0,121483,31077,0,1.1648,0.3697,0.1430,0,1.6775,0
2,cpu_t4,1,121483,31077,0,1.1458,0.4177,0.1439,0,1.7074,0
2,cpu_t4,2,121483,31077,0,1.1558,0.3919,0.1430,0,1.6908,0
2,cpu_t4,3,121483,31077,0,1.1552,0.3835,0.1495,0,1.6881,0
2,cpu_t4,4,121483,31077,0,1.2019,0.4089,0.1464,0,1.7571,0
2,cpu_t8,0,121483,31077,0,1.0654,0.3885,0.1808,0,1.6347,0
2,cpu_t8,1,121483,31077,0,1.1854,0.4154,0.2236,0,1.8243,0
2,cpu_t8,2,121483,31077,0,1.0356,0.4170,0.1824,0,1.6351,0
2,cpu_t8,3,121483,31077,0,1.0280,0.3940,0.1845,0,1.6064,0
2,cpu_t8,4,121483,31077,0,1.0061,0.3931,0.1845,0,1.5837,0
2,cpu_t16,0,121483,31077,0,1.3078,0.3831,0.1777,0,1.8686,0
2,cpu_t16,1,121483,31077,0,1.3138,0.4037,0.1876,0,1.9051,0
2,cpu_t16,2,121483,31077,0,1.3228,0.1994,0.1803,0,1.7025,0
2,cpu_t16,3,121483,31077,0,0.7259,0.2000,0.1842,0,1.1101,0
2,cpu_t16,4,121483,31077,0,0.7615,0.2050,0.1830,0,1.1494,0
2,gpu_thrust_uf,0,121483,31077,0.0775,0.8763,0.0594,0.0952,0.0328,1.1392,0
2,gpu_thrust_uf,1,121483,31077,0.0754,0.7383,0.0625,0.1415,0.0209,1.0336,0
2,gpu_thrust_uf,2,121483,31077,0.0792,0.9079,0.0471,0.0963,0.0195,1.1381,0
2,gpu_thrust_uf,3,121483,31077,0.0764,1.3815,0.0367,0.1004,0.0259,1.5957,0
2,gpu_thrust_uf,4,121483,31077,0.0757,0.6874,0.0348,0.0954,0.0281,0.9183,0
2,gpu_hash_uf,0,121483,31077,0.0815,0.1948,0.0358,0.0954,0.0296,0.4529,0
2,gpu_hash_uf,1,121483,31077,0.0787,0.1962,0.0369,0.0963,0.0195,0.4412,0
2,gpu_hash_uf,2,121483,31077,0.0763,0.1916,0.0370,0.0962,0.0173,0.4310,0
2,gpu_hash_uf,3,121483,31077,0.0778,0.1691,0.0338,0.0963,0.0182,0.4068,0
2,gpu_hash_uf,4,121483,31077,0.0763,0.1784,0.0369,0.0963,0.0279,0.4277,0
2,gpu_hash_prop,0,121483,31077,0.0767,0.2199,0.0340,14.4055,0.0584,14.3562,156
2,gpu_hash_prop,1,121483,31077,0.0813,0.3224,0.0338,17.1716,0.0928,17.1741,156
2,gpu_hash_prop,2,121483,31077,0.0879,0.4277,0.1163,17.4082,0.1341,17.6292,156
2,gpu_hash_prop,3,121483,31077,0.1012,0.6160,0.0317,18.1801,0.0343,18.3912,156
2,gpu_hash_prop,4,121483,31077,0.0958,0.3533,0.1202,19.9906,0.1122,20.0476,156
3,cpu_t1,0,121604,30976,0,4.0743,1.4102,0.1600,0,5.6445,0
3,cpu_t1,1,121604,30976,0,3.9615,1.6739,0.1989,0,5.8343,0
3,cpu_t1,2,121604,30976,0,4.3141,1.5219,0.1665,0,6.0025,0
3,cpu_t1,3,121604,30976,0,4.1166,1.4435,0.1594,0,5.7196,0
3,cpu_t1,4,121604,30976,0,4.0783,1.4164,0.1583,0,5.6530,0
3,cpu_t2,0,121604,30976,0,2.0982,0.7491,0.1610,0,3.0083,0
3,cpu_t2,1,121604,30976,0,2.1688,0.7150,0.1681,0,3.0519,0
3,cpu_t2,2,121604,30976,0,2.2429,0.7475,0.1608,0,3.1511,0
3,cpu_t2,3,121604,30976,0,2.0925,1.0266,0.1605,0,3.2796,0
3,cpu_t2,4,121604,30976,0,2.1898,0.8206,0.2037,0,3.2140,0
3,cpu_t4,0,121604,30976,0,1.1609,0.3909,0.1605,0,1.7123,0
3,cpu_t4,1,121604,30976,0,1.3511,0.6995,0.1634,0,2.2141,0
3,cpu_t4,2,121604,30976,0,1.2358,0.7701,0.2018,0,2.2078,0
3,cpu_t4,3,121604,30976,0,1.4775,0.7443,0.1580,0,2.3798,0
3,cpu_t4,4,121604,30976,0,1.4464,0.6899,0.1624,0,2.2987,0
3,cpu_t8,0,121604,30976,0,1.5083,0.3905,0.1819,0,2.0807,0
3,cpu_t8,1,121604,30976,0,0.9100,0.4001,0.1601,0,1.4702,0
3,cpu_t8,2,121604,30976,0,0.9146,0.3866,0.1588,0,1.4599,0
3,cpu_t8,3,121604,30976,0,1.0155,0.3984,0.2257,0,1.6396,0
3,cpu_t8,4,121604,30976,0,1.0075,0.3975,0.1994,0,1.6044,0
3,cpu_t16,0,121604,30976,0,0.7055,0.1990,0.2027,0,1.1071,0
3,cpu_t16,1,121604,30976,0,0.7969,0.2172,0.1935,0,1.2076,0
3,cpu_t16,2,121604,30976,0,0.7148,0.1938,0.1947,0,1.1033,0
3,cpu_t16,3,121604,30976,0,0.7652,0.1902,0.1946,0,1.1501,0
3,cpu_t16,4,121604,30976,0,0.7867,0.2068,0.1936,0,1.1871,0
3,gpu_thrust_uf,0,121604,30976,0.0788,0.8354,0.0369,0.1321,0.0348,1.1331,0
3,gpu_thrust_uf,1,121604,30976,0.0766,0.7670,0.0369,0.1210,0.0296,1.0365,0
3,gpu_thrust_uf,2,121604,30976,0.0814,0.6950,0.0379,0.1280,0.0292,0.9742,0
3,gpu_thrust_uf,3,121604,30976,0.0809,1.6988,0.0318,0.1208,0.0128,1.9198,0
3,gpu_thrust_uf,4,121604,30976,0.0864,1.5522,0.0307,0.1199,0.0361,1.7977,0
3,gpu_hash_uf,0,121604,30976,0.0781,0.1907,0.0346,0.1198,0.0189,0.4631,0
3,gpu_hash_uf,1,121604,30976,0.0790,0.2439,0.0770,0.1431,0.0275,0.5740,0
3,gpu_hash_uf,2,121604,30976,0.0765,0.2677,0.0338,0.1649,0.0198,0.5724,0
3,gpu_hash_uf,3,121604,30976,0.0765,0.2518,0.0850,0.1188,0.0202,0.5600,0
3,gpu_hash_uf,4,121604,30976,0.0763,0.2589,0.0625,0.1454,0.0204,0.5706,0
3,gpu_hash_prop,0,121604,30976,0.0765,0.2028,0.0338,9.5181,0.0281,9.5692,154
3,gpu_hash_prop,1,121604,30976,0.0766,1.5615,0.0317,15.1542,0.1153,16.4303,154
3,gpu_hash_prop,2,121604,30976,0.0879,1.6874,0.0317,17.6220,0.1015,18.9431,154
3,gpu_hash_prop,3,121604,30976,0.0971,0.4552,0.0927,16.6627,0.1039,16.8908,154
3,gpu_hash_prop,4,121604,30976,0.0770,0.4758,0.1267,16.6688,0.1056,16.9307,154
4,cpu_t1,0,121779,30875,0,4.0226,1.3516,0.1466,0,5.5208,0
4,cpu_t1,1,121779,30875,0,4.3751,1.5089,0.1479,0,6.0319,0
4,cpu_t1,2,121779,30875,0,4.1939,1.4410,0.1478,0,5.7827,0
4,cpu_t1,3,121779,30875,0,3.9379,1.3411,0.1463,0,5.4253,0
4,cpu_t1,4,121779,30875,0,4.0586,1.3520,0.1562,0,5.5667,0
4,cpu_t2,0,121779,30875,0,2.2185,0.7313,0.1462,0,3.0961,0
4,cpu_t2,1,121779,30875,0,2.2916,1.4417,0.1823,0,3.9155,0
4,cpu_t2,2,121779,30875,0,2.8672,1.4678,0.1802,0,4.5152,0
4,cpu_t2,3,121779,30875,0,2.8224,1.4639,0.1807,0,4.4671,0
4,cpu_t2,4,121779,30875,0,2.8650,0.9709,0.1463,0,3.9821,0
4,cpu_t4,0,121779,30875,0,1.2227,0.3761,0.1473,0,1.7461,0
4,cpu_t4,1,121779,30875,0,1.2350,0.3633,0.1463,0,1.7446,0
4,cpu_t4,2,121779,30875,0,1.1706,0.3752,0.1455,0,1.6913,0
4,cpu_t4,3,121779,30875,0,1.2114,0.4035,0.1454,0,1.7603,0
4,cpu_t4,4,121779,30875,0,1.4555,0.4019,0.1452,0,2.0027,0
4,cpu_t8,0,121779,30875,0,1.0299,0.3881,0.1490,0,1.5671,0
4,cpu_t8,1,121779,30875,0,1.2999,0.3628,0.1553,0,1.8180,0
4,cpu_t8,2,121779,30875,0,1.1166,0.3693,0.1843,0,1.6702,0
4,cpu_t8,3,121779,30875,0,0.9305,0.3724,0.1475,0,1.4505,0
4,cpu_t8,4,121779,30875,0,0.9750,0.4049,0.1835,0,1.5634,0
4,cpu_t16,0,121779,30875,0,1.7733,0.4440,0.1902,0,2.4074,0
4,cpu_t16,1,121779,30875,0,1.5221,0.3888,0.1903,0,2.1011,0
4,cpu_t16,2,121779,30875,0,0.8015,0.2116,0.1956,0,1.2087,0
4,cpu_t16,3,121779,30875,0,0.7747,0.2154,0.1937,0,1.1838,0
4,cpu_t16,4,121779,30875,0,0.7352,0.2440,0.1910,0,1.1702,0
4,gpu_thrust_uf,0,121779,30875,0.0801,0.8125,0.0440,0.1045,0.0377,1.0984,0
4,gpu_thrust_uf,1,121779,30875,0.0798,1.1903,0.0614,0.3215,0.0319,1.6710,0
4,gpu_thrust_uf,2,121779,30875,0.0816,0.8166,0.0594,0.1249,0.0262,1.1154,0
4,gpu_thrust_uf,3,121779,30875,0.0984,0.9073,0.0358,0.1055,0.0188,1.1585,0
4,gpu_thrust_uf,4,121779,30875,0.0880,2.0362,0.0369,0.1055,0.0226,2.2414,0
4,gpu_hash_uf,0,121779,30875,0.0799,0.2414,0.0348,0.1044,0.0184,0.4903,0
4,gpu_hash_uf,1,121779,30875,0.0793,0.2452,0.0369,0.1260,0.0198,0.5156,0
4,gpu_hash_uf,2,121779,30875,0.0803,0.5470,0.0338,0.1270,0.1035,0.8833,0
4,gpu_hash_uf,3,121779,30875,0.0767,0.5328,0.1123,0.1075,0.0436,0.8727,0
4,gpu_hash_uf,4,121779,30875,0.0936,0.4457,0.0369,0.1987,0.1264,0.9003,0
4,gpu_hash_prop,0,121779,30875,0.0769,0.2340,0.0399,9.9400,0.0272,10.0163,153
4,gpu_hash_prop,1,121779,30875,0.0795,0.2796,0.0379,16.5427,0.1073,16.5397,153
4,gpu_hash_prop,2,121779,30875,0.0952,0.7786,0.0328,15.6901,0.0201,16.1282,153
4,gpu_hash_prop,3,121779,30875,0.0863,1.4990,0.0307,9.3145,0.0229,10.6268,153
4,gpu_hash_prop,4,121779,30875,0.0767,0.2493,0.0758,11.6019,0.0592,11.7048,153
5,cpu_t1,0,121948,30884,0,4.4133,1.4463,0.1451,0,6.0047,0
5,cpu_t1,1,121948,30884,0,3.9710,1.6845,0.1446,0,5.8000,0
5,cpu_t1,2,121948,30884,0,4.0816,1.4035,0.1416,0,5.6267,0
5,cpu_t1,3,121948,30884,0,3.9468,1.4074,0.1429,0,5.4971,0
5,cpu_t1,4,121948,30884,0,4.4179,1.4081,0.1445,0,5.9704,0
5,cpu_t2,0,121948,30884,0,2.1204,0.7005,0.1472,0,2.9681,0
5,cpu_t2,1,121948,30884,0,2.1086,0.6997,0.1449,0,2.9532,0
5,cpu_t2,2,121948,30884,0,2.0710,0.7264,0.1708,0,2.9682,0
5,cpu_t2,3,121948,30884,0,2.0487,1.0043,0.1563,0,3.2093,0
5,cpu_t2,4,121948,30884,0,2.1501,0.7827,0.1426,0,3.0755,0
5,cpu_t4,0,121948,30884,0,1.1751,0.4730,0.2131,0,1.8612,0
5,cpu_t4,1,121948,30884,0,1.2731,0.4012,0.1548,0,1.8291,0
5,cpu_t4,2,121948,30884,0,1.2192,0.3639,0.1448,0,1.7280,0
5,cpu_t4,3,121948,30884,0,1.1998,0.4958,0.1427,0,1.8383,0
5,cpu_t4,4,121948,30884,0,1.3294,0.3672,0.1434,0,1.8399,0
5,cpu_t8,0,121948,30884,0,0.9920,0.3717,0.1434,0,1.5071,0
5,cpu_t8,1,121948,30884,0,0.9506,0.3867,0.1764,0,1.5137,0
5,cpu_t8,2,121948,30884,0,1.0424,0.3888,0.1977,0,1.6289,0
5,cpu_t8,3,121948,30884,0,1.0291,0.3908,0.1812,0,1.6011,0
5,cpu_t8,4,121948,30884,0,1.0319,0.3897,0.1908,0,1.6125,0
5,cpu_t16,0,121948,30884,0,1.2836,0.4048,0.1773,0,1.8658,0
5,cpu_t16,1,121948,30884,0,1.4400,0.3204,0.1986,0,1.9590,0
5,cpu_t16,2,121948,30884,0,1.4123,0.4278,0.1767,0,2.0168,0
5,cpu_t16,3,121948,30884,0,1.4145,0.4393,0.1933,0,2.0472,0
5,cpu_t16,4,121948,30884,0,1.3433,0.4060,0.1854,0,1.9347,0
5,gpu_thrust_uf,0,121948,30884,0.0766,0.8958,0.0379,0.1229,0.0360,1.1686,0
5,gpu_thrust_uf,1,121948,30884,0.0855,0.8052,0.0369,0.1219,0.0291,1.0819,0
5,gpu_thrust_uf,2,121948,30884,0.0783,0.7578,0.0461,0.1485,0.0216,1.0476,0
5,gpu_thrust_uf,3,121948,30884,0.0810,0.7323,0.0338,0.1229,0.0205,0.9814,0
5,gpu_thrust_uf,4,121948,30884,0.0819,0.7612,0.0891,0.2304,0.0952,1.2513,0
5,gpu_hash_uf,0,121948,30884,0.0790,0.4603,0.0659,0.2301,0.0574,0.8883,0
5,gpu_hash_uf,1,121948,30884,0.0945,1.4109,0.0307,0.2918,0.0316,1.8322,0
5,gpu_hash_uf,2,121948,30884,0.1163,0.9943,0.0964,0.2323,0.0415,1.4614,0
5,gpu_hash_uf,3,121948,30884,0.0767,0.5434,0.0440,0.1505,0.0681,0.8820,0
5,gpu_hash_uf,4,121948,30884,0.0783,0.3403,0.0922,0.2335,0.0328,0.7775,0
5,gpu_hash_prop,0,121948,30884,0.0769,0.1933,0.0360,7.2303,0.0186,7.3397,138
5,gpu_hash_prop,1,121948,30884,0.0769,0.4038,0.0933,15.7719,0.0543,15.9060,138
5,gpu_hash_prop,2,121948,30884,0.0770,0.4027,0.0922,20.5629,0.0983,20.6280,138
5,gpu_hash_prop,3,121948,30884,0.0929,0.6365,0.0881,22.9335,0.0634,23.1199,138
5,gpu_hash_prop,4,121948,30884,0.0768,0.6284,0.0809,13.9622,0.1059,14.4132,138
6,cpu_t1,0,121848,30634,0,3.9369,1.4123,0.1405,0,5.4897,0
6,cpu_t1,1,121848,30634,0,3.9800,1.4565,0.1396,0,5.5761,0
6,cpu_t1,2,121848,30634,0,3.9937,1.4451,0.1398,0,5.5786,0
6,cpu_t1,3,121848,30634,0,3.9411,1.4550,0.1391,0,5.5353,0
6,cpu_t1,4,121848,30634,0,3.9835,1.4124,0.1386,0,5.5344,0
6,cpu_t2,0,121848,30634,0,2.0680,0.7165,0.1407,0,2.9252,0
6,cpu_t2,1,121848,30634,0,2.1251,0.7136,0.1399,0,2.9787,0
6,cpu_t2,2,121848,30634,0,2.0385,0.8747,0.1486,0,3.0619,0
6,cpu_t2,3,121848,30634,0,2.0200,0.7333,0.1418,0,2.8951,0
6,cpu_t2,4,121848,30634,0,2.1115,0.7451,0.1398,0,2.9964,0
6,cpu_t4,0,121848,30634,0,1.4996,0.7560,0.1390,0,2.3945,0
6,cpu_t4,1,121848,30634,0,1.4826,0.7170,0.1724,0,2.3721,0
6,cpu_t4,2,121848,30634,0,1.5191,0.7602,0.1760,0,2.4554,0
6,cpu_t4,3,121848,30634,0,1.6140,0.7838,0.1758,0,2.5737,0
6,cpu_t4,4,121848,30634,0,1.5716,0.5146,0.1831,0,2.2693,0
6,cpu_t8,0,121848,30634,0,1.0278,0.3823,0.1727,0,1.5829,0
6,cpu_t8,1,121848,30634,0,1.0296,0.3908,0.1802,0,1.6007,0
6,cpu_t8,2,121848,30634,0,1.0644,0.3800,0.1804,0,1.6249,0
6,cpu_t8,3,121848,30634,0,0.9648,0.4446,0.1444,0,1.5538,0
6,cpu_t8,4,121848,30634,0,0.9272,0.4052,0.1397,0,1.4721,0
6,cpu_t16,0,121848,30634,0,1.3353,0.4307,0.1840,0,1.9500,0
6,cpu_t16,1,121848,30634,0,1.4005,0.3897,0.1878,0,1.9780,0
6,cpu_t16,2,121848,30634,0,1.3675,0.3855,0.2212,0,1.9741,0
6,cpu_t16,3,121848,30634,0,1.3213,0.3884,0.1923,0,1.9020,0
6,cpu_t16,4,121848,30634,0,1.6216,0.4424,0.1858,0,2.2498,0
6,gpu_thrust_uf,0,121848,30634,0.0779,0.9081,0.0335,0.1188,0.0299,1.1660,0
6,gpu_thrust_uf,1,121848,30634,0.0916,1.7416,0.0317,0.1198,0.0189,1.9687,0
6,gpu_thrust_uf,2,121848,30634,0.0860,1.3286,0.0635,0.1516,0.0269,1.6450,0
6,gpu_thrust_uf,3,121848,30634,0.0768,0.7186,0.0430,0.1198,0.0313,0.9854,0
6,gpu_thrust_uf,4,121848,30634,0.0813,0.6858,0.0399,0.1508,0.0243,0.9816,0
6,gpu_hash_uf,0,121848,30634,0.0792,0.2224,0.0338,0.1188,0.0319,0.4915,0
6,gpu_hash_uf,1,121848,30634,0.0804,0.2001,0.0330,0.1186,0.0201,0.4729,0
6,gpu_hash_uf,2,121848,30634,0.0765,0.1808,0.0359,0.1197,0.0199,0.4441,0
6,gpu_hash_uf,3,121848,30634,0.0792,0.1880,0.0369,0.1188,0.0199,0.4488,0
6,gpu_hash_uf,4,121848,30634,0.0764,0.1941,0.0369,0.1188,0.0207,0.4574,0
6,gpu_hash_prop,0,121848,30634,0.0799,0.5213,0.0923,15.9577,0.0348,16.1841,137
6,gpu_hash_prop,1,121848,30634,0.0819,0.4771,0.0914,17.3432,0.1026,17.5543,137
6,gpu_hash_prop,2,121848,30634,0.0797,0.4155,0.1089,15.3771,0.0854,15.5867,137
6,gpu_hash_prop,3,121848,30634,0.0793,0.5657,0.0774,15.3088,0.0978,15.6466,137
6,gpu_hash_prop,4,121848,30634,0.0787,0.5048,0.1229,15.2144,0.0984,15.5399,137
7,cpu_t1,0,121997,30349,0,4.0193,1.4395,0.1421,0,5.6009,0
7,cpu_t1,1,121997,30349,0,4.1728,1.5143,0.1411,0,5.8283,0
7,cpu_t1,2,121997,30349,0,4.1461,1.5273,0.1696,0,5.8430,0
7,cpu_t1,3,121997,30349,0,4.0534,1.5067,0.1511,0,5.7113,0
7,cpu_t1,4,121997,30349,0,4.6902,1.5292,0.1415,0,6.3608,0
7,cpu_t2,0,121997,30349,0,2.1597,0.7023,0.1410,0,3.0030,0
7,cpu_t2,1,121997,30349,0,2.0869,0.8137,0.1473,0,3.0479,0
7,cpu_t2,2,121997,30349,0,2.1698,0.9108,0.1441,0,3.2247,0
7,cpu_t2,3,121997,30349,0,2.1416,0.7049,0.1430,0,2.9895,0
7,cpu_t2,4,121997,30349,0,2.2238,0.7472,0.1423,0,3.1133,0
7,cpu_t4,0,121997,30349,0,1.2442,0.3701,0.1645,0,1.7787,0
7,cpu_t4,1,121997,30349,0,1.1966,0.3659,0.1410,0,1.7034,0
7,cpu_t4,2,121997,30349,0,1.2678,0.3949,0.1395,0,1.8022,0
7,cpu_t4,3,121997,30349,0,1.7041,0.8089,0.1548,0,2.6678,0
7,cpu_t4,4,121997,30349,0,1.2350,0.4438,0.3199,0,1.9987,0
7,cpu_t8,0,121997,30349,0,1.0688,0.4289,0.1951,0,1.6928,0
7,cpu_t8,1,121997,30349,0,1.0604,0.4061,0.1864,0,1.6529,0
7,cpu_t8,2,121997,30349,0,1.0963,0.4015,0.1427,0,1.6405,0
7,cpu_t8,3,121997,30349,0,0.9447,0.4099,0.1406,0,1.4952,0
7,cpu_t8,4,121997,30349,0,0.9578,0.4122,0.1402,0,1.5102,0
7,cpu_t16,0,121997,30349,0,0.8678,0.2152,0.1875,0,1.2704,0
7,cpu_t16,1,121997,30349,0,0.8095,0.2091,0.1922,0,1.2108,0
7,cpu_t16,2,121997,30349,0,0.6971,0.3668,0.1779,0,1.2418,0
7,cpu_t16,3,121997,30349,0,1.3109,0.4141,0.1878,0,1.9128,0
7,cpu_t16,4,121997,30349,0,1.2812,0.4236,0.1861,0,1.8910,0
7,gpu_thrust_uf,0,121997,30349,0.0800,1.6882,0.0307,0.1075,0.0329,1.9114,0
7,gpu_thrust_uf,1,121997,30349,0.0874,0.6989,0.0543,0.1178,0.0201,0.9797,0
7,gpu_thrust_uf,2,121997,30349,0.0794,0.8451,0.0860,0.1260,0.0192,1.1432,0
7,gpu_thrust_uf,3,121997,30349,0.0827,0.7138,0.0440,0.1239,0.0264,0.9911,0
7,gpu_thrust_uf,4,121997,30349,0.0811,0.6964,0.1324,0.1544,0.0348,1.0976,0
7,gpu_hash_uf,0,121997,30349,0.0845,0.4150,0.0338,0.1219,0.0780,0.7425,0
7,gpu_hash_uf,1,121997,30349,0.0784,0.5134,0.0931,0.2161,0.0472,0.9432,0
7,gpu_hash_uf,2,121997,30349,0.0968,0.5945,0.0307,0.1065,0.0277,0.8568,0
7,gpu_hash_uf,3,121997,30349,0.0880,0.7724,0.0918,0.1741,0.0388,1.1579,0
7,gpu_hash_uf,4,121997,30349,0.0783,0.3972,0.0723,0.3871,0.0319,0.9728,0
7,gpu_hash_prop,0,121997,30349,0.0771,0.4464,0.0328,11.2824,0.0260,11.5240,135
7,gpu_hash_prop,1,121997,30349,0.0771,0.2214,0.0563,8.0671,0.0261,8.1998,135
7,gpu_hash_prop,2,121997,30349,0.0850,0.1806,0.0367,8.8576,0.0248,8.9193,135
7,gpu_hash_prop,3,121997,30349,0.0769,0.1919,0.0410,10.9179,0.0286,10.9199,135
7,gpu_hash_prop,4,121997,30349,0.0785,0.1839,0.0389,8.2883,0.0251,8.3657,135
8,cpu_t1,0,122227,30566,0,3.9241,1.4437,0.1389,0,5.5066,0
8,cpu_t1,1,122227,30566,0,4.0207,1.4014,0.1366,0,5.5588,0
8,cpu_t1,2,122227,30566,0,3.9257,1.4478,0.1379,0,5.5114,0
8,cpu_t1,3,122227,30566,0,3.9462,1.5262,0.1374,0,5.6098,0
8,cpu_t1,4,122227,30566,0,4.0490,1.3565,0.1507,0,5.5562,0
8,cpu_t2,0,122227,30566,0,2.1556,0.6953,0.1389,0,2.9898,0
8,cpu_t2,1,122227,30566,0,2.3313,0.6748,0.1390,0,3.1452,0
8,cpu_t2,2,122227,30566,0,2.1267,0.8313,0.1463,0,3.1043,0
8,cpu_t2,3,122227,30566,0,2.1331,0.7030,0.1604,0,2.9964,0
8,cpu_t2,4,122227,30566,0,2.3603,0.7061,0.1408,0,3.2071,0
8,cpu_t4,0,122227,30566,0,1.1835,0.3774,0.1395,0,1.7003,0
8,cpu_t4,1,122227,30566,0,1.3162,0.5799,0.1389,0,2.0350,0
8,cpu_t4,2,122227,30566,0,1.3096,0.3786,0.1489,0,1.8370,0
8,cpu_t4,3,122227,30566,0,1.2837,0.4710,0.1402,0,1.8949,0
8,cpu_t4,4,122227,30566,0,1.2394,0.3688,0.1397,0,1.7480,0
8,cpu_t8,0,122227,30566,0,1.0755,0.3652,0.1395,0,1.5801,0
8,cpu_t8,1,122227,30566,0,0.9586,0.3919,0.1693,0,1.5197,0
8,cpu_t8,2,122227,30566,0,1.0554,0.3646,0.1781,0,1.5981,0
8,cpu_t8,3,122227,30566,0,0.9346,0.3508,0.1383,0,1.4237,0
8,cpu_t8,4,122227,30566,0,0.9672,0.3456,0.1616,0,1.4744,0
8,cpu_t16,0,122227,30566,0,1.3444,0.5347,0.2004,0,2.0795,0
8,cpu_t16,1,122227,30566,0,1.3849,0.3479,0.1754,0,1.9082,0
8,cpu_t16,2,122227,30566,0,1.4045,0.4003,0.1914,0,1.9961,0
8,cpu_t16,3,122227,30566,0,1.3752,0.3968,0.1902,0,1.9622,0
8,cpu_t16,4,122227,30566,0,1.3666,0.3811,0.1785,0,1.9262,0
8,gpu_thrust_uf,0,122227,30566,0.0833,1.0318,0.0399,0.1116,0.0385,1.3021,0
8,gpu_thrust_uf,1,122227,30566,0.0812,0.8743,0.0379,0.1065,0.0361,1.1372,0
8,gpu_thrust_uf,2,122227,30566,0.0762,0.9985,0.0317,0.1075,0.0252,1.2260,0
8,gpu_thrust_uf,3,122227,30566,0.0841,1.4802,0.0317,0.1075,0.0244,1.6984,0
8,gpu_thrust_uf,4,122227,30566,0.0851,1.2855,0.0450,0.1198,0.0330,1.5431,0
8,gpu_hash_uf,0,122227,30566,0.0802,0.1828,0.0377,0.1075,0.0192,0.4340,0
8,gpu_hash_uf,1,122227,30566,0.0803,0.2591,0.0379,0.1065,0.0195,0.5077,0
8,gpu_hash_uf,2,122227,30566,0.0800,0.1885,0.0400,0.1075,0.0190,0.4417,0
8,gpu_hash_uf,3,122227,30566,0.0796,0.2127,0.0358,0.1075,0.0185,0.4974,0
8,gpu_hash_uf,4,122227,30566,0.0769,0.2121,0.0369,0.1065,0.0342,0.4756,0
8,gpu_hash_prop,0,122227,30566,0.1052,0.2708,0.0604,7.0062,0.0287,7.2570,135
8,gpu_hash_prop,1,122227,30566,0.0810,0.2595,0.0717,9.9164,0.0454,10.0737,135
8,gpu_hash_prop,2,122227,30566,0.0798,0.2608,0.0338,10.2207,0.0968,10.3785,135
8,gpu_hash_prop,3,122227,30566,0.0760,0.5464,0.0941,15.7092,0.1078,16.0396,135
8,gpu_hash_prop,4,122227,30566,0.1004,0.4585,0.0686,15.7062,0.0921,15.9367,135
9,cpu_t1,0,122402,30482,0,4.7258,1.5621,0.1363,0,6.4242,0
9,cpu_t1,1,122402,30482,0,3.9457,1.4750,0.1317,0,5.5524,0
9,cpu_t1,2,122402,30482,0,3.9292,1.4719,0.1311,0,5.5322,0
9,cpu_t1,3,122402,30482,0,3.9354,1.4622,0.1320,0,5.5296,0
9,cpu_t1,4,122402,30482,0,3.9699,1.4586,0.1306,0,5.5592,0
9,cpu_t2,0,122402,30482,0,2.4807,1.5466,0.1669,0,4.1941,0
9,cpu_t2,1,122402,30482,0,2.4299,0.7955,0.1329,0,3.3584,0
9,cpu_t2,2,122402,30482,0,2.1619,0.7254,0.1303,0,3.0176,0
9,cpu_t2,3,122402,30482,0,2.0494,0.8160,0.1296,0,2.9950,0
9,cpu_t2,4,122402,30482,0,2.2872,0.9197,0.2097,0,3.4166,0
9,cpu_t4,0,122402,30482,0,1.2092,0.5749,0.1689,0,1.9530,0
9,cpu_t4,1,122402,30482,0,1.6136,0.7547,0.1739,0,2.5423,0
9,cpu_t4,2,122402,30482,0,1.5114,0.4146,0.1318,0,2.0577,0
9,cpu_t4,3,122402,30482,0,1.2301,0.4767,0.1310,0,1.8377,0
9,cpu_t4,4,122402,30482,0,1.2741,0.3781,0.1342,0,1.7864,0
9,cpu_t8,0,122402,30482,0,0.9498,0.3719,0.1928,0,1.5145,0
9,cpu_t8,1,122402,30482,0,1.0588,0.4023,0.2206,0,1.6818,0
9,cpu_t8,2,122402,30482,0,1.0509,0.4009,0.1969,0,1.6488,0
9,cpu_t8,3,122402,30482,0,1.0447,0.3809,0.2097,0,1.6354,0
9,cpu_t8,4,122402,30482,0,1.0885,0.3692,0.1851,0,1.6428,0
9,cpu_t16,0,122402,30482,0,0.7100,0.2039,0.1650,0,1.0790,0
9,cpu_t16,1,122402,30482,0,0.7557,0.3636,0.1761,0,1.2954,0
9,cpu_t16,2,122402,30482,0,0.7149,0.1952,0.1622,0,1.0723,0
9,cpu_t16,3,122402,30482,0,1.0162,0.5101,0.2197,0,1.7460,0
9,cpu_t16,4,122402,30482,0,1.3955,0.3890,0.1947,0,1.9791,0
9,gpu_thrust_uf,0,122402,30482,0.0954,1.6345,0.0309,0.0961,0.0427,1.8760,0
9,gpu_thrust_uf,1,122402,30482,0.0841,1.4575,0.0369,0.0952,0.0216,1.6995,0
9,gpu_thrust_uf,2,122402,30482,0.0784,0.7984,0.0338,0.0943,0.0237,1.0198,0
9,gpu_thrust_uf,3,122402,30482,0.0781,0.7906,0.0379,0.0942,0.0244,1.0157,0
9,gpu_thrust_uf,4,122402,30482,0.0787,0.7622,0.0369,0.0952,0.0230,0.9883,0
9,gpu_hash_uf,0,122402,30482,0.0809,0.1953,0.0369,0.0942,0.0232,0.4435,0
9,gpu_hash_uf,1,122402,30482,0.0784,0.2721,0.0375,0.0942,0.0252,0.5147,0
9,gpu_hash_uf,2,122402,30482,0.0791,0.3062,0.0379,0.0942,0.0233,0.5486,0
9,gpu_hash_uf,3,122402,30482,0.0760,0.2178,0.0369,0.0942,0.0218,0.4553,0
9,gpu_hash_uf,4,122402,30482,0.0768,0.2412,0.0410,0.0932,0.0279,0.4934,0
9,gpu_hash_prop,0,122402,30482,0.0792,0.1860,0.0338,7.8326,0.0253,7.9188,127
9,gpu_hash_prop,1,122402,30482,0.0783,0.1969,0.0348,8.5996,0.0349,8.6852,127
9,gpu_hash_prop,2,122402,30482,0.0785,0.2523,0.0399,7.1639,0.0795,7.3966,127
9,gpu_hash_prop,3,122402,30482,0.0815,0.1915,0.0328,8.5269,0.0235,8.6095,127
9,gpu_hash_prop,4,122402,30482,0.0769,0.1926,0.0369,9.0409,0.0261,9.1051,127
10,cpu_t1,0,122486,30510,0,4.1082,1.8152,0.1465,0,6.0700,0
10,cpu_t1,1,122486,30510,0,3.9991,1.5827,0.1749,0,5.7567,0
10,cpu_t1,2,122486,30510,0,4.6058,1.5129,0.1410,0,6.2597,0
10,cpu_t1,3,122486,30510,0,3.9776,1.3802,0.1426,0,5.5003,0
10,cpu_t1,4,122486,30510,0,3.9303,1.4003,0.1398,0,5.4703,0
10,cpu_t2,0,122486,30510,0,2.3203,0.7222,0.1402,0,3.1827,0
10,cpu_t2,1,122486,30510,0,2.2901,1.4850,0.1847,0,3.9598,0
10,cpu_t2,2,122486,30510,0,2.7449,1.3645,0.1841,0,4.2935,0
10,cpu_t2,3,122486,30510,0,2.7119,1.5084,0.1762,0,4.3965,0
10,cpu_t2,4,122486,30510,0,2.7221,1.5759,0.1897,0,4.4877,0
10,cpu_t4,0,122486,30510,0,1.6472,0.7890,0.1798,0,2.6160,0
10,cpu_t4,1,122486,30510,0,1.6414,0.7109,0.1786,0,2.5310,0
10,cpu_t4,2,122486,30510,0,1.6144,0.6964,0.1743,0,2.4851,0
10,cpu_t4,3,122486,30510,0,1.6181,0.7034,0.1735,0,2.4951,0
10,cpu_t4,4,122486,30510,0,1.6488,0.7013,0.1741,0,2.5242,0
10,cpu_t8,0,122486,30510,0,1.0018,0.3792,0.1428,0,1.5238,0
10,cpu_t8,1,122486,30510,0,0.9860,0.3699,0.1415,0,1.4974,0
10,cpu_t8,2,122486,30510,0,1.0176,0.3601,0.1398,0,1.5175,0
10,cpu_t8,3,122486,30510,0,0.9998,0.3574,0.1396,0,1.4968,0
10,cpu_t8,4,122486,30510,0,0.9992,0.3567,0.1480,0,1.5040,0
10,cpu_t16,0,122486,30510,0,0.7356,0.2157,0.1781,0,1.1294,0
10,cpu_t16,1,122486,30510,0,1.2847,0.3049,0.1747,0,1.7643,0
10,cpu_t16,2,122486,30510,0,1.3168,0.3556,0.1742,0,1.8466,0
10,cpu_t16,3,122486,30510,0,1.3178,0.4151,0.1794,0,1.9123,0
10,cpu_t16,4,122486,30510,0,1.2817,0.3628,0.1736,0,1.8180,0
10,gpu_thrust_uf,0,122486,30510,0.0785,0.8491,0.0338,0.1047,0.0295,1.0968,0
10,gpu_thrust_uf,1,122486,30510,0.0814,0.6997,0.0522,0.1057,0.0209,0.9658,0
10,gpu_thrust_uf,2,122486,30510,0.0801,0.8347,0.0850,0.3451,0.1284,1.4798,0
10,gpu_thrust_uf,3,122486,30510,0.0802,0.8174,0.0440,0.1096,0.0205,1.0664,0
10,gpu_thrust_uf,4,122486,30510,0.0782,0.6852,0.0379,0.1055,0.0209,0.9276,0
10,gpu_hash_uf,0,122486,30510,0.0788,0.8052,0.0376,0.1065,0.0310,1.0578,0
10,gpu_hash_uf,1,122486,30510,0.0811,0.1964,0.0358,0.1055,0.0194,0.4560,0
10,gpu_hash_uf,2,122486,30510,0.0772,0.1754,0.0366,0.1055,0.0332,0.4381,0
10,gpu_hash_uf,3,122486,30510,0.0769,0.2277,0.0512,0.1044,0.0251,0.4992,0
10,gpu_hash_uf,4,122486,30510,0.0844,1.4060,0.0317,0.1055,0.0225,1.6229,0
10,gpu_hash_prop,0,122486,30510,0.0808,0.6844,0.0901,17.3937,0.1668,17.8979,120
10,gpu_hash_prop,1,122486,30510,0.0788,0.7269,0.1004,13.7062,0.0986,14.3076,120
10,gpu_hash_prop,2,122486,30510,0.0778,0.6639,0.1388,17.2134,0.1256,17.6749,120
10,gpu_hash_prop,3,122486,30510,0.0801,0.7075,0.0911,9.4413,0.0268,10.0509,120
10,gpu_hash_prop,4,122486,30510,0.0770,0.2026,0.0409,8.7511,0.0196,8.8282,120
11,cpu_t1,0,122554,30492,0,3.9392,1.4345,0.1532,0,5.5269,0
11,cpu_t1,1,122554,30492,0,3.9636,1.4084,0.1534,0,5.5253,0
11,cpu_t1,2,122554,30492,0,3.9661,1.4190,0.1561,0,5.5411,0
11,cpu_t1,3,122554,30492,0,4.0396,1.4056,0.1555,0,5.6007,0
11,cpu_t1,4,122554,30492,0,3.9349,1.4422,0.1518,0,5.5289,0
11,cpu_t2,0,122554,30492,0,2.1098,0.7035,0.1490,0,2.9623,0
11,cpu_t2,1,122554,30492,0,2.0838,0.7686,0.1535,0,3.0060,0
11,cpu_t2,2,122554,30492,0,2.0237,0.7472,0.2037,0,2.9745,0
11,cpu_t2,3,122554,30492,0,2.6407,0.7627,0.1527,0,3.5560,0
11,cpu_t2,4,122554,30492,0,2.3583,0.7205,0.1563,0,3.2351,0
11,cpu_t4,0,122554,30492,0,1.2580,0.3763,0.1523,0,1.7866,0
11,cpu_t4,1,122554,30492,0,1.2110,0.4048,0.1533,0,1.7691,0
11,cpu_t4,2,122554,30492,0,1.1968,0.3462,0.1520,0,1.6950,0
11,cpu_t4,3,122554,30492,0,1.2222,0.3472,0.1651,0,1.7345,0
11,cpu_t4,4,122554,30492,0,1.7022,0.3484,0.1529,0,2.2035,0
11,cpu_t8,0,122554,30492,0,1.1494,0.3530,0.1903,0,1.6927,0
11,cpu_t8,1,122554,30492,0,1.0904,0.3596,0.2076,0,1.6576,0
11,cpu_t8,2,122554,30492,0,1.1209,0.3887,0.2024,0,1.7120,0
11,cpu_t8,3,122554,30492,0,1.1095,0.3712,0.2151,0,1.6958,0
11,cpu_t8,4,122554,30492,0,1.1359,0.3741,0.1988,0,1.7088,0
11,cpu_t16,0,122554,30492,0,1.0965,0.3379,0.2122,0,1.6467,0
11,cpu_t16,1,122554,30492,0,1.6963,0.3751,0.1924,0,2.2638,0
11,cpu_t16,2,122554,30492,0,1.4564,0.4117,0.1965,0,2.0646,0
11,cpu_t16,3,122554,30492,0,1.4677,0.4076,0.2001,0,2.0754,0
11,cpu_t16,4,122554,30492,0,1.1546,0.2707,0.1983,0,1.6236,0
11,gpu_thrust_uf,0,122554,30492,0.0838,0.9382,0.0389,0.1444,0.0390,1.2440,0
11,gpu_thrust_uf,1,122554,30492,0.0834,0.7725,0.0369,0.1126,0.0289,1.0407,0
11,gpu_thrust_uf,2,122554,30492,0.0789,0.7231,0.0369,0.1137,0.0238,0.9744,0
11,gpu_thrust_uf,3,122554,30492,0.0771,0.7280,0.0338,0.1126,0.0347,0.9831,0
11,gpu_thrust_uf,4,122554,30492,0.0786,0.8368,0.0440,0.1495,0.0256,1.1237,0
11,gpu_hash_uf,0,122554,30492,0.0852,0.5990,0.0329,0.1259,0.0223,0.8766,0
11,gpu_hash_uf,1,122554,30492,0.1354,0.3644,0.0327,0.1128,0.0229,0.6785,0
11,gpu_hash_uf,2,122554,30492,0.0760,0.1885,0.0358,0.1126,0.0256,0.4514,0
11,gpu_hash_uf,3,122554,30492,0.0815,0.2513,0.0336,0.1126,0.0293,0.5257,0
11,gpu_hash_uf,4,122554,30492,0.1186,1.8097,0.0328,0.1129,0.0243,2.0581,0
11,gpu_hash_prop,0,122554,30492,0.0794,0.2092,0.0512,12.5460,0.0234,12.5330,197
11,gpu_hash_prop,1,122554,30492,0.0804,0.1785,0.0338,13.1789,0.0201,13.1037,197
11,gpu_hash_prop,2,122554,30492,0.1051,0.2028,0.0328,10.8586,0.0208,10.8880,197
11,gpu_hash_prop,3,122554,30492,0.0933,2.0399,0.0307,9.8253,0.0188,11.6491,197
11,gpu_hash_prop,4,122554,30492,0.0805,0.1957,0.0358,14.2725,0.0539,14.1941,197
12,cpu_t1,0,122460,30316,0,3.9129,1.4466,0.1347,0,5.4942,0
12,cpu_t1,1,122460,30316,0,3.9422,1.4331,0.1342,0,5.5095,0
12,cpu_t1,2,122460,30316,0,3.9957,1.3586,0.1338,0,5.4881,0
12,cpu_t1,3,122460,30316,0,3.9221,1.4020,0.1332,0,5.4572,0
12,cpu_t1,4,122460,30316,0,3.9516,1.3413,0.1466,0,5.4395,0
12,cpu_t2,0,122460,30316,0,2.0563,0.7925,0.1331,0,2.9819,0
12,cpu_t2,1,122460,30316,0,2.0327,0.7058,0.1321,0,2.8706,0
12,cpu_t2,2,122460,30316,0,2.0523,0.7587,0.1320,0,2.9431,0
12,cpu_t2,3,122460,30316,0,2.1556,0.7532,0.1355,0,3.0442,0
12,cpu_t2,4,122460,30316,0,2.0301,0.7684,0.1340,0,2.9325,0
12,cpu_t4,0,122460,30316,0,1.2188,0.4242,0.1550,0,1.7980,0
12,cpu_t4,1,122460,30316,0,1.1999,0.3678,0.1336,0,1.7013,0
12,cpu_t4,2,122460,30316,0,1.2114,0.3773,0.1335,0,1.7221,0
12,cpu_t4,3,122460,30316,0,1.2314,0.3969,0.1448,0,1.7731,0
12,cpu_t4,4,122460,30316,0,1.2743,0.5027,0.1543,0,1.9313,0
12,cpu_t8,0,122460,30316,0,1.0726,0.3852,0.2010,0,1.6588,0
12,cpu_t8,1,122460,30316,0,1.1086,0.3833,0.1971,0,1.6890,0
12,cpu_t8,2,122460,30316,0,1.0685,0.3619,0.1350,0,1.5654,0
12,cpu_t8,3,122460,30316,0,0.9878,0.3650,0.1348,0,1.4875,0
12,cpu_t8,4,122460,30316,0,1.0135,0.3622,0.1342,0,1.5099,0
12,cpu_t16,0,122460,30316,0,1.3277,0.3932,0.1804,0,1.9013,0
12,cpu_t16,1,122460,30316,0,1.3527,0.2424,0.1830,0,1.7782,0
12,cpu_t16,2,122460,30316,0,0.9777,0.2028,0.1705,0,1.3509,0
12,cpu_t16,3,122460,30316,0,0.7153,0.2023,0.1688,0,1.0864,0
12,cpu_t16,4,122460,30316,0,0.8809,0.3788,0.2198,0,1.4795,0
12,gpu_thrust_uf,0,122460,30316,0.0840,0.8221,0.0398,0.1260,0.0354,1.1101,0
12,gpu_thrust_uf,1,122460,30316,0.0783,0.8031,0.0338,0.1147,0.0308,1.0645,0
12,gpu_thrust_uf,2,122460,30316,0.0769,0.7034,0.0369,0.1147,0.0330,0.9642,0
12,gpu_thrust_uf,3,122460,30316,0.0771,1.0553,0.0369,0.1147,0.0304,1.3002,0
12,gpu_thrust_uf,4,122460,30316,0.0769,0.8554,0.0369,0.1137,0.0261,1.1057,0
12,gpu_hash_uf,0,122460,30316,0.0847,1.2620,0.0307,0.1147,0.0269,1.4958,0
12,gpu_hash_uf,1,122460,30316,0.0879,0.5876,0.0307,0.1147,0.0251,0.8464,0
12,gpu_hash_uf,2,122460,30316,0.1110,0.7916,0.0338,0.1138,0.0188,1.0602,0
12,gpu_hash_uf,3,122460,30316,0.0772,0.2348,0.0614,0.1311,0.0212,0.5346,0
12,gpu_hash_uf,4,122460,30316,0.0768,0.2215,0.0369,0.1116,0.0191,0.4743,0
12,gpu_hash_prop,0,122460,30316,0.0769,0.2729,0.0358,8.9303,0.0237,9.0658,114
12,gpu_hash_prop,1,122460,30316,0.1020,0.2581,0.0573,6.4072,0.0355,6.6728,114
12,gpu_hash_prop,2,122460,30316,0.0797,0.2562,0.0369,5.8462,0.0314,6.0727,114
12,gpu_hash_prop,3,122460,30316,0.0770,0.1678,0.0328,7.5796,0.0191,7.6491,114
12,gpu_hash_prop,4,122460,30316,0.0809,0.2878,0.0369,6.4799,0.0250,6.7090,114
13,cpu_t1,0,122566,30372,0,4.1848,1.4018,0.1852,0,5.7717,0
13,cpu_t1,1,122566,30372,0,4.1307,1.3582,0.1353,0,5.6242,0
13,cpu_t1,2,122566,30372,0,3.9792,1.4644,0.1361,0,5.5796,0
13,cpu_t1,3,122566,30372,0,4.1369,1.4310,0.1406,0,5.7085,0
13,cpu_t1,4,122566,30372,0,4.0716,1.3866,0.1408,0,5.5990,0
13,cpu_t2,0,122566,30372,0,2.0521,0.7363,0.1635,0,2.9519,0
13,cpu_t2,1,122566,30372,0,2.1802,0.8056,0.1362,0,3.1220,0
13,cpu_t2,2,122566,30372,0,2.3990,0.7325,0.1336,0,3.2652,0
13,cpu_t2,3,122566,30372,0,2.0819,0.7564,0.1465,0,2.9848,0
13,cpu_t2,4,122566,30372,0,2.0884,0.8311,0.1340,0,3.0535,0
13,cpu_t4,0,122566,30372,0,1.2365,0.4498,0.1936,0,1.8799,0
13,cpu_t4,1,122566,30372,0,1.5722,0.3624,0.1339,0,2.0685,0
13,cpu_t4,2,122566,30372,0,1.1810,0.3739,0.1338,0,1.6886,0
13,cpu_t4,3,122566,30372,0,1.5574,0.7519,0.1763,0,2.4856,0
13,cpu_t4,4,122566,30372,0,1.6341,0.7587,0.1871,0,2.5799,0
13,cpu_t8,0,122566,30372,0,1.0255,0.4056,0.1355,0,1.5666,0
13,cpu_t8,1,122566,30372,0,1.0130,0.4187,0.1345,0,1.5662,0
13,cpu_t8,2,122566,30372,0,1.0515,0.5177,0.1455,0,1.7147,0
13,cpu_t8,3,122566,30372,0,1.2855,0.4217,0.1353,0,1.8426,0
13,cpu_t8,4,122566,30372,0,1.0153,0.4162,0.1383,0,1.5698,0
13,cpu_t16,0,122566,30372,0,0.7326,0.1986,0.1691,0,1.1003,0
13,cpu_t16,1,122566,30372,0,0.7531,0.2346,0.1797,0,1.1674,0
13,cpu_t16,2,122566,30372,0,0.7785,0.1929,0.1698,0,1.1412,0
13,cpu_t16,3,122566,30372,0,0.7793,0.1950,0.1671,0,1.1415,0
13,cpu_t16,4,122566,30372,0,0.7490,0.2076,0.1717,0,1.1283,0
13,gpu_thrust_uf,0,122566,30372,0.0834,0.9315,0.0369,0.1106,0.0305,1.1933,0
13,gpu_thrust_uf,1,122566,30372,0.0790,0.7945,0.0634,0.1311,0.0260,1.1050,0
13,gpu_thrust_uf,2,122566,30372,0.0769,1.3659,0.0358,0.1116,0.0220,1.5871,0
13,gpu_thrust_uf,3,122566,30372,0.0804,0.7890,0.0625,0.1474,0.0186,1.0858,0
13,gpu_thrust_uf,4,122566,30372,0.0784,1.8068,0.0317,0.1106,0.0323,2.0288,0
13,gpu_hash_uf,0,122566,30372,0.0787,0.1921,0.0358,0.1106,0.0257,0.4500,0
13,gpu_hash_uf,1,122566,30372,0.0770,0.2257,0.0378,0.1137,0.0203,0.4828,0
13,gpu_hash_uf,2,122566,30372,0.0771,0.1765,0.0358,0.1106,0.0248,0.4348,0
13,gpu_hash_uf,3,122566,30372,0.0835,0.2581,0.0799,0.1505,0.0198,0.5986,0
13,gpu_hash_uf,4,122566,30372,0.0786,0.2007,0.0347,0.1382,0.0195,0.4797,0
13,gpu_hash_prop,0,122566,30372,0.0770,0.2416,0.0358,5.2337,0.0188,5.4521,86
13,gpu_hash_prop,1,122566,30372,0.0763,0.1834,0.0358,8.8453,0.0206,8.8934,86
13,gpu_hash_prop,2,122566,30372,0.0791,0.1959,0.0328,5.5613,0.0412,5.7460,86
13,gpu_hash_prop,3,122566,30372,0.0783,0.2354,0.0594,7.3431,0.0379,7.5332,86
13,gpu_hash_prop,4,122566,30372,0.0796,0.2783,0.0625,4.3991,0.0318,4.7196,86
14,cpu_t1,0,122501,30406,0,3.9574,1.5083,0.1354,0,5.6012,0
14,cpu_t1,1,122501,30406,0,4.1429,1.5415,0.1331,0,5.8175,0
14,cpu_t1,2,122501,30406,0,3.9390,1.4626,0.1312,0,5.5328,0
14,cpu_t1,3,122501,30406,0,3.9385,1.6891,0.1671,0,5.7947,0
14,cpu_t1,4,122501,30406,0,4.1234,1.5211,0.1315,0,5.7760,0
14,cpu_t2,0,122501,30406,0,2.1614,0.7568,0.1269,0,3.0452,0
14,cpu_t2,1,122501,30406,0,2.0626,0.8541,0.2066,0,3.1233,0
14,cpu_t2,2,122501,30406,0,2.2704,0.8503,0.1311,0,3.2517,0
14,cpu_t2,3,122501,30406,0,2.5613,0.7797,0.1295,0,3.4706,0
14,cpu_t2,4,122501,30406,0,2.0535,0.7470,0.1274,0,2.9279,0
14,cpu_t4,0,122501,30406,0,1.2143,0.4129,0.1299,0,1.7571,0
14,cpu_t4,1,122501,30406,0,1.2369,0.5967,0.1708,0,2.0045,0
14,cpu_t4,2,122501,30406,0,1.6337,0.7787,0.1660,0,2.5783,0
14,cpu_t4,3,122501,30406,0,1.8276,0.7822,0.1622,0,2.7720,0
14,cpu_t4,4,122501,30406,0,1.6474,0.7991,0.1647,0,2.6112,0
14,cpu_t8,0,122501,30406,0,1.0873,0.3828,0.1681,0,1.6383,0
14,cpu_t8,1,122501,30406,0,1.1330,0.3965,0.1731,0,1.7026,0
14,cpu_t8,2,122501,30406,0,1.1612,0.4282,0.1616,0,1.7510,0
14,cpu_t8,3,122501,30406,0,1.0895,0.3871,0.1622,0,1.6387,0
14,cpu_t8,4,122501,30406,0,1.0336,0.3752,0.1635,0,1.5723,0
14,cpu_t16,0,122501,30406,0,1.2401,0.2022,0.1683,0,1.6106,0
14,cpu_t16,1,122501,30406,0,0.8719,0.2101,0.1633,0,1.2453,0
14,cpu_t16,2,122501,30406,0,0.7589,0.2425,0.1615,0,1.1629,0
14,cpu_t16,3,122501,30406,0,0.7665,0.1985,0.1611,0,1.1260,0
14,cpu_t16,4,122501,30406,0,0.7465,0.2174,0.1602,0,1.1241,0
14,gpu_thrust_uf,0,122501,30406,0.0851,0.9045,0.0366,0.1300,0.0320,1.1858,0
14,gpu_thrust_uf,1,122501,30406,0.0825,0.7459,0.0389,0.1178,0.0331,1.0207,0
14,gpu_thrust_uf,2,122501,30406,0.0812,1.3297,0.0369,0.1178,0.0183,1.5689,0
14,gpu_thrust_uf,3,122501,30406,0.0788,0.6991,0.0553,0.1147,0.0221,0.9655,0
14,gpu_thrust_uf,4,122501,30406,0.0772,0.7908,0.2222,0.1178,0.0282,1.2247,0
14,gpu_hash_uf,0,122501,30406,0.1153,0.6171,0.0594,0.1700,0.0198,0.9722,0
14,gpu_hash_uf,1,122501,30406,0.0810,0.2036,0.0419,0.1239,0.0197,0.4789,0
14,gpu_hash_uf,2,122501,30406,0.0770,0.1889,0.0369,0.1413,0.0340,0.4864,0
14,gpu_hash_uf,3,122501,30406,0.0808,0.1981,0.0338,0.1147,0.0193,0.4577,0
14,gpu_hash_uf,4,122501,30406,0.0795,0.2059,0.0338,0.1137,0.0302,0.4687,0
14,gpu_hash_prop,0,122501,30406,0.0820,0.1917,0.0358,6.0099,0.0228,6.1657,94
14,gpu_hash_prop,1,122501,30406,0.0773,1.3132,0.0309,6.5545,0.0290,7.7758,94
14,gpu_hash_prop,2,122501,30406,0.0883,0.2111,0.0399,5.8532,0.0284,6.0513,94
14,gpu_hash_prop,3,122501,30406,0.0761,0.1941,0.0329,3.9373,0.0179,4.1458,94
14,gpu_hash_prop,4,122501,30406,0.0762,0.1934,0.0338,6.9878,0.0282,7.1095,94
15,cpu_t1,0,122455,30384,0,3.9155,1.3666,0.1385,0,5.4207,0
15,cpu_t1,1,122455,30384,0,3.9225,1.4265,0.1393,0,5.4882,0
15,cpu_t1,2,122455,30384,0,3.9910,1.3678,0.1378,0,5.4967,0
15,cpu_t1,3,122455,30384,0,3.9089,1.3629,0.1419,0,5.4138,0
15,cpu_t1,4,122455,30384,0,3.9516,1.3716,0.1389,0,5.4622,0
15,cpu_t2,0,122455,30384,0,2.1053,0.6842,0.1393,0,2.9288,0
15,cpu_t2,1,122455,30384,0,2.1195,0.6729,0.1424,0,2.9348,0
15,cpu_t2,2,122455,30384,0,2.1249,0.6872,0.1388,0,2.9510,0
15,cpu_t2,3,122455,30384,0,2.1054,0.7502,0.1386,0,2.9942,0
15,cpu_t2,4,122455,30384,0,2.1234,0.6810,0.1377,0,2.9421,0
15,cpu_t4,0,122455,30384,0,1.1886,0.3476,0.1488,0,1.6849,0
15,cpu_t4,1,122455,30384,0,1.2456,0.3676,0.1370,0,1.7503,0
15,cpu_t4,2,122455,30384,0,1.2171,0.3501,0.1376,0,1.7049,0
15,cpu_t4,3,122455,30384,0,1.1634,0.3830,0.1464,0,1.6928,0
15,cpu_t4,4,122455,30384,0,1.2014,0.3753,0.1396,0,1.7163,0
15,cpu_t8,0,122455,30384,0,1.0077,0.3609,0.1695,0,1.5381,0
15,cpu_t8,1,122455,30384,0,1.0285,0.3790,0.1700,0,1.5775,0
15,cpu_t8,2,122455,30384,0,1.0182,0.3804,0.1718,0,1.5703,0
15,cpu_t8,3,122455,30384,0,1.0021,0.3834,0.1749,0,1.5604,0
15,cpu_t8,4,122455,30384,0,1.0254,0.3680,0.1711,0,1.5645,0
15,cpu_t16,0,122455,30384,0,0.7508,0.1946,0.1735,0,1.1188,0
15,cpu_t16,1,122455,30384,0,0.7798,0.2029,0.1760,0,1.1586,0
15,cpu_t16,2,122455,30384,0,0.7266,0.1957,0.1713,0,1.0936,0
15,cpu_t16,3,122455,30384,0,0.7332,0.2025,0.1750,0,1.1106,0
15,cpu_t16,4,122455,30384,0,0.7134,0.2056,0.1727,0,1.0916,0
15,gpu_thrust_uf,0,122455,30384,0.0837,0.9723,0.0334,0.1229,0.0554,1.2669,0
15,gpu_thrust_uf,1,122455,30384,0.0828,1.3144,0.0338,0.1220,0.0284,1.5734,0
15,gpu_thrust_uf,2,122455,30384,0.0782,0.8185,0.0584,0.1600,0.0290,1.1386,0
15,gpu_thrust_uf,3,122455,30384,0.0913,1.7515,0.8397,0.1239,0.0357,2.7819,0
15,gpu_thrust_uf,4,122455,30384,0.0772,0.8251,0.0328,0.1843,0.0430,1.1530,0
15,gpu_hash_uf,0,122455,30384,0.0979,0.4850,0.0460,0.2335,0.0385,0.8952,0
15,gpu_hash_uf,1,122455,30384,0.0769,0.3663,0.0328,0.1649,0.0285,0.6689,0
15,gpu_hash_uf,2,122455,30384,0.0760,0.4064,0.1164,0.1249,0.0271,0.7476,0
15,gpu_hash_uf,3,122455,30384,0.0771,0.4076,0.1198,0.1260,0.0343,0.7624,0
15,gpu_hash_uf,4,122455,30384,0.0769,0.4387,0.0756,0.2017,0.0298,0.8214,0
15,gpu_hash_prop,0,122455,30384,0.0772,0.3853,0.1065,22.2045,0.0907,22.1698,179
15,gpu_hash_prop,1,122455,30384,0.0774,0.5424,0.0303,19.5904,0.0864,19.7117,179
15,gpu_hash_prop,2,122455,30384,0.0794,0.3677,0.1270,15.9150,0.0192,16.0144,179
15,gpu_hash_prop,3,122455,30384,0.0783,0.1849,0.0338,10.6639,0.0487,10.6847,179
15,gpu_hash_prop,4,122455,30384,0.0773,0.1825,0.0389,20.7442,0.0692,20.4683,179
16,cpu_t1,0,122296,30595,0,3.9477,1.3755,0.1319,0,5.4551,0
16,cpu_t1,1,122296,30595,0,3.8833,1.4693,0.1309,0,5.4834,0
16,cpu_t1,2,122296,30595,0,4.3987,1.3899,0.1318,0,5.9204,0
16,cpu_t1,3,122296,30595,0,3.9242,1.4134,0.1305,0,5.4681,0
16,cpu_t1,4,122296,30595,0,3.9276,1.3723,0.1460,0,5.4458,0
16,cpu_t2,0,122296,30595,0,2.0393,0.7892,0.1305,0,2.9590,0
16,cpu_t2,1,122296,30595,0,2.0275,0.7157,0.1281,0,2.8714,0
16,cpu_t2,2,122296,30595,0,2.0629,0.7271,0.1284,0,2.9184,0
16,cpu_t2,3,122296,30595,0,2.1024,0.7348,0.1284,0,2.9656,0
16,cpu_t2,4,122296,30595,0,2.0435,0.8681,0.1347,0,3.0463,0
16,cpu_t4,0,122296,30595,0,1.2689,0.5177,0.1711,0,1.9577,0
16,cpu_t4,1,122296,30595,0,1.4930,0.7465,0.1341,0,2.3735,0
16,cpu_t4,2,122296,30595,0,1.6023,0.7441,0.1535,0,2.4999,0
16,cpu_t4,3,122296,30595,0,1.5199,0.6998,0.1317,0,2.3514,0
16,cpu_t4,4,122296,30595,0,1.3548,0.3961,0.1314,0,1.8823,0
16,cpu_t8,0,122296,30595,0,1.2135,0.5852,0.1682,0,1.9669,0
16,cpu_t8,1,122296,30595,0,1.0330,0.3718,0.1688,0,1.5736,0
16,cpu_t8,2,122296,30595,0,1.0427,0.5000,0.1692,0,1.7118,0
16,cpu_t8,3,122296,30595,0,1.0299,0.4384,0.1626,0,1.6308,0
16,cpu_t8,4,122296,30595,0,1.1871,0.4193,0.1733,0,1.7797,0
16,cpu_t16,0,122296,30595,0,0.7238,0.2039,0.1680,0,1.0957,0
16,cpu_t16,1,122296,30595,0,0.7120,0.2249,0.1673,0,1.1042,0
16,cpu_t16,2,122296,30595,0,0.7247,0.2037,0.1678,0,1.0962,0
16,cpu_t16,3,122296,30595,0,0.7259,0.2039,0.1679,0,1.0977,0
16,cpu_t16,4,122296,30595,0,0.7282,0.2039,0.1681,0,1.1002,0
16,gpu_thrust_uf,0,122296,30595,0.0823,0.8971,0.0338,0.1311,0.0300,1.1734,0
16,gpu_thrust_uf,1,122296,30595,0.0813,0.6904,0.0369,0.1311,0.0186,0.9623,0
16,gpu_thrust_uf,2,122296,30595,0.0807,0.6860,0.0369,0.1321,0.0283,0.9689,0
16,gpu_thrust_uf,3,122296,30595,0.0768,0.6434,0.0338,0.1311,0.0280,0.9094,0
16,gpu_thrust_uf,4,122296,30595,0.0767,0.8431,0.0307,0.1321,0.0269,1.0996,0
16,gpu_hash_uf,0,122296,30595,0.1158,0.5532,0.0338,0.1802,0.0180,0.8977,0
16,gpu_hash_uf,1,122296,30595,0.0786,0.1873,0.0358,0.1311,0.0238,0.4663,0
16,gpu_hash_uf,2,122296,30595,0.0767,0.1795,0.0328,0.1311,0.0190,0.4495,0
16,gpu_hash_uf,3,122296,30595,0.0767,0.2295,0.0614,0.1311,0.0189,0.5233,0
16,gpu_hash_uf,4,122296,30595,0.0767,0.2853,0.0410,0.1311,0.0195,0.5616,0
16,gpu_hash_prop,0,122296,30595,0.0806,0.2501,0.0399,13.0100,0.0310,13.0061,177
16,gpu_hash_prop,1,122296,30595,0.0779,0.2618,0.0707,8.7142,0.0455,8.9017,177
16,gpu_hash_prop,2,122296,30595,0.0795,0.2577,0.0727,10.9599,0.0349,11.0701,177
16,gpu_hash_prop,3,122296,30595,0.1011,0.1881,0.0338,10.3325,0.0292,10.3743,177
16,gpu_hash_prop,4,122296,30595,0.0787,0.2081,0.0369,13.5680,0.0335,13.5081,177
17,cpu_t1,0,122260,30426,0,4.3552,1.4884,0.1482,0,5.9918,0
17,cpu_t1,1,122260,30426,0,3.9983,1.3641,0.1458,0,5.5081,0
17,cpu_t1,2,122260,30426,0,4.0081,1.5038,0.1456,0,5.6575,0
17,cpu_t1,3,122260,30426,0,3.9308,1.4069,0.1444,0,5.4822,0
17,cpu_t1,4,122260,30426,0,4.0033,1.4738,0.1445,0,5.6216,0
17,cpu_t2,0,122260,30426,0,2.0768,0.7625,0.1431,0,2.9824,0
17,cpu_t2,1,122260,30426,0,2.1497,0.8522,0.1456,0,3.1475,0
17,cpu_t2,2,122260,30426,0,2.1249,0.7175,0.1433,0,2.9857,0
17,cpu_t2,3,122260,30426,0,2.0952,0.7398,0.1426,0,2.9776,0
17,cpu_t2,4,122260,30426,0,2.2654,1.5031,0.1889,0,3.9574,0
17,cpu_t4,0,122260,30426,0,1.8228,0.7439,0.1958,0,2.7625,0
17,cpu_t4,1,122260,30426,0,1.6404,0.7186,0.1965,0,2.5554,0
17,cpu_t4,2,122260,30426,0,1.5585,0.6907,0.1786,0,2.4279,0
17,cpu_t4,3,122260,30426,0,1.5662,0.6748,0.1458,0,2.3868,0
17,cpu_t4,4,122260,30426,0,1.2089,0.3967,0.1593,0,1.7648,0
17,cpu_t8,0,122260,30426,0,1.0508,0.3704,0.1804,0,1.6016,0
17,cpu_t8,1,122260,30426,0,1.0584,0.8549,0.1784,0,2.0917,0
17,cpu_t8,2,122260,30426,0,1.0225,0.3666,0.1812,0,1.5703,0
17,cpu_t8,3,122260,30426,0,1.1010,0.5868,0.1866,0,1.8743,0
17,cpu_t8,4,122260,30426,0,1.0279,0.3536,0.1789,0,1.5604,0
17,cpu_t16,0,122260,30426,0,0.9598,0.2180,0.1938,0,1.3717,0
17,cpu_t16,1,122260,30426,0,0.7674,0.1997,0.1919,0,1.1590,0
17,cpu_t16,2,122260,30426,0,0.7286,0.2783,0.2061,0,1.2130,0
17,cpu_t16,3,122260,30426,0,0.7844,0.1957,0.1894,0,1.1695,0
17,cpu_t16,4,122260,30426,0,0.7144,0.2113,0.1832,0,1.1090,0
17,gpu_thrust_uf,0,122260,30426,0.1308,1.3993,0.0379,0.1362,0.0378,1.7266,0
17,gpu_thrust_uf,1,122260,30426,0.0767,0.8867,0.0369,0.1311,0.0258,1.1490,0
17,gpu_thrust_uf,2,122260,30426,0.0784,1.0488,0.0317,0.1321,0.0242,1.2982,0
17,gpu_thrust_uf,3,122260,30426,0.0896,1.6433,0.0317,0.1321,0.0192,1.8826,0
17,gpu_thrust_uf,4,122260,30426,0.1208,0.9918,0.0359,0.1320,0.0323,1.2956,0
17,gpu_hash_uf,0,122260,30426,0.0796,0.2280,0.0358,0.1300,0.0184,0.4925,0
17,gpu_hash_uf,1,122260,30426,0.0811,0.2396,0.0399,0.1311,0.0187,0.5245,0
17,gpu_hash_uf,2,122260,30426,0.1050,0.2417,0.0369,0.1444,0.0230,0.5557,0
17,gpu_hash_uf,3,122260,30426,0.0800,0.1978,0.0369,0.1311,0.0300,0.4829,0
17,gpu_hash_uf,4,122260,30426,0.1016,0.2124,0.0336,0.1321,0.0190,0.5183,0
17,gpu_hash_prop,0,122260,30426,0.0803,0.2492,0.0369,16.9472,0.0251,16.8092,190
17,gpu_hash_prop,1,122260,30426,0.0775,0.1975,0.0594,13.1891,0.0474,13.3682,190
17,gpu_hash_prop,2,122260,30426,0.0801,0.2501,0.0368,11.4463,0.0488,11.8828,190
17,gpu_hash_prop,3,122260,30426,0.0986,0.2572,0.0430,14.9924,0.0275,15.4637,190
17,gpu_hash_prop,4,122260,30426,0.0770,0.2563,0.0338,18.1168,0.0497,18.5657,190
18,cpu_t1,0,122219,30323,0,4.3014,1.5083,0.1352,0,5.9449,0
18,cpu_t1,1,122219,30323,0,4.0896,1.4219,0.1330,0,5.6444,0
18,cpu_t1,2,122219,30323,0,4.0393,1.4050,0.1477,0,5.5920,0
18,cpu_t1,3,122219,30323,0,4.0640,1.4653,0.1310,0,5.6603,0
18,cpu_t1,4,122219,30323,0,4.0414,1.4879,0.1314,0,5.6607,0
18,cpu_t2,0,122219,30323,0,2.2596,0.9517,0.1320,0,3.3434,0
18,cpu_t2,1,122219,30323,0,2.1583,0.8267,0.1317,0,3.1168,0
18,cpu_t2,2,122219,30323,0,2.1687,0.7653,0.1311,0,3.0651,0
18,cpu_t2,3,122219,30323,0,2.0910,0.8061,0.1308,0,3.0279,0
18,cpu_t2,4,122219,30323,0,2.2270,0.7584,0.1315,0,3.1169,0
18,cpu_t4,0,122219,30323,0,1.3090,0.4022,0.1325,0,1.8437,0
18,cpu_t4,1,122219,30323,0,1.2607,0.3752,0.1316,0,1.7675,0
18,cpu_t4,2,122219,30323,0,1.2411,0.3816,0.1312,0,1.7538,0
18,cpu_t4,3,122219,30323,0,1.2398,0.4004,0.1354,0,1.7756,0
18,cpu_t4,4,122219,30323,0,1.2123,0.3795,0.1304,0,1.7222,0
18,cpu_t8,0,122219,30323,0,0.9376,0.2277,0.1408,0,1.3061,0
18,cpu_t8,1,122219,30323,0,0.8004,0.2517,0.1446,0,1.1967,0
18,cpu_t8,2,122219,30323,0,0.8181,0.2100,0.1325,0,1.1606,0
18,cpu_t8,3,122219,30323,0,0.8722,0.2117,0.1334,0,1.2173,0
18,cpu_t8,4,122219,30323,0,0.8012,0.2057,0.1321,0,1.1390,0
18,cpu_t16,0,122219,30323,0,1.2917,0.3831,0.1689,0,1.8438,0
18,cpu_t16,1,122219,30323,0,1.3149,0.3934,0.1798,0,1.8882,0
18,cpu_t16,2,122219,30323,0,1.3444,0.3983,0.1892,0,1.9319,0
18,cpu_t16,3,122219,30323,0,1.4225,0.2095,0.1809,0,1.8128,0
18,cpu_t16,4,122219,30323,0,0.8103,0.2166,0.1679,0,1.1948,0
18,gpu_thrust_uf,0,122219,30323,0.0795,0.8560,0.0410,0.1495,0.0309,1.1981,0
18,gpu_thrust_uf,1,122219,30323,0.0855,0.8104,0.0655,0.1548,0.0187,1.1766,0
18,gpu_thrust_uf,2,122219,30323,0.0879,0.9030,0.0819,0.2437,0.0967,1.4386,0
18,gpu_thrust_uf,3,122219,30323,0.0947,1.5754,0.0309,0.1381,0.0308,1.8998,0
18,gpu_thrust_uf,4,122219,30323,0.0781,0.7056,0.0645,0.1761,0.0184,1.0783,0
18,gpu_hash_uf,0,122219,30323,0.1024,1.7397,0.0358,0.1362,0.0197,2.0515,0
18,gpu_hash_uf,1,122219,30323,0.0768,0.2623,0.0358,0.1362,0.0185,0.5570,0
18,gpu_hash_uf,2,122219,30323,0.0790,0.2365,0.0788,0.1853,0.0257,0.6266,0
18,gpu_hash_uf,3,122219,30323,0.0768,0.2351,0.0410,0.1362,0.0350,0.5550,0
18,gpu_hash_uf,4,122219,30323,0.0769,0.2195,0.0338,0.1362,0.0382,0.5347,0
18,gpu_hash_prop,0,122219,30323,0.0784,0.1924,0.0369,12.7461,0.0239,13.1042,164
18,gpu_hash_prop,1,122219,30323,0.0874,0.2614,0.0614,12.2491,0.0215,12.7136,164
18,gpu_hash_prop,2,122219,30323,0.0768,0.1847,0.0358,8.4552,0.0234,8.8008,164
18,gpu_hash_prop,3,122219,30323,0.0789,0.6501,0.0420,7.1690,0.0203,7.9901,164
18,gpu_hash_prop,4,122219,30323,0.0971,0.2582,0.0376,14.5203,0.0341,14.9689,164
19,cpu_t1,0,121870,30173,0,4.1322,1.3752,0.1580,0,5.6654,0
19,cpu_t1,1,121870,30173,0,4.0667,1.4055,0.1354,0,5.6076,0
19,cpu_t1,2,121870,30173,0,4.1552,1.4372,0.1372,0,5.7296,0
19,cpu_t1,3,121870,30173,0,4.0909,1.4455,0.1366,0,5.6729,0
19,cpu_t1,4,121870,30173,0,4.0842,1.3975,0.1459,0,5.6275,0
19,cpu_t2,0,121870,30173,0,2.1203,0.6914,0.1364,0,2.9481,0
19,cpu_t2,1,121870,30173,0,2.0645,0.8812,0.1364,0,3.0820,0
19,cpu_t2,2,121870,30173,0,2.2947,0.7434,0.1372,0,3.1752,0
19,cpu_t2,3,121870,30173,0,2.1320,0.7198,0.1403,0,2.9921,0
19,cpu_t2,4,121870,30173,0,2.3646,0.7087,0.1409,0,3.2142,0
19,cpu_t4,0,121870,30173,0,1.2816,0.3742,0.1383,0,1.7940,0
19,cpu_t4,1,121870,30173,0,1.2526,0.3706,0.1388,0,1.7620,0
19,cpu_t4,2,121870,30173,0,1.2618,0.3635,0.1377,0,1.7630,0
19,cpu_t4,3,121870,30173,0,1.2540,0.3828,0.1395,0,1.7763,0
19,cpu_t4,4,121870,30173,0,1.2865,0.3630,0.1383,0,1.7878,0
19,cpu_t8,0,121870,30173,0,1.0594,0.3496,0.1702,0,1.5792,0
19,cpu_t8,1,121870,30173,0,1.0773,0.3812,0.1734,0,1.6318,0
19,cpu_t8,2,121870,30173,0,1.0653,0.4847,0.5755,0,2.1254,0
19,cpu_t8,3,121870,30173,0,1.0974,0.4008,0.1691,0,1.6673,0
19,cpu_t8,4,121870,30173,0,1.0887,0.4150,0.2383,0,1.7419,0
19,cpu_t16,0,121870,30173,0,1.2605,0.3711,0.2128,0,1.8444,0
19,cpu_t16,1,121870,30173,0,1.4178,0.3491,0.2083,0,1.9752,0
19,cpu_t16,2,121870,30173,0,1.4799,0.3781,0.2935,0,2.1515,0
19,cpu_t16,3,121870,30173,0,1.3790,0.3210,0.1735,0,1.8734,0
19,cpu_t16,4,121870,30173,0,0.8277,0.2330,0.1854,0,1.2461,0
19,gpu_thrust_uf,0,121870,30173,0.0765,0.9894,0.0368,0.1567,0.0281,1.3261,0
19,gpu_thrust_uf,1,121870,30173,0.0781,0.9228,0.0922,0.2048,0.0878,1.4168,0
19,gpu_thrust_uf,2,121870,30173,0.0768,0.9123,0.0921,0.2038,0.0321,1.3482,0
19,gpu_thrust_uf,3,121870,30173,0.1025,0.9640,0.0911,0.2775,0.0270,1.5165,0
19,gpu_thrust_uf,4,121870,30173,0.0800,1.2600,0.0377,0.1403,0.0233,1.5716,0
19,gpu_hash_uf,0,121870,30173,0.0781,0.3062,0.0369,0.1393,0.0192,0.6035,0
19,gpu_hash_uf,1,121870,30173,0.0811,0.8215,0.0317,0.3011,0.0292,1.3603,0
19,gpu_hash_uf,2,121870,30173,0.0852,1.8471,0.1288,0.2783,0.0349,2.4265,0
19,gpu_hash_uf,3,121870,30173,0.0784,0.6503,0.0829,0.2775,0.1565,1.3018,0
19,gpu_hash_uf,4,121870,30173,0.0766,0.7343,0.1321,0.2683,0.1402,1.3832,0
19,gpu_hash_prop,0,121870,30173,0.0771,0.2105,0.0369,9.8744,0.0414,10.2602,150
19,gpu_hash_prop,1,121870,30173,0.0787,0.2692,0.0655,12.3515,0.0242,12.8103,150
19,gpu_hash_prop,2,121870,30173,0.0766,0.1987,0.0365,14.3636,0.0284,14.7264,150
19,gpu_hash_prop,3,121870,30173,0.0785,0.9423,0.0317,17.2390,0.0912,18.4062,150
19,gpu_hash_prop,4,121870,30173,0.0998,0.4194,0.0335,16.7332,0.1093,17.4469,150
20,cpu_t1,0,121860,29998,0,4.1021,1.5606,0.1438,0,5.8064,0
20,cpu_t1,1,121860,29998,0,4.1261,1.4519,0.1367,0,5.7147,0
20,cpu_t1,2,121860,29998,0,4.0897,1.4374,0.1381,0,5.6652,0
20,cpu_t1,3,121860,29998,0,4.0937,1.4749,0.1403,0,5.7089,0
20,cpu_t1,4,121860,29998,0,4.0969,1.4267,0.1366,0,5.6602,0
20,cpu_t2,0,121860,29998,0,2.4231,0.9178,0.1586,0,3.4996,0
20,cpu_t2,1,121860,29998,0,2.3429,0.7660,0.1490,0,3.2579,0
20,cpu_t2,2,121860,29998,0,2.3771,0.7459,0.1399,0,3.2629,0
20,cpu_t2,3,121860,29998,0,2.1785,0.7718,0.1390,0,3.0893,0
20,cpu_t2,4,121860,29998,0,2.1959,0.7122,0.1385,0,3.0466,0
20,cpu_t4,0,121860,29998,0,1.4456,0.7423,0.2167,0,2.4047,0
20,cpu_t4,1,121860,29998,0,1.2234,0.3761,0.1389,0,1.7384,0
20,cpu_t4,2,121860,29998,0,1.2105,0.3823,0.1380,0,1.7307,0
20,cpu_t4,3,121860,29998,0,1.2743,0.4184,0.1391,0,1.8318,0
20,cpu_t4,4,121860,29998,0,1.1958,0.3790,0.1596,0,1.7344,0
20,cpu_t8,0,121860,29998,0,0.8057,0.2282,0.1389,0,1.1728,0
20,cpu_t8,1,121860,29998,0,0.8349,0.2116,0.1768,0,1.2233,0
20,cpu_t8,2,121860,29998,0,0.8254,0.2319,0.1419,0,1.1991,0
20,cpu_t8,3,121860,29998,0,0.8185,0.1981,0.1392,0,1.1558,0
20,cpu_t8,4,121860,29998,0,0.9644,0.3870,0.1979,0,1.5492,0
20,cpu_t16,0,121860,29998,0,1.3929,0.4225,0.1901,0,2.0054,0
20,cpu_t16,1,121860,29998,0,0.8197,0.3027,0.1847,0,1.3071,0
20,cpu_t16,2,121860,29998,0,0.7472,0.2270,0.1824,0,1.1566,0
20,cpu_t16,3,121860,29998,0,0.7426,0.2162,0.1837,0,1.1426,0
20,cpu_t16,4,121860,29998,0,0.7576,0.2154,0.2152,0,1.1882,0
20,gpu_thrust_uf,0,121860,29998,0.0841,0.9362,0.0430,0.1280,0.0313,1.2596,0
20,gpu_thrust_uf,1,121860,29998,0.1097,0.7385,0.1297,0.1802,0.0298,1.2266,0
20,gpu_thrust_uf,2,121860,29998,0.0770,2.5453,0.0594,0.1546,0.0219,2.8911,0
20,gpu_thrust_uf,3,121860,29998,0.0769,0.7593,0.0614,0.1403,0.0184,1.0806,0
20,gpu_thrust_uf,4,121860,29998,0.0766,0.7128,0.0840,0.1239,0.0186,1.0404,0
20,gpu_hash_uf,0,121860,29998,0.0948,0.2402,0.0396,0.1239,0.0179,0.5426,0
20,gpu_hash_uf,1,121860,29998,0.1074,0.2269,0.0399,0.1239,0.0181,0.5372,0
20,gpu_hash_uf,2,121860,29998,0.0790,0.2280,0.0584,0.1505,0.0242,0.5595,0
20,gpu_hash_uf,3,121860,29998,0.1095,0.2233,0.0594,0.1638,0.0220,0.6110,0
20,gpu_hash_uf,4,121860,29998,0.0765,0.2555,0.0625,0.1772,0.0191,0.6163,0
20,gpu_hash_prop,0,121860,29998,0.0795,0.1819,0.0336,3.4877,0.0265,3.8260,79
20,gpu_hash_prop,1,121860,29998,0.0960,0.2662,0.0369,7.0584,0.0370,7.5189,79
20,gpu_hash_prop,2,121860,29998,0.1132,0.2698,0.0604,7.8408,0.0378,8.3521,79
20,gpu_hash_prop,3,121860,29998,0.0771,0.2402,0.0829,4.7872,0.0212,5.2304,79
20,gpu_hash_prop,4,121860,29998,0.1009,0.2535,0.0604,4.7790,0.0185,5.2373,79
21,cpu_t1,0,121514,30126,0,4.2816,1.6698,0.1535,0,6.1049,0
21,cpu_t1,1,121514,30126,0,4.6091,1.4340,0.1483,0,6.1915,0
21,cpu_t1,2,121514,30126,0,4.0946,1.4136,0.1439,0,5.6521,0
21,cpu_t1,3,121514,30126,0,4.8073,1.5165,0.1523,0,6.4762,0
21,cpu_t1,4,121514,30126,0,4.5300,1.4580,0.1444,0,6.1324,0
21,cpu_t2,0,121514,30126,0,2.7472,0.8852,0.1766,0,3.8090,0
21,cpu_t2,1,121514,30126,0,2.2699,0.7283,0.1419,0,3.1401,0
21,cpu_t2,2,121514,30126,0,2.1957,0.7634,0.1430,0,3.1020,0
21,cpu_t2,3,121514,30126,0,2.2426,0.7171,0.1418,0,3.1015,0
21,cpu_t2,4,121514,30126,0,2.1201,0.7264,0.1420,0,2.9884,0
21,cpu_t4,0,121514,30126,0,1.2576,0.3788,0.1435,0,1.7799,0
21,cpu_t4,1,121514,30126,0,1.3476,0.3793,0.1462,0,1.8732,0
21,cpu_t4,2,121514,30126,0,1.2209,0.6622,0.3770,0,2.2601,0
21,cpu_t4,3,121514,30126,0,1.7043,0.6812,0.1349,0,2.5204,0
21,cpu_t4,4,121514,30126,0,1.1898,0.3860,0.1460,0,1.7218,0
21,cpu_t8,0,121514,30126,0,0.9583,0.2653,0.1441,0,1.3677,0
21,cpu_t8,1,121514,30126,0,0.9721,0.3990,0.1457,0,1.5168,0
21,cpu_t8,2,121514,30126,0,0.9706,0.3963,0.1430,0,1.5099,0
21,cpu_t8,3,121514,30126,0,1.0009,0.3780,0.1447,0,1.5236,0
21,cpu_t8,4,121514,30126,0,1.0111,0.4035,0.1978,0,1.6124,0
21,cpu_t16,0,121514,30126,0,1.4042,0.3329,0.2291,0,1.9662,0
21,cpu_t16,1,121514,30126,0,1.4796,0.4103,0.2204,0,2.1103,0
21,cpu_t16,2,121514,30126,0,1.1540,0.2160,0.1827,0,1.5526,0
21,cpu_t16,3,121514,30126,0,0.7952,0.2105,0.1909,0,1.1966,0
21,cpu_t16,4,121514,30126,0,0.8045,0.2017,0.1847,0,1.1909,0
21,gpu_thrust_uf,0,121514,30126,0.0814,0.9165,0.0410,0.1178,0.0530,1.2468,0
21,gpu_thrust_uf,1,121514,30126,0.0789,0.8686,0.0840,0.2376,0.1180,1.4614,0
21,gpu_thrust_uf,2,121514,30126,0.0767,1.3831,0.0338,0.1157,0.0210,1.6608,0
21,gpu_thrust_uf,3,121514,30126,0.0776,0.8659,0.0666,0.1536,0.0190,1.2101,0
21,gpu_thrust_uf,4,121514,30126,0.0766,0.7249,0.0369,0.1147,0.0253,1.0031,0
21,gpu_hash_uf,0,121514,30126,0.1156,0.6175,0.0348,0.1137,0.0185,0.9200,0
21,gpu_hash_uf,1,121514,30126,0.0764,0.2393,0.0410,0.1239,0.0208,0.5281,0
21,gpu_hash_uf,2,121514,30126,0.0796,0.5916,0.0809,0.2611,0.0297,1.0955,0
21,gpu_hash_uf,3,121514,30126,0.0780,0.7275,0.1116,0.2396,0.1573,1.3427,0
21,gpu_hash_uf,4,121514,30126,0.1279,0.4509,0.1507,0.2251,0.0318,1.0388,0
21,gpu_hash_prop,0,121514,30126,0.0794,0.6478,0.0850,5.5214,0.0583,6.4222,86
21,gpu_hash_prop,1,121514,30126,0.0763,0.1780,0.0338,4.7340,0.0224,5.0681,86
21,gpu_hash_prop,2,121514,30126,0.0766,0.1906,0.0369,3.5850,0.0233,3.9338,86
21,gpu_hash_prop,3,121514,30126,0.0764,0.1995,0.0358,3.5543,0.0288,3.9168,86
21,gpu_hash_prop,4,121514,30126,0.0756,0.2030,0.0369,7.2991,0.0327,7.6685,86
22,cpu_t1,0,121316,30185,0,4.6579,1.4101,0.1503,0,6.2183,0
22,cpu_t1,1,121316,30185,0,4.3589,1.4627,0.1512,0,5.9727,0
22,cpu_t1,2,121316,30185,0,4.1306,1.4490,0.1745,0,5.7541,0
22,cpu_t1,3,121316,30185,0,4.5736,1.3700,0.1581,0,6.1017,0
22,cpu_t1,4,121316,30185,0,4.1225,1.3521,0.1603,0,5.6349,0
22,cpu_t2,0,121316,30185,0,2.1553,0.7688,0.1511,0,3.0752,0
22,cpu_t2,1,121316,30185,0,2.0995,0.6854,0.1486,0,2.9335,0
22,cpu_t2,2,121316,30185,0,2.1606,0.7891,0.1485,0,3.0982,0
22,cpu_t2,3,121316,30185,0,2.1361,0.7211,0.1465,0,3.0037,0
22,cpu_t2,4,121316,30185,0,2.0720,0.7727,0.1547,0,2.9993,0
22,cpu_t4,0,121316,30185,0,1.2404,0.4614,0.1492,0,1.8511,0
22,cpu_t4,1,121316,30185,0,1.3031,0.3893,0.1490,0,1.8414,0
22,cpu_t4,2,121316,30185,0,1.2089,0.4086,0.1497,0,1.7672,0
22,cpu_t4,3,121316,30185,0,1.2711,0.3892,0.1601,0,1.8204,0
22,cpu_t4,4,121316,30185,0,1.2327,0.3920,0.1484,0,1.7731,0
22,cpu_t8,0,121316,30185,0,0.8959,0.2068,0.1493,0,1.2519,0
22,cpu_t8,1,121316,30185,0,0.8302,0.2138,0.1505,0,1.1945,0
22,cpu_t8,2,121316,30185,0,0.8833,0.3611,0.1526,0,1.3969,0
22,cpu_t8,3,121316,30185,0,0.9172,0.3557,0.1505,0,1.4234,0
22,cpu_t8,4,121316,30185,0,0.9628,0.4080,0.1872,0,1.5580,0
22,cpu_t16,0,121316,30185,0,1.1000,0.2338,0.1945,0,1.5282,0
22,cpu_t16,1,121316,30185,0,0.7763,0.2072,0.1917,0,1.1751,0
22,cpu_t16,2,121316,30185,0,0.8414,0.2026,0.1865,0,1.2305,0
22,cpu_t16,3,121316,30185,0,0.7463,0.2654,0.1976,0,1.2093,0
22,cpu_t16,4,121316,30185,0,0.7819,0.2136,0.1943,0,1.1898,0
22,gpu_thrust_uf,0,121316,30185,0.0777,0.9341,0.0366,0.1341,0.0329,1.2507,0
22,gpu_thrust_uf,1,121316,30185,0.0777,0.7974,0.0860,0.2529,0.0331,1.3088,0
22,gpu_thrust_uf,2,121316,30185,0.0763,1.1378,0.0338,0.1341,0.0274,1.4429,0
22,gpu_thrust_uf,3,121316,30185,0.0800,0.9018,0.0512,0.1341,0.0209,1.2151,0
22,gpu_thrust_uf,4,121316,30185,0.0784,0.7818,0.0604,0.1772,0.0322,1.1602,0
22,gpu_hash_uf,0,121316,30185,0.0861,0.8020,0.0369,0.1331,0.0225,1.1138,0
22,gpu_hash_uf,1,121316,30185,0.0777,0.2735,0.0399,0.1321,0.0195,0.5715,0
22,gpu_hash_uf,2,121316,30185,0.1058,0.2817,0.0399,0.1321,0.0196,0.5989,0
22,gpu_hash_uf,3,121316,30185,0.0790,0.2636,0.0635,0.1567,0.0183,0.6011,0
22,gpu_hash_uf,4,121316,30185,0.0796,0.2438,0.0851,0.1535,0.0196,0.6060,0
22,gpu_hash_prop,0,121316,30185,0.0767,0.6142,0.0840,12.3416,0.1628,13.3101,95
22,gpu_hash_prop,1,121316,30185,0.0765,1.2933,0.0328,11.6664,0.0515,13.1543,95
22,gpu_hash_prop,2,121316,30185,0.0765,0.6862,0.0317,7.9165,0.0498,8.7843,95
22,gpu_hash_prop,3,121316,30185,0.0790,0.2520,0.0625,5.3884,0.0270,5.8330,95
22,gpu_hash_prop,4,121316,30185,0.0793,0.2424,0.0615,11.0110,0.1268,11.5442,95
23,cpu_t1,0,121321,30094,0,4.1055,1.3460,0.1351,0,5.5866,0
23,cpu_t1,1,121321,30094,0,4.7437,1.5508,0.1446,0,6.4391,0
23,cpu_t1,2,121321,30094,0,4.0995,1.3865,0.1470,0,5.6329,0
23,cpu_t1,3,121321,30094,0,4.1016,1.4137,0.1329,0,5.6482,0
23,cpu_t1,4,121321,30094,0,4.0510,1.4616,0.1335,0,5.6462,0
23,cpu_t2,0,121321,30094,0,2.2468,1.3452,0.2002,0,3.7922,0
23,cpu_t2,1,121321,30094,0,2.1353,0.7278,0.1357,0,2.9989,0
23,cpu_t2,2,121321,30094,0,2.1431,0.7286,0.1322,0,3.0038,0
23,cpu_t2,3,121321,30094,0,2.2427,0.8151,0.1382,0,3.1960,0
23,cpu_t2,4,121321,30094,0,2.2786,0.7181,0.1338,0,3.1304,0
23,cpu_t4,0,121321,30094,0,1.2887,0.3671,0.1381,0,1.7939,0
23,cpu_t4,1,121321,30094,0,1.3147,0.3825,0.1347,0,1.8318,0
23,cpu_t4,2,121321,30094,0,1.2606,0.3863,0.1335,0,1.7803,0
23,cpu_t4,3,121321,30094,0,1.2562,0.3811,0.1443,0,1.7816,0
23,cpu_t4,4,121321,30094,0,1.2607,0.3947,0.1492,0,1.8046,0
23,cpu_t8,0,121321,30094,0,0.9212,0.2685,0.1805,0,1.3701,0
23,cpu_t8,1,121321,30094,0,1.0787,0.3808,0.1733,0,1.6329,0
23,cpu_t8,2,121321,30094,0,1.0661,0.3741,0.1688,0,1.6090,0
23,cpu_t8,3,121321,30094,0,1.1602,0.4852,0.1725,0,1.8179,0
23,cpu_t8,4,121321,30094,0,1.2975,0.4335,0.2422,0,1.9732,0
23,cpu_t16,0,121321,30094,0,1.4098,0.4340,0.1833,0,2.0271,0
23,cpu_t16,1,121321,30094,0,0.8752,0.2127,0.1814,0,1.2692,0
23,cpu_t16,2,121321,30094,0,0.8395,0.2837,0.1811,0,1.3042,0
23,cpu_t16,3,121321,30094,0,0.7503,0.2733,0.1798,0,1.2034,0
23,cpu_t16,4,121321,30094,0,0.7846,0.2299,0.1799,0,1.1943,0
23,gpu_thrust_uf,0,121321,30094,0.0809,0.8821,0.0376,0.1894,0.0372,1.2657,0
23,gpu_thrust_uf,1,121321,30094,0.0811,1.1657,0.0522,0.1569,0.0306,1.5225,0
23,gpu_thrust_uf,2,121321,30094,0.0815,0.7033,0.0614,0.1567,0.0295,1.0577,0
23,gpu_thrust_uf,3,121321,30094,0.0780,2.3584,0.0369,0.1558,0.0287,2.7364,0
23,gpu_thrust_uf,4,121321,30094,0.0777,0.7020,0.0563,0.1751,0.0183,1.0570,0
23,gpu_hash_uf,0,121321,30094,0.0822,0.2368,0.0369,0.1556,0.0279,0.5704,0
23,gpu_hash_uf,1,121321,30094,0.1076,0.2268,0.0615,0.1853,0.0270,0.6279,0
23,gpu_hash_uf,2,121321,30094,0.0840,0.2279,0.0399,0.1556,0.0276,0.5590,0
23,gpu_hash_uf,3,121321,30094,0.0792,0.1928,0.0358,0.1567,0.0280,0.5161,0
23,gpu_hash_uf,4,121321,30094,0.0795,0.1698,0.0358,0.1567,0.0273,0.4902,0
23,gpu_hash_prop,0,121321,30094,0.0796,0.1929,0.0338,10.4970,0.0224,10.8446,169
23,gpu_hash_prop,1,121321,30094,0.0766,0.1988,0.0369,12.5235,0.0246,12.8862,169
23,gpu_hash_prop,2,121321,30094,0.0870,0.2118,0.0358,12.7867,0.0316,13.1764,169
23,gpu_hash_prop,3,121321,30094,0.0755,0.1993,0.0358,11.8907,0.0269,12.2524,169
23,gpu_hash_prop,4,121321,30094,0.0801,0.2845,0.0644,11.0305,0.0243,11.5166,169
24,cpu_t1,0,121180,29986,0,4.6839,1.7694,0.2477,0,6.7010,0
24,cpu_t1,1,121180,29986,0,4.2168,1.4651,0.1490,0,5.8309,0
24,cpu_t1,2,121180,29986,0,4.1313,1.4558,0.2118,0,5.7989,0
24,cpu_t1,3,121180,29986,0,4.2158,1.5168,0.1509,0,5.8835,0
24,cpu_t1,4,121180,29986,0,4.0639,1.4115,0.1461,0,5.6215,0
24,cpu_t2,0,121180,29986,0,2.4074,0.8522,0.1460,0,3.4056,0
24,cpu_t2,1,121180,29986,0,2.2072,0.7091,0.1459,0,3.0622,0
24,cpu_t2,2,121180,29986,0,2.1312,0.7292,0.1722,0,3.0326,0
24,cpu_t2,3,121180,29986,0,2.2520,0.7136,0.1471,0,3.1127,0
24,cpu_t2,4,121180,29986,0,2.1765,0.7799,0.1492,0,3.1056,0
24,cpu_t4,0,121180,29986,0,1.2497,0.9743,0.1525,0,2.3765,0
24,cpu_t4,1,121180,29986,0,1.4181,0.3753,0.1456,0,1.9389,0
24,cpu_t4,2,121180,29986,0,1.2239,0.6999,0.1466,0,2.0704,0
24,cpu_t4,3,121180,29986,0,1.2144,0.4081,0.1467,0,1.7692,0
24,cpu_t4,4,121180,29986,0,1.2005,0.3833,0.1456,0,1.7294,0
24,cpu_t8,0,121180,29986,0,1.0040,0.3944,0.1500,0,1.5484,0
24,cpu_t8,1,121180,29986,0,0.8799,0.2036,0.1481,0,1.2317,0
24,cpu_t8,2,121180,29986,0,0.8231,0.1937,0.1775,0,1.1943,0
24,cpu_t8,3,121180,29986,0,0.7964,0.2265,0.1465,0,1.1694,0
24,cpu_t8,4,121180,29986,0,0.7996,0.2565,0.2250,0,1.2811,0
24,cpu_t16,0,121180,29986,0,1.0498,0.3427,0.1906,0,1.5831,0
24,cpu_t16,1,121180,29986,0,1.4357,0.3591,0.1889,0,1.9837,0
24,cpu_t16,2,121180,29986,0,1.3198,0.3910,0.2007,0,1.9114,0
24,cpu_t16,3,121180,29986,0,1.3685,0.4375,0.1904,0,1.9964,0
24,cpu_t16,4,121180,29986,0,1.3191,0.2865,0.2003,0,1.8060,0
24,gpu_thrust_uf,0,121180,29986,0.0813,0.7972,0.0379,0.1300,0.0355,1.1183,0
24,gpu_thrust_uf,1,121180,29986,0.0788,0.7030,0.0358,0.1221,0.0342,1.0094,0
24,gpu_thrust_uf,2,121180,29986,0.0776,0.8861,0.0891,0.2324,0.0952,1.4422,0
24,gpu_thrust_uf,3,121180,29986,0.1114,0.8973,0.1925,0.2437,0.0298,1.5110,0
24,gpu_thrust_uf,4,121180,29986,0.0886,0.8220,0.0870,0.2335,0.0337,1.3244,0
24,gpu_hash_uf,0,121180,29986,0.0795,0.6108,0.0881,0.1812,0.0905,1.1098,0
24,gpu_hash_uf,1,121180,29986,0.0753,1.7459,0.0307,0.1229,0.1335,2.1578,0
24,gpu_hash_uf,2,121180,29986,0.1157,0.9817,0.0881,0.1833,0.0855,1.4872,0
24,gpu_hash_uf,3,121180,29986,0.0788,0.6434,0.1308,0.3144,0.0299,1.2487,0
24,gpu_hash_uf,4,121180,29986,0.1021,0.6127,0.0963,0.2232,0.1083,1.2025,0
24,gpu_hash_prop,0,121180,29986,0.0801,0.2016,0.0358,9.4607,0.0228,9.8171,172
24,gpu_hash_prop,1,121180,29986,0.0754,0.1941,0.0369,12.2870,0.1101,12.7249,172
24,gpu_hash_prop,2,121180,29986,0.0985,0.7752,0.0829,20.3981,0.0320,21.4137,172
24,gpu_hash_prop,3,121180,29986,0.0872,0.1812,0.0553,9.4444,0.0488,9.8341,172
24,gpu_hash_prop,4,121180,29986,0.0761,0.2446,0.0614,12.6321,0.0200,13.0608,172
25,cpu_t1,0,121376,29955,0,4.1153,1.5252,0.1435,0,5.7839,0
25,cpu_t1,1,121376,29955,0,5.0861,1.4756,0.1460,0,6.7078,0
25,cpu_t1,2,121376,29955,0,4.1469,1.4447,0.1412,0,5.7328,0
25,cpu_t1,3,121376,29955,0,4.0895,1.4400,0.1600,0,5.6895,0
25,cpu_t1,4,121376,29955,0,4.0865,1.4376,0.1409,0,5.6651,0
25,cpu_t2,0,121376,29955,0,2.1256,0.8141,0.1496,0,3.0893,0
25,cpu_t2,1,121376,29955,0,2.0802,0.7435,0.1385,0,2.9622,0
25,cpu_t2,2,121376,29955,0,2.4818,0.9703,0.1422,0,3.5943,0
25,cpu_t2,3,121376,29955,0,2.2585,0.7445,0.1423,0,3.1453,0
25,cpu_t2,4,121376,29955,0,2.1430,0.7312,0.1407,0,3.0149,0
25,cpu_t4,0,121376,29955,0,1.2267,0.3794,0.1401,0,1.7463,0
25,cpu_t4,1,121376,29955,0,1.2496,0.3926,0.1397,0,1.7819,0
25,cpu_t4,2,121376,29955,0,1.1958,0.4682,0.1411,0,1.8051,0
25,cpu_t4,3,121376,29955,0,1.3316,0.7638,0.1761,0,2.2715,0
25,cpu_t4,4,121376,29955,0,1.5675,0.7653,0.1732,0,2.5061,0
25,cpu_t8,0,121376,29955,0,1.0812,0.3811,0.1756,0,1.6379,0
25,cpu_t8,1,121376,29955,0,1.0321,0.3928,0.1741,0,1.5990,0
25,cpu_t8,2,121376,29955,0,1.0410,0.3853,0.1841,0,1.6104,0
25,cpu_t8,3,121376,29955,0,1.0022,0.3835,0.1723,0,1.5580,0
25,cpu_t8,4,121376,29955,0,1.0377,0.3862,0.1722,0,1.5961,0
25,cpu_t16,0,121376,29955,0,1.3407,0.4220,0.1726,0,1.9353,0
25,cpu_t16,1,121376,29955,0,0.8443,0.2408,0.1796,0,1.2647,0
25,cpu_t16,2,121376,29955,0,0.7484,0.2126,0.1755,0,1.1365,0
25,cpu_t16,3,121376,29955,0,0.7675,0.2503,0.1814,0,1.1993,0
25,cpu_t16,4,121376,29955,0,0.7931,0.2228,0.1805,0,1.1964,0
25,gpu_thrust_uf,0,121376,29955,0.0775,0.9925,0.0430,0.1638,0.0316,1.3452,0
25,gpu_thrust_uf,1,121376,29955,0.0777,1.0715,0.0317,0.1516,0.0245,1.3944,0
25,gpu_thrust_uf,2,121376,29955,0.0821,0.9172,0.0840,0.1711,0.0197,1.3122,0
25,gpu_thrust_uf,3,121376,29955,0.0791,0.8425,0.2468,0.1516,0.0248,1.3705,0
25,gpu_thrust_uf,4,121376,29955,0.1164,2.0283,0.0611,0.1956,0.0226,2.4510,0
25,gpu_hash_uf,0,121376,29955,0.0980,0.2583,0.0389,0.1505,0.0193,0.5887,0
25,gpu_hash_uf,1,121376,29955,0.1050,0.2670,0.0335,0.1495,0.0233,0.5989,0
25,gpu_hash_uf,2,121376,29955,0.0958,0.2415,0.0902,0.1709,0.0303,0.6556,0
25,gpu_hash_uf,3,121376,29955,0.0795,0.2561,0.0876,0.1495,0.0187,0.6265,0
25,gpu_hash_uf,4,121376,29955,0.0765,0.2602,0.0358,0.1505,0.0194,0.5668,0
25,gpu_hash_prop,0,121376,29955,0.0798,0.2430,0.0614,8.8218,0.0307,9.2532,116
25,gpu_hash_prop,1,121376,29955,0.0805,0.2496,0.0369,7.0380,0.1055,7.5423,116
25,gpu_hash_prop,2,121376,29955,0.0860,0.5422,0.0304,13.0632,0.1125,13.8674,116
25,gpu_hash_prop,3,121376,29955,0.0765,0.4643,0.0911,13.6305,0.1107,14.4102,116
25,gpu_hash_prop,4,121376,29955,0.0768,0.5319,0.0328,13.7462,0.0955,14.5142,116
26,cpu_t1,0,121544,30015,0,4.1127,1.4718,0.1554,0,5.7399,0
26,cpu_t1,1,121544,30015,0,4.3496,1.4024,0.1651,0,5.9171,0
26,cpu_t1,2,121544,30015,0,4.0832,1.3833,0.1491,0,5.6156,0
26,cpu_t1,3,121544,30015,0,4.0872,1.5002,0.1477,0,5.7352,0
26,cpu_t1,4,121544,30015,0,4.0055,1.3890,0.1554,0,5.5499,0
26,cpu_t2,0,121544,30015,0,2.1457,0.7877,0.1472,0,3.0805,0
26,cpu_t2,1,121544,30015,0,2.1209,0.7269,0.1468,0,2.9947,0
26,cpu_t2,2,121544,30015,0,2.0895,0.7953,0.1466,0,3.0314,0
26,cpu_t2,3,121544,30015,0,2.3582,0.7593,0.1477,0,3.2653,0
26,cpu_t2,4,121544,30015,0,2.3980,0.7962,0.1579,0,3.3521,0
26,cpu_t4,0,121544,30015,0,1.2434,0.3820,0.1523,0,1.7777,0
26,cpu_t4,1,121544,30015,0,1.2347,0.3657,0.1483,0,1.7487,0
26,cpu_t4,2,121544,30015,0,1.2224,0.3698,0.1476,0,1.7398,0
26,cpu_t4,3,121544,30015,0,1.2056,0.4134,0.1520,0,1.7710,0
26,cpu_t4,4,121544,30015,0,1.2028,0.4298,0.1659,0,1.7985,0
26,cpu_t8,0,121544,30015,0,1.1134,0.6257,0.2144,0,1.9535,0
26,cpu_t8,1,121544,30015,0,1.0882,0.4420,0.1951,0,1.7253,0
26,cpu_t8,2,121544,30015,0,1.0602,0.3982,0.1881,0,1.6466,0
26,cpu_t8,3,121544,30015,0,1.1000,0.4451,0.1949,0,1.7401,0
26,cpu_t8,4,121544,30015,0,1.0996,0.4255,0.1920,0,1.7171,0
26,cpu_t16,0,121544,30015,0,0.7406,0.2185,0.1874,0,1.1465,0
26,cpu_t16,1,121544,30015,0,0.7625,0.2060,0.1897,0,1.1582,0
26,cpu_t16,2,121544,30015,0,0.7738,0.2256,0.1934,0,1.1928,0
26,cpu_t16,3,121544,30015,0,0.7447,0.2682,0.1945,0,1.2074,0
26,cpu_t16,4,121544,30015,0,0.9905,0.6059,0.1960,0,1.7925,0
26,gpu_thrust_uf,0,121544,30015,0.0786,0.8088,0.0419,0.1341,0.0345,1.1367,0
26,gpu_thrust_uf,1,121544,30015,0.0781,0.7765,0.0625,0.1341,0.0353,1.1217,0
26,gpu_thrust_uf,2,121544,30015,0.0906,1.5196,0.0317,0.1352,0.0250,1.8302,0
26,gpu_thrust_uf,3,121544,30015,0.0917,1.4720,0.0788,0.1587,0.0223,1.8544,0
26,gpu_thrust_uf,4,121544,30015,0.0808,0.7869,0.0842,0.1555,0.0189,1.1610,0
26,gpu_hash_uf,0,121544,30015,0.1037,0.2535,0.0809,0.1341,0.0183,0.6124,0
26,gpu_hash_uf,1,121544,30015,0.0794,0.2428,0.0369,0.1341,0.0182,0.5359,0
26,gpu_hash_uf,2,121544,30015,0.0763,0.2557,0.0614,0.1874,0.0189,0.6247,0
26,gpu_hash_uf,3,121544,30015,0.0793,0.2647,0.0645,0.1864,0.0318,0.6509,0
26,gpu_hash_uf,4,121544,30015,0.0777,0.2639,0.0870,0.1341,0.0188,0.6110,0
26,gpu_hash_prop,0,121544,30015,0.0840,0.2611,0.0553,6.6109,0.0283,7.0599,119
26,gpu_hash_prop,1,121544,30015,0.0802,0.2814,0.0358,9.1105,0.0456,9.5711,119
26,gpu_hash_prop,2,121544,30015,0.0787,0.2151,0.0584,6.5352,0.0412,6.9631,119
26,gpu_hash_prop,3,121544,30015,0.0788,0.1932,0.0563,10.0925,0.0305,10.4758,119
26,gpu_hash_prop,4,121544,30015,0.0986,0.1875,0.0369,12.0064,0.0364,12.0317,119
27,cpu_t1,0,121556,29915,0,3.7470,1.3306,0.1229,0,5.2006,0
27,cpu_t1,1,121556,29915,0,3.7424,1.3369,0.1586,0,5.2380,0
27,cpu_t1,2,121556,29915,0,3.6641,1.4472,0.1207,0,5.2320,0
27,cpu_t1,3,121556,29915,0,3.7693,1.2824,0.1210,0,5.1727,0
27,cpu_t1,4,121556,29915,0,3.7021,1.2716,0.1194,0,5.0931,0
27,cpu_t2,0,121556,29915,0,2.4154,1.3751,0.1551,0,3.9456,0
27,cpu_t2,1,121556,29915,0,2.6026,1.4087,0.1589,0,4.1702,0
27,cpu_t2,2,121556,29915,0,2.5776,1.4111,0.1603,0,4.1489,0
27,cpu_t2,3,121556,29915,0,2.6372,0.8131,0.1504,0,3.6007,0
27,cpu_t2,4,121556,29915,0,2.4517,0.7056,0.1207,0,3.2780,0
27,cpu_t4,0,121556,29915,0,1.2989,0.3729,0.1227,0,1.7945,0
27,cpu_t4,1,121556,29915,0,1.1174,0.3677,0.1492,0,1.6343,0
27,cpu_t4,2,121556,29915,0,1.4357,0.6908,0.1572,0,2.2836,0
27,cpu_t4,3,121556,29915,0,1.4362,0.6694,0.1494,0,2.2550,0
27,cpu_t4,4,121556,29915,0,1.3968,0.6739,0.1702,0,2.2410,0
27,cpu_t8,0,121556,29915,0,0.9696,0.3492,0.1514,0,1.4702,0
27,cpu_t8,1,121556,29915,0,0.9572,0.3502,0.1496,0,1.4571,0
27,cpu_t8,2,121556,29915,0,1.0031,0.3401,0.1237,0,1.4670,0
27,cpu_t8,3,121556,29915,0,0.8805,0.3512,0.1213,0,1.3531,0
27,cpu_t8,4,121556,29915,0,0.8274,0.3427,0.1202,0,1.2904,0
27,cpu_t16,0,121556,29915,0,1.2636,0.3832,0.1580,0,1.8048,0
27,cpu_t16,1,121556,29915,0,1.0492,0.2207,0.1602,0,1.4301,0
27,cpu_t16,2,121556,29915,0,0.6755,0.1930,0.1562,0,1.0247,0
27,cpu_t16,3,121556,29915,0,0.6786,0.2696,0.1625,0,1.1107,0
27,cpu_t16,4,121556,29915,0,0.7662,0.2663,0.1611,0,1.1936,0
27,gpu_thrust_uf,0,121556,29915,0.0814,0.8145,0.0460,0.1372,0.0324,1.0545,0
27,gpu_thrust_uf,1,121556,29915,0.0831,0.9360,0.0307,0.2068,0.0178,1.2042,0
27,gpu_thrust_uf,2,121556,29915,0.0768,0.7911,0.0573,0.1915,0.0359,1.0863,0
27,gpu_thrust_uf,3,121556,29915,0.0776,0.8607,0.0666,0.1782,0.0219,1.1324,0
27,gpu_thrust_uf,4,121556,29915,0.0858,1.8601,0.0307,0.1382,0.0245,1.9901,0
27,gpu_hash_uf,0,121556,29915,0.0794,0.2379,0.0399,0.1382,0.0275,0.4998,0
27,gpu_hash_uf,1,121556,29915,0.0783,0.2928,0.0328,0.1382,0.0414,0.5630,0
27,gpu_hash_uf,2,121556,29915,0.0764,0.2185,0.0573,0.1700,0.0169,0.5209,0
27,gpu_hash_uf,3,121556,29915,0.0794,0.2120,0.0768,0.1382,0.0167,0.5023,0
27,gpu_hash_uf,4,121556,29915,0.0763,0.2455,0.0358,0.1382,0.0177,0.4937,0
27,gpu_hash_prop,0,121556,29915,0.0805,0.2476,0.0369,9.1177,0.0509,8.7674,114
27,gpu_hash_prop,1,121556,29915,0.0764,0.2645,0.0399,17.8137,0.1670,16.9045,114
27,gpu_hash_prop,2,121556,29915,0.0787,0.5899,0.0911,12.4641,0.0301,12.1937,114
27,gpu_hash_prop,3,121556,29915,0.0767,0.4024,0.0525,14.0613,0.0524,13.4668,114
27,gpu_hash_prop,4,121556,29915,0.0797,0.2832,0.0799,6.0334,0.0187,5.9796,114
28,cpu_t1,0,121524,29967,0,3.8710,1.4471,0.2336,0,5.5517,0
28,cpu_t1,1,121524,29967,0,3.8790,1.2568,0.1323,0,5.2680,0
28,cpu_t1,2,121524,29967,0,3.9377,1.2995,0.1272,0,5.3643,0
28,cpu_t1,3,121524,29967,0,3.9438,1.5250,0.1300,0,5.5988,0
28,cpu_t1,4,121524,29967,0,3.9437,1.3107,0.1272,0,5.3815,0
28,cpu_t2,0,121524,29967,0,1.9647,0.7893,0.1310,0,2.8851,0
28,cpu_t2,1,121524,29967,0,1.9602,0.6689,0.1502,0,2.7793,0
28,cpu_t2,2,121524,29967,0,2.1478,0.6622,0.1414,0,2.9514,0
28,cpu_t2,3,121524,29967,0,2.1018,0.6545,0.1493,0,2.9056,0
28,cpu_t2,4,121524,29967,0,1.9618,0.7246,0.1268,0,2.8132,0
28,cpu_t4,0,121524,29967,0,1.1299,0.4083,0.1486,0,1.6868,0
28,cpu_t4,1,121524,29967,0,1.2125,0.3665,0.1478,0,1.7268,0
28,cpu_t4,2,121524,29967,0,1.1361,0.4267,0.1514,0,1.7142,0
28,cpu_t4,3,121524,29967,0,1.1693,0.3442,0.1293,0,1.6428,0
28,cpu_t4,4,121524,29967,0,1.1126,0.3409,0.1274,0,1.5809,0
28,cpu_t8,0,121524,29967,0,0.8815,0.3418,0.1541,0,1.3775,0
28,cpu_t8,1,121524,29967,0,0.8882,0.3374,0.1279,0,1.3535,0
28,cpu_t8,2,121524,29967,0,0.8916,0.3514,0.1547,0,1.3977,0
28,cpu_t8,3,121524,29967,0,0.8813,0.3503,0.1279,0,1.3595,0
28,cpu_t8,4,121524,29967,0,0.8698,0.3356,0.1496,0,1.3550,0
28,cpu_t16,0,121524,29967,0,0.7180,0.2100,0.1777,0,1.1056,0
28,cpu_t16,1,121524,29967,0,0.7671,0.1925,0.1792,0,1.1387,0
28,cpu_t16,2,121524,29967,0,0.9082,0.2247,0.1637,0,1.2966,0
28,cpu_t16,3,121524,29967,0,1.5640,0.3952,0.1630,0,2.1222,0
28,cpu_t16,4,121524,29967,0,1.2826,0.3698,0.1958,0,1.8482,0
28,gpu_thrust_uf,0,121524,29967,0.0776,0.9854,0.0307,0.1536,0.0375,1.2145,0
28,gpu_thrust_uf,1,121524,29967,0.0842,1.7933,0.0307,0.1526,0.0203,1.9446,0
28,gpu_thrust_uf,2,121524,29967,0.0819,1.4668,0.0335,0.2181,0.0328,1.7151,0
28,gpu_thrust_uf,3,121524,29967,0.0806,0.8440,0.1201,0.1564,0.0352,1.1564,0
28,gpu_thrust_uf,4,121524,29967,0.0756,0.8264,0.0584,0.1956,0.0287,1.1141,0
28,gpu_hash_uf,0,121524,29967,0.0763,0.2755,0.0297,0.1987,0.0193,0.5699,0
28,gpu_hash_uf,1,121524,29967,0.0765,0.1842,0.0328,0.1526,0.0191,0.4496,0
28,gpu_hash_uf,2,121524,29967,0.0954,0.2754,0.0788,0.1526,0.0549,0.6277,0
28,gpu_hash_uf,3,121524,29967,0.0784,0.4148,0.0358,0.1546,0.0298,0.6790,0
28,gpu_hash_uf,4,121524,29967,0.0827,0.5501,0.0594,0.1946,0.0183,0.8582,0
28,gpu_hash_prop,0,121524,29967,0.0792,0.2361,0.0389,7.4025,0.0446,7.1763,118
28,gpu_hash_prop,1,121524,29967,0.1076,0.2843,0.0369,12.0893,0.0532,11.5608,118
28,gpu_hash_prop,2,121524,29967,0.0802,0.2465,0.0563,12.7611,0.0354,12.1208,118
28,gpu_hash_prop,3,121524,29967,0.1206,0.3746,0.0971,14.2653,0.0880,13.7449,118
28,gpu_hash_prop,4,121524,29967,0.0765,0.5312,0.0335,14.3923,0.0876,13.9007,118
29,cpu_t1,0,121340,30043,0,3.8224,1.4285,0.1202,0,5.3711,0
29,cpu_t1,1,121340,30043,0,3.8402,1.4882,0.1540,0,5.4823,0
29,cpu_t1,2,121340,30043,0,4.0002,1.4879,0.1233,0,5.6113,0
29,cpu_t1,3,121340,30043,0,3.7109,1.3558,0.1193,0,5.1860,0
29,cpu_t1,4,121340,30043,0,3.7450,1.5657,0.1300,0,5.4407,0
29,cpu_t2,0,121340,30043,0,2.1013,0.6991,0.1196,0,2.9199,0
29,cpu_t2,1,121340,30043,0,2.0418,0.6713,0.1195,0,2.8326,0
29,cpu_t2,2,121340,30043,0,2.1649,0.7167,0.1200,0,3.0016,0
29,cpu_t2,3,121340,30043,0,1.9527,0.7496,0.1386,0,2.8409,0
29,cpu_t2,4,121340,30043,0,2.0791,0.6876,0.1412,0,2.9079,0
29,cpu_t4,0,121340,30043,0,1.1382,0.3687,0.1217,0,1.6286,0
29,cpu_t4,1,121340,30043,0,1.1231,0.3463,0.1198,0,1.5892,0
29,cpu_t4,2,121340,30043,0,1.1218,0.3367,0.1187,0,1.5773,0
29,cpu_t4,3,121340,30043,0,1.1295,0.3504,0.1190,0,1.5989,0
29,cpu_t4,4,121340,30043,0,1.0972,0.3551,0.1196,0,1.5719,0
29,cpu_t8,0,121340,30043,0,0.9671,0.3563,0.1580,0,1.4814,0
29,cpu_t8,1,121340,30043,0,1.0013,0.3657,0.1296,0,1.4965,0
29,cpu_t8,2,121340,30043,0,0.9318,0.3567,0.1682,0,1.4567,0
29,cpu_t8,3,121340,30043,0,1.1370,0.5138,0.1526,0,1.8034,0
29,cpu_t8,4,121340,30043,0,0.9080,0.3679,0.1260,0,1.4019,0
29,cpu_t16,0,121340,30043,0,0.8036,0.2998,0.1896,0,1.2931,0
29,cpu_t16,1,121340,30043,0,1.4369,0.3639,0.1534,0,1.9542,0
29,cpu_t16,2,121340,30043,0,1.2110,0.3431,0.1540,0,1.7081,0
29,cpu_t16,3,121340,30043,0,1.2422,0.3471,0.1534,0,1.7427,0
29,cpu_t16,4,121340,30043,0,1.2287,0.1992,0.1535,0,1.5814,0
29,gpu_thrust_uf,0,121340,30043,0.0782,1.0865,0.1112,0.1516,0.0455,1.3905,0
29,gpu_thrust_uf,1,121340,30043,0.0781,1.2354,0.1413,0.2263,0.0359,1.6441,0
29,gpu_thrust_uf,2,121340,30043,0.0778,0.9110,0.0594,0.2027,0.0227,1.1987,0
29,gpu_thrust_uf,3,121340,30043,0.0790,0.8091,0.0625,0.1659,0.0319,1.0771,0
29,gpu_thrust_uf,4,121340,30043,0.0778,1.5046,0.0307,0.1526,0.0208,1.6660,0
29,gpu_hash_uf,0,121340,30043,0.0778,0.6311,0.0840,0.3707,0.0322,1.1562,0
29,gpu_hash_uf,1,121340,30043,0.0886,1.4202,0.9155,0.1526,0.0313,2.4492,0
29,gpu_hash_uf,2,121340,30043,0.0768,0.8349,0.1382,0.2765,0.0314,1.3029,0
29,gpu_hash_uf,3,121340,30043,0.0776,0.6923,0.1546,0.2099,0.1001,1.1623,0
29,gpu_hash_uf,4,121340,30043,0.0762,0.7074,0.0972,0.2191,0.0309,1.0879,0
29,gpu_hash_prop,0,121340,30043,0.0768,0.6916,0.1382,15.3641,0.1073,15.0604,123
29,gpu_hash_prop,1,121340,30043,0.0993,0.4645,0.0335,7.8449,0.0283,7.8006,123
29,gpu_hash_prop,2,121340,30043,0.0755,0.1933,0.0337,5.0976,0.0199,4.9955,123
29,gpu_hash_prop,3,121340,30043,0.0775,0.1937,0.0328,9.2436,0.0268,8.8085,123
29,gpu_hash_prop,4,121340,30043,0.0766,0.2555,0.0594,9.2959,0.0188,8.9270,123
30,cpu_t1,0,121129,29969,0,4.0622,1.2831,0.1301,0,5.4754,0
30,cpu_t1,1,121129,29969,0,3.9862,1.2737,0.1323,0,5.3922,0
30,cpu_t1,2,121129,29969,0,3.7822,1.3103,0.1320,0,5.2244,0
30,cpu_t1,3,121129,29969,0,3.7028,1.3557,0.1290,0,5.1874,0
30,cpu_t1,4,121129,29969,0,3.8051,1.3525,0.1304,0,5.2880,0
30,cpu_t2,0,121129,29969,0,1.9544,0.6726,0.1282,0,2.7552,0
30,cpu_t2,1,121129,29969,0,1.9227,0.6795,0.1295,0,2.7317,0
30,cpu_t2,2,121129,29969,0,2.4444,0.9906,0.1316,0,3.5666,0
30,cpu_t2,3,121129,29969,0,1.8950,0.6470,0.1298,0,2.6718,0
30,cpu_t2,4,121129,29969,0,2.0332,0.6569,0.1304,0,2.8205,0
30,cpu_t4,0,121129,29969,0,1.4465,0.6744,0.1619,0,2.2827,0
30,cpu_t4,1,121129,29969,0,1.4009,0.6053,0.1403,0,2.1465,0
30,cpu_t4,2,121129,29969,0,1.3601,0.4596,0.1376,0,1.9573,0
30,cpu_t4,3,121129,29969,0,1.3393,0.5120,0.1320,0,1.9833,0
30,cpu_t4,4,121129,29969,0,1.4057,0.6732,0.1320,0,2.2110,0
30,cpu_t8,0,121129,29969,0,0.8732,0.3745,0.1298,0,1.3775,0
30,cpu_t8,1,121129,29969,0,0.8826,0.3618,0.1298,0,1.3742,0
30,cpu_t8,2,121129,29969,0,0.8871,0.3744,0.1293,0,1.3908,0
30,cpu_t8,3,121129,29969,0,0.8753,0.3620,0.1297,0,1.3669,0
30,cpu_t8,4,121129,29969,0,0.8773,0.3688,0.1300,0,1.3761,0
30,cpu_t16,0,121129,29969,0,1.2353,0.5584,0.1642,0,1.9579,0
30,cpu_t16,1,121129,29969,0,0.8914,0.2073,0.1680,0,1.2667,0
30,cpu_t16,2,121129,29969,0,0.6675,0.2036,0.1742,0,1.0453,0
30,cpu_t16,3,121129,29969,0,0.6879,0.2162,0.1724,0,1.0766,0
30,cpu_t16,4,121129,29969,0,0.6700,0.2161,0.1832,0,1.0692,0
30,gpu_thrust_uf,0,121129,29969,0.0779,1.3148,0.0604,0.1669,0.0182,1.5398,0
30,gpu_thrust_uf,1,121129,29969,0.0793,0.8860,0.0840,0.1905,0.1512,1.2993,0
30,gpu_thrust_uf,2,121129,29969,0.0802,1.0337,0.0604,0.1526,0.0290,1.2806,0
30,gpu_thrust_uf,3,121129,29969,0.0762,0.8049,0.0614,0.1516,0.0206,1.0470,0
30,gpu_thrust_uf,4,121129,29969,0.0809,1.6885,0.0307,0.1311,0.0423,1.8426,0
30,gpu_hash_uf,0,121129,29969,0.0862,1.1046,0.0307,0.1302,0.0231,1.2862,0
30,gpu_hash_uf,1,121129,29969,0.0754,0.2106,0.0369,0.1362,0.0357,0.4828,0
30,gpu_hash_uf,2,121129,29969,0.0779,0.1930,0.0338,0.1300,0.0202,0.4435,0
30,gpu_hash_uf,3,121129,29969,0.0763,0.2597,0.0853,0.1759,0.0196,0.5894,0
30,gpu_hash_uf,4,121129,29969,0.0761,0.2775,0.0666,0.1794,0.0194,0.5907,0
30,gpu_hash_prop,0,121129,29969,0.0794,0.1932,0.0369,4.8865,0.0276,4.8163,116
30,gpu_hash_prop,1,121129,29969,0.0773,0.1818,0.0360,8.1508,0.0452,7.8139,116
30,gpu_hash_prop,2,121129,29969,0.0793,0.2842,0.0328,10.1581,0.0293,9.7376,116
30,gpu_hash_prop,3,121129,29969,0.0766,0.2641,0.0614,7.1516,0.0266,6.9813,116
30,gpu_hash_prop,4,121129,29969,0.0761,0.8490,0.0338,4.6674,0.0219,5.3037,116
31,cpu_t1,0,121214,29809,0,3.7731,1.3066,0.1206,0,5.2003,0
31,cpu_t1,1,121214,29809,0,3.7561,1.2971,0.1184,0,5.1716,0
31,cpu_t1,2,121214,29809,0,3.7124,1.3211,0.1194,0,5.1530,0
31,cpu_t1,3,121214,29809,0,3.7596,1.3076,0.1202,0,5.1875,0
31,cpu_t1,4,121214,29809,0,3.7432,1.2620,0.1193,0,5.1245,0
31,cpu_t2,0,121214,29809,0,1.9811,0.6668,0.1231,0,2.7711,0
31,cpu_t2,1,121214,29809,0,2.4766,1.4092,0.1596,0,4.0454,0
31,cpu_t2,2,121214,29809,0,2.4767,0.6488,0.1211,0,3.2466,0
31,cpu_t2,3,121214,29809,0,2.1384,0.6557,0.1213,0,2.9154,0
31,cpu_t2,4,121214,29809,0,1.9686,0.9165,0.1429,0,3.0280,0
31,cpu_t4,0,121214,29809,0,1.1350,0.5338,0.1540,0,1.8228,0
31,cpu_t4,1,121214,29809,0,1.6204,0.7490,0.1812,0,2.5506,0
31,cpu_t4,2,121214,29809,0,1.5181,0.6835,0.1555,0,2.3571,0
31,cpu_t4,3,121214,29809,0,1.4760,0.7000,0.1514,0,2.3274,0
31,cpu_t4,4,121214,29809,0,1.2906,0.3555,0.1364,0,1.7825,0
31,cpu_t8,0,121214,29809,0,1.1688,0.3365,0.1269,0,1.6321,0
31,cpu_t8,1,121214,29809,0,0.9277,0.3593,0.1208,0,1.4078,0
31,cpu_t8,2,121214,29809,0,0.8710,0.3402,0.1319,0,1.3431,0
31,cpu_t8,3,121214,29809,0,0.9639,0.3125,0.1500,0,1.4264,0
31,cpu_t8,4,121214,29809,0,0.8940,0.3149,0.1238,0,1.3326,0
31,cpu_t16,0,121214,29809,0,1.2638,0.3450,0.1823,0,1.7911,0
31,cpu_t16,1,121214,29809,0,1.2839,0.4906,0.1567,0,1.9312,0
31,cpu_t16,2,121214,29809,0,1.2733,0.3483,0.1562,0,1.7778,0
31,cpu_t16,3,121214,29809,0,1.1685,0.3928,0.1536,0,1.7149,0
31,cpu_t16,4,121214,29809,0,1.1753,0.3163,0.1577,0,1.6493,0
31,gpu_thrust_uf,0,121214,29809,0.0788,0.8835,0.0532,0.1423,0.0194,1.1171,0
31,gpu_thrust_uf,1,121214,29809,0.0795,1.3127,0.5571,0.1219,0.0348,1.9717,0
31,gpu_thrust_uf,2,121214,29809,0.0777,0.7198,0.0358,0.1208,0.0334,0.9404,0
31,gpu_thrust_uf,3,121214,29809,0.0780,0.6933,0.0358,0.1208,0.0279,0.9164,0
31,gpu_thrust_uf,4,121214,29809,0.0756,0.6600,0.0369,0.1208,0.0286,0.8712,0
31,gpu_hash_uf,0,121214,29809,0.0873,0.2566,0.0358,0.1219,0.0290,0.5091,0
31,gpu_hash_uf,1,121214,29809,0.0839,1.1710,0.0307,0.1208,0.0277,1.3441,0
31,gpu_hash_uf,2,121214,29809,0.0891,0.2601,0.0328,0.1209,0.0171,0.5029,0
31,gpu_hash_uf,3,121214,29809,0.0843,0.4914,0.0307,0.1208,0.0191,0.7135,0
31,gpu_hash_uf,4,121214,29809,0.1148,0.7883,0.0350,0.1493,0.0178,1.0572,0
31,gpu_hash_prop,0,121214,29809,0.0797,1.0731,0.0307,9.0726,0.1016,9.5558,83
31,gpu_hash_prop,1,121214,29809,0.0771,0.7831,0.0840,13.7226,0.0229,13.5116,83
31,gpu_hash_prop,2,121214,29809,0.0765,0.2115,0.0635,4.7524,0.0473,4.7735,83
31,gpu_hash_prop,3,121214,29809,0.0763,0.2369,0.0604,5.1886,0.0182,5.1454,83
31,gpu_hash_prop,4,121214,29809,0.0755,0.1787,0.0338,3.4857,0.0174,3.5003,83
32,cpu_t1,0,121239,29666,0,3.7487,1.2541,0.1190,0,5.1218,0
32,cpu_t1,1,121239,29666,0,3.7523,1.3069,0.1166,0,5.1758,0
32,cpu_t1,2,121239,29666,0,3.7716,1.3433,0.1159,0,5.2308,0
32,cpu_t1,3,121239,29666,0,3.7838,1.2351,0.1168,0,5.1356,0
32,cpu_t1,4,121239,29666,0,3.7597,1.2097,0.1169,0,5.0863,0
32,cpu_t2,0,121239,29666,0,1.9747,0.7387,0.1264,0,2.8398,0
32,cpu_t2,1,121239,29666,0,1.9420,0.6527,0.1161,0,2.7108,0
32,cpu_t2,2,121239,29666,0,1.9648,0.6605,0.1260,0,2.7514,0
32,cpu_t2,3,121239,29666,0,1.9108,0.6879,0.1156,0,2.7143,0
32,cpu_t2,4,121239,29666,0,1.9014,0.6606,0.1171,0,2.6792,0
32,cpu_t4,0,121239,29666,0,1.4403,0.6713,0.1528,0,2.2644,0
32,cpu_t4,1,121239,29666,0,1.7498,0.6719,0.1535,0,2.5752,0
32,cpu_t4,2,121239,29666,0,1.4269,0.6669,0.1454,0,2.2392,0
32,cpu_t4,3,121239,29666,0,1.4379,0.6785,0.1477,0,2.2640,0
32,cpu_t4,4,121239,29666,0,1.4665,0.6727,0.1499,0,2.2890,0
32,cpu_t8,0,121239,29666,0,0.9422,0.2963,0.1201,0,1.3586,0
32,cpu_t8,1,121239,29666,0,0.8881,0.3421,0.1349,0,1.3651,0
32,cpu_t8,2,121239,29666,0,0.9244,0.3572,0.1815,0,1.4631,0
32,cpu_t8,3,121239,29666,0,1.0168,0.3627,0.1740,0,1.5535,0
32,cpu_t8,4,121239,29666,0,1.0525,0.3919,0.1828,0,1.6272,0
32,cpu_t16,0,121239,29666,0,1.4050,0.3551,0.1876,0,1.9476,0
32,cpu_t16,1,121239,29666,0,1.4392,0.5352,0.1737,0,2.1481,0
32,cpu_t16,2,121239,29666,0,1.4301,0.4746,0.1379,0,2.0426,0
32,cpu_t16,3,121239,29666,0,1.2484,0.3174,0.1615,0,1.7273,0
32,cpu_t16,4,121239,29666,0,1.2778,0.3422,0.1588,0,1.7788,0
32,gpu_thrust_uf,0,121239,29666,0.0940,1.0766,0.1464,0.2550,0.0961,1.5936,0
32,gpu_thrust_uf,1,121239,29666,0.0763,1.1255,0.0963,0.1905,0.1230,1.5071,0
32,gpu_thrust_uf,2,121239,29666,0.1756,1.2584,0.0440,0.1434,0.0326,1.5441,0
32,gpu_thrust_uf,3,121239,29666,0.0975,0.8118,0.0584,0.1720,0.0188,1.0847,0
32,gpu_thrust_uf,4,121239,29666,0.0764,0.7934,0.0655,0.1556,0.0182,1.0532,0
32,gpu_hash_uf,0,121239,29666,0.0874,1.8141,0.0317,0.1321,0.0331,1.9497,0
32,gpu_hash_uf,1,121239,29666,0.0780,0.2743,0.0819,0.1782,0.0178,0.6025,0
32,gpu_hash_uf,2,121239,29666,0.0762,0.2696,0.0901,0.1526,0.0196,0.5801,0
32,gpu_hash_uf,3,121239,29666,0.0762,0.2524,0.0799,0.1321,0.0188,0.5359,0
32,gpu_hash_uf,4,121239,29666,0.0762,0.2404,0.0635,0.1772,0.0291,0.5605,0
32,gpu_hash_prop,0,121239,29666,0.0781,0.4783,0.0307,8.5873,0.0444,8.4971,107
32,gpu_hash_prop,1,121239,29666,0.0782,0.2436,0.0614,9.1105,0.0227,8.7537,107
32,gpu_hash_prop,2,121239,29666,0.0769,0.2159,0.0573,11.8129,0.1637,11.3722,107
32,gpu_hash_prop,3,121239,29666,0.0755,0.7438,0.2703,17.8309,0.0593,17.4736,107
32,gpu_hash_prop,4,121239,29666,0.0779,0.5670,0.0697,15.9518,0.1351,15.4729,107
33,cpu_t1,0,121237,29492,0,4.2757,1.3686,0.1192,0,5.7635,0
33,cpu_t1,1,121237,29492,0,3.7343,1.3951,0.1175,0,5.2469,0
33,cpu_t1,2,121237,29492,0,4.3301,1.6436,0.1169,0,6.0907,0
33,cpu_t1,3,121237,29492,0,3.7593,1.3368,0.1409,0,5.2371,0
33,cpu_t1,4,121237,29492,0,3.7458,1.4601,0.2628,0,5.4687,0
33,cpu_t2,0,121237,29492,0,2.0123,0.7158,0.1361,0,2.8642,0
33,cpu_t2,1,121237,29492,0,1.9591,0.6686,0.1145,0,2.7422,0
33,cpu_t2,2,121237,29492,0,1.9979,0.7479,0.1369,0,2.8828,0
33,cpu_t2,3,121237,29492,0,1.9348,0.7386,0.1417,0,2.8151,0
33,cpu_t2,4,121237,29492,0,2.1350,0.6817,0.1157,0,2.9325,0
33,cpu_t4,0,121237,29492,0,1.1725,0.3299,0.1385,0,1.6409,0
33,cpu_t4,1,121237,29492,0,1.1655,0.3395,0.1156,0,1.6206,0
33,cpu_t4,2,121237,29492,0,1.1349,0.3491,0.1151,0,1.5990,0
33,cpu_t4,3,121237,29492,0,1.1013,0.3571,0.1351,0,1.5935,0
33,cpu_t4,4,121237,29492,0,1.1002,0.3396,0.1362,0,1.5760,0
33,cpu_t8,0,121237,29492,0,1.1344,0.3734,0.2350,0,1.7428,0
33,cpu_t8,1,121237,29492,0,0.9273,0.2502,0.1172,0,1.2948,0
33,cpu_t8,2,121237,29492,0,0.8663,0.2448,0.1264,0,1.2375,0
33,cpu_t8,3,121237,29492,0,1.0750,0.3523,0.1157,0,1.5430,0
33,cpu_t8,4,121237,29492,0,1.0568,0.2846,0.1565,0,1.4980,0
33,cpu_t16,0,121237,29492,0,0.7643,0.1978,0.1531,0,1.1152,0
33,cpu_t16,1,121237,29492,0,0.6952,0.2423,0.1563,0,1.0938,0
33,cpu_t16,2,121237,29492,0,1.2520,0.3839,0.1612,0,1.7971,0
33,cpu_t16,3,121237,29492,0,1.1992,0.3107,0.2049,0,1.7148,0
33,cpu_t16,4,121237,29492,0,1.3189,0.3515,0.2771,0,1.9476,0
33,gpu_thrust_uf,0,121237,29492,0.1259,2.9472,0.0307,0.1362,0.0246,3.0334,0
33,gpu_thrust_uf,1,121237,29492,0.0999,1.5045,0.0614,0.1545,0.0321,1.7290,0
33,gpu_thrust_uf,2,121237,29492,0.0781,0.7831,0.0358,0.1352,0.0276,0.9964,0
33,gpu_thrust_uf,3,121237,29492,0.0762,0.7673,0.0563,0.1352,0.0278,0.9990,0
33,gpu_thrust_uf,4,121237,29492,0.0789,0.6877,0.0573,0.1690,0.0287,0.9644,0
33,gpu_hash_uf,0,121237,29492,0.0795,0.1922,0.0574,0.1341,0.0223,0.4610,0
33,gpu_hash_uf,1,121237,29492,0.0764,0.2284,0.0594,0.1628,0.0337,0.5390,0
33,gpu_hash_uf,2,121237,29492,0.0778,0.2529,0.0329,0.1340,0.0192,0.5007,0
33,gpu_hash_uf,3,121237,29492,0.0794,0.1961,0.0410,0.1331,0.0198,0.4541,0
33,gpu_hash_uf,4,121237,29492,0.0775,0.2134,0.0335,0.1341,0.0184,0.4619,0
33,gpu_hash_prop,0,121237,29492,0.0875,0.2710,0.0614,6.9386,0.0341,6.8044,111
33,gpu_hash_prop,1,121237,29492,0.0811,0.6254,0.0379,9.2150,0.0255,9.1882,111
33,gpu_hash_prop,2,121237,29492,0.0780,0.2498,0.0594,7.5766,0.0340,7.3580,111
33,gpu_hash_prop,3,121237,29492,0.0763,0.2198,0.0358,9.1187,0.0470,8.7402,111
33,gpu_hash_prop,4,121237,29492,0.0791,0.1891,0.0625,7.4516,0.0238,7.1875,111
34,cpu_t1,0,121266,29210,0,3.7533,1.2371,0.1204,0,5.1109,0
34,cpu_t1,1,121266,29210,0,3.8089,1.1780,0.1228,0,5.1097,0
34,cpu_t1,2,121266,29210,0,3.7635,1.1944,0.1181,0,5.0760,0
34,cpu_t1,3,121266,29210,0,3.7736,1.1798,0.1202,0,5.0735,0
34,cpu_t1,4,121266,29210,0,3.7512,1.2236,0.1183,0,5.0931,0
34,cpu_t2,0,121266,29210,0,1.9629,0.6518,0.1197,0,2.7344,0
34,cpu_t2,1,121266,29210,0,2.1046,0.6281,0.1286,0,2.8613,0
34,cpu_t2,2,121266,29210,0,2.0132,0.6123,0.1186,0,2.7441,0
34,cpu_t2,3,121266,29210,0,1.9580,0.6521,0.1186,0,2.7287,0
34,cpu_t2,4,121266,29210,0,2.0067,0.6329,0.1195,0,2.7592,0
34,cpu_t4,0,121266,29210,0,1.1049,0.3233,0.1186,0,1.5469,0
34,cpu_t4,1,121266,29210,0,1.1372,0.3630,0.1181,0,1.6183,0
34,cpu_t4,2,121266,29210,0,1.1891,0.3544,0.1190,0,1.6625,0
34,cpu_t4,3,121266,29210,0,1.1158,0.3536,0.1715,0,1.6409,0
34,cpu_t4,4,121266,29210,0,1.4618,0.6550,0.1499,0,2.2667,0
34,cpu_t8,0,121266,29210,0,1.0240,0.3738,0.1476,0,1.5454,0
34,cpu_t8,1,121266,29210,0,1.2400,0.3434,0.1476,0,1.7309,0
34,cpu_t8,2,121266,29210,0,0.9747,0.3332,0.1515,0,1.4594,0
34,cpu_t8,3,121266,29210,0,0.9225,0.2996,0.1476,0,1.3697,0
34,cpu_t8,4,121266,29210,0,0.9313,0.3015,0.1527,0,1.3855,0
34,cpu_t16,0,121266,29210,0,1.2316,0.3383,0.1612,0,1.7311,0
34,cpu_t16,1,121266,29210,0,1.2434,0.3637,0.1563,0,1.7635,0
34,cpu_t16,2,121266,29210,0,1.0369,0.1862,0.1522,0,1.3752,0
34,cpu_t16,3,121266,29210,0,0.6772,0.1758,0.1554,0,1.0084,0
34,cpu_t16,4,121266,29210,0,0.6834,0.2866,0.1355,0,1.1055,0
34,gpu_thrust_uf,0,121266,29210,0.0788,0.9691,0.0399,0.1372,0.0335,1.1941,0
34,gpu_thrust_uf,1,121266,29210,0.0808,0.7752,0.0449,0.1270,0.0839,1.0547,0
34,gpu_thrust_uf,2,121266,29210,0.0779,1.4297,0.1055,0.2468,0.0894,1.8449,0
34,gpu_thrust_uf,3,121266,29210,0.0765,1.0159,0.0358,0.1270,0.0199,1.1984,0
34,gpu_thrust_uf,4,121266,29210,0.0780,1.7855,0.0317,0.1280,0.0170,1.8966,0
34,gpu_hash_uf,0,121266,29210,0.0768,0.6556,0.1242,0.2413,0.1415,1.1647,0
34,gpu_hash_uf,1,121266,29210,0.0762,0.7047,0.0993,0.1915,0.1173,1.1241,0
34,gpu_hash_uf,2,121266,29210,0.0764,0.6335,0.0963,0.2591,0.0929,1.0949,0
34,gpu_hash_uf,3,121266,29210,0.0763,0.7288,0.1208,0.1864,0.0907,1.1301,0
34,gpu_hash_uf,4,121266,29210,0.0874,0.6490,0.1710,0.2519,0.1247,1.2309,0
34,gpu_hash_prop,0,121266,29210,0.0781,0.7091,0.3215,16.1376,0.1053,15.9808,111
34,gpu_hash_prop,1,121266,29210,0.1890,0.9248,0.1188,11.4698,0.0538,11.7366,111
34,gpu_hash_prop,2,121266,29210,0.0766,0.2630,0.0604,10.6107,0.0331,10.1610,111
34,gpu_hash_prop,3,121266,29210,0.0777,0.1903,0.0338,5.4456,0.0428,5.3325,111
34,gpu_hash_prop,4,121266,29210,0.0786,0.2449,0.0397,11.1056,0.1019,10.6440,111
35,cpu_t1,0,121210,29303,0,3.7165,1.2313,0.1387,0,5.0865,0
35,cpu_t1,1,121210,29303,0,3.7387,1.2600,0.1217,0,5.1204,0
35,cpu_t1,2,121210,29303,0,3.6847,1.3040,0.1221,0,5.1108,0
35,cpu_t1,3,121210,29303,0,3.6735,1.2548,0.1213,0,5.0496,0
35,cpu_t1,4,121210,29303,0,3.6734,1.2960,0.1472,0,5.1166,0
35,cpu_t2,0,121210,29303,0,1.9520,0.7164,0.1225,0,2.7909,0
35,cpu_t2,1,121210,29303,0,2.0009,0.6544,0.1212,0,2.7764,0
35,cpu_t2,2,121210,29303,0,1.8907,0.6645,0.1196,0,2.6748,0
35,cpu_t2,3,121210,29303,0,1.9610,0.6690,0.1193,0,2.7493,0
35,cpu_t2,4,121210,29303,0,1.9182,0.6903,0.1203,0,2.7288,0
35,cpu_t4,0,121210,29303,0,1.3409,0.4170,0.1235,0,1.8813,0
35,cpu_t4,1,121210,29303,0,1.1608,0.3158,0.1228,0,1.5994,0
35,cpu_t4,2,121210,29303,0,1.1370,0.3413,0.1234,0,1.6018,0
35,cpu_t4,3,121210,29303,0,1.0940,0.3122,0.1234,0,1.5296,0
35,cpu_t4,4,121210,29303,0,1.1199,0.3394,0.1223,0,1.5816,0
35,cpu_t8,0,121210,29303,0,0.9684,0.3256,0.1523,0,1.4464,0
35,cpu_t8,1,121210,29303,0,0.9523,0.3554,0.1497,0,1.4574,0
35,cpu_t8,2,121210,29303,0,0.9279,0.3423,0.1551,0,1.4253,0
35,cpu_t8,3,121210,29303,0,0.9570,0.3314,0.1521,0,1.4405,0
35,cpu_t8,4,121210,29303,0,0.9373,0.3236,0.1254,0,1.3863,0
35,cpu_t16,0,121210,29303,0,0.6775,0.1776,0.1573,0,1.0124,0
35,cpu_t16,1,121210,29303,0,0.6859,0.1927,0.1548,0,1.0334,0
35,cpu_t16,2,121210,29303,0,0.8340,0.2049,0.1630,0,1.2019,0
35,cpu_t16,3,121210,29303,0,0.7172,0.1756,0.1558,0,1.0486,0
35,cpu_t16,4,121210,29303,0,0.7368,0.1870,0.1609,0,1.0846,0
35,gpu_thrust_uf,0,121210,29303,0.0833,1.4912,0.1587,0.2816,0.0937,1.9707,0
35,gpu_thrust_uf,1,121210,29303,0.0800,1.1786,0.0949,0.4291,0.0322,1.7299,0
35,gpu_thrust_uf,2,121210,29303,0.1045,2.0945,0.0307,0.1423,0.0318,2.2603,0
35,gpu_thrust_uf,3,121210,29303,0.0915,0.8909,0.0840,0.3041,0.1050,1.4120,0
35,gpu_thrust_uf,4,121210,29303,0.0757,0.8978,0.0901,0.1618,0.0188,1.1724,0
35,gpu_hash_uf,0,121210,29303,0.0778,0.1896,0.0338,0.1423,0.0183,0.4424,0
35,gpu_hash_uf,1,121210,29303,0.0761,0.1857,0.0317,0.1413,0.0190,0.4372,0
35,gpu_hash_uf,2,121210,29303,0.0780,0.2423,0.0840,0.2591,0.0843,0.7353,0
35,gpu_hash_uf,3,121210,29303,0.1364,0.7400,0.0932,0.2632,0.0299,1.2120,0
35,gpu_hash_uf,4,121210,29303,0.1016,0.5970,0.2068,0.2929,0.0894,1.2331,0
35,gpu_hash_prop,0,121210,29303,0.0781,0.6976,0.1003,15.2109,0.0235,14.8151,111
35,gpu_hash_prop,1,121210,29303,0.0974,0.2556,0.0543,10.3424,0.0244,9.9139,111
35,gpu_hash_prop,2,121210,29303,0.0764,0.2468,0.0594,6.5649,0.0470,6.4380,111
35,gpu_hash_prop,3,121210,29303,0.0791,0.9665,0.0307,8.3313,0.0284,8.6839,111
35,gpu_hash_prop,4,121210,29303,0.0816,0.2572,0.0625,8.7808,0.1384,8.6106,111
36,cpu_t1,0,121194,29470,0,4.0745,1.2660,0.1231,0,5.4636,0
36,cpu_t1,1,121194,29470,0,3.7358,1.3521,0.1273,0,5.2152,0
36,cpu_t1,2,121194,29470,0,3.7102,1.3267,0.1200,0,5.1569,0
36,cpu_t1,3,121194,29470,0,4.3005,1.2569,0.1227,0,5.6801,0
36,cpu_t1,4,121194,29470,0,3.8041,1.2923,0.1330,0,5.2294,0
36,cpu_t2,0,121194,29470,0,2.0199,0.6731,0.1234,0,2.8165,0
36,cpu_t2,1,121194,29470,0,2.0277,0.6694,0.1217,0,2.8187,0
36,cpu_t2,2,121194,29470,0,1.9313,0.6552,0.1193,0,2.7059,0
36,cpu_t2,3,121194,29470,0,2.0393,0.6811,0.1261,0,2.8464,0
36,cpu_t2,4,121194,29470,0,1.9783,0.7103,0.1246,0,2.8133,0
36,cpu_t4,0,121194,29470,0,1.1318,0.4556,0.1709,0,1.7583,0
36,cpu_t4,1,121194,29470,0,1.5442,0.7193,0.1230,0,2.3865,0
36,cpu_t4,2,121194,29470,0,1.2725,0.3652,0.1207,0,1.7583,0
36,cpu_t4,3,121194,29470,0,1.2111,0.3664,0.1207,0,1.6981,0
36,cpu_t4,4,121194,29470,0,1.0835,0.4002,0.1453,0,1.6290,0
36,cpu_t8,0,121194,29470,0,0.9455,0.3463,0.1199,0,1.4116,0
36,cpu_t8,1,121194,29470,0,0.9009,0.3316,0.1219,0,1.3543,0
36,cpu_t8,2,121194,29470,0,0.8979,0.3369,0.1199,0,1.3547,0
36,cpu_t8,3,121194,29470,0,0.8692,0.3314,0.1273,0,1.3280,0
36,cpu_t8,4,121194,29470,0,0.9085,0.3982,0.1223,0,1.4290,0
36,cpu_t16,0,121194,29470,0,0.7111,0.2246,0.1627,0,1.0984,0
36,cpu_t16,1,121194,29470,0,0.6918,0.2092,0.1623,0,1.0633,0
36,cpu_t16,2,121194,29470,0,0.9140,0.5407,0.1810,0,1.6356,0
36,cpu_t16,3,121194,29470,0,1.3204,0.3126,0.1567,0,1.7896,0
36,cpu_t16,4,121194,29470,0,1.3616,0.3678,0.1658,0,1.8951,0
36,gpu_thrust_uf,0,121194,29470,0.0869,1.4968,0.0502,0.2068,0.0298,1.7591,0
36,gpu_thrust_uf,1,121194,29470,0.0770,0.8190,0.0758,0.2314,0.0245,1.1509,0
36,gpu_thrust_uf,2,121194,29470,0.0770,0.8124,0.0471,0.2048,0.0282,1.1040,0
36,gpu_thrust_uf,3,121194,29470,0.0773,0.8917,0.0963,0.2796,0.0301,1.2897,0
36,gpu_thrust_uf,4,121194,29470,0.0964,0.8169,0.0461,0.2048,0.0309,1.1252,0
36,gpu_hash_uf,0,121194,29470,0.0815,1.2396,0.0440,0.2048,0.0317,1.4988,0
36,gpu_hash_uf,1,121194,29470,0.0769,0.3086,0.0492,0.2058,0.0349,0.6494,0
36,gpu_hash_uf,2,121194,29470,0.0768,0.2612,0.0727,0.2048,0.0270,0.6194,0
36,gpu_hash_uf,3,121194,29470,0.0858,1.9576,0.0420,0.2068,0.0309,2.1599,0
36,gpu_hash_uf,4,121194,29470,0.0858,0.8508,0.0461,0.2058,0.0269,1.1435,0
36,gpu_hash_prop,0,121194,29470,0.0769,0.2489,0.0707,9.9348,0.0332,9.5398,110
36,gpu_hash_prop,1,121194,29470,0.0772,0.2850,0.0717,6.5198,0.0444,6.4430,110
36,gpu_hash_prop,2,121194,29470,0.0768,0.3544,0.0461,9.5969,0.0315,9.2949,110
36,gpu_hash_prop,3,121194,29470,0.0770,0.2551,0.0502,6.4451,0.0272,6.3125,110
36,gpu_hash_prop,4,121194,29470,0.0807,0.2544,0.0717,10.3301,0.0269,9.9066,110
37,cpu_t1,0,121197,29519,0,3.7401,1.2651,0.1256,0,5.1308,0
37,cpu_t1,1,121197,29519,0,3.7517,1.2592,0.1255,0,5.1363,0
37,cpu_t1,2,121197,29519,0,3.8139,1.2885,0.1259,0,5.2283,0
37,cpu_t1,3,121197,29519,0,3.7336,1.2519,0.1345,0,5.1200,0
37,cpu_t1,4,121197,29519,0,3.7024,1.3029,0.1373,0,5.1427,0
37,cpu_t2,0,121197,29519,0,2.1448,0.6730,0.1281,0,2.9460,0
37,cpu_t2,1,121197,29519,0,1.9551,0.6702,0.1257,0,2.7510,0
37,cpu_t2,2,121197,29519,0,1.9860,0.6520,0.1268,0,2.7648,0
37,cpu_t2,3,121197,29519,0,1.9708,0.7000,0.1242,0,2.7951,0
37,cpu_t2,4,121197,29519,0,2.0535,0.7955,0.1373,0,2.9863,0
37,cpu_t4,0,121197,29519,0,1.1265,0.3510,0.1277,0,1.6053,0
37,cpu_t4,1,121197,29519,0,1.1356,0.3308,0.1294,0,1.5957,0
37,cpu_t4,2,121197,29519,0,1.1438,0.3344,0.1262,0,1.6044,0
37,cpu_t4,3,121197,29519,0,1.1011,0.3962,0.1468,0,1.6441,0
37,cpu_t4,4,121197,29519,0,1.0861,0.3455,0.1460,0,1.5776,0
37,cpu_t8,0,121197,29519,0,0.9104,0.3655,0.1360,0,1.4119,0
37,cpu_t8,1,121197,29519,0,0.8793,0.3370,0.1308,0,1.3471,0
37,cpu_t8,2,121197,29519,0,0.9265,0.3556,0.1587,0,1.4408,0
37,cpu_t8,3,121197,29519,0,0.9201,0.3482,0.1384,0,1.4067,0
37,cpu_t8,4,121197,29519,0,0.9285,0.3492,0.1595,0,1.4372,0
37,cpu_t16,0,121197,29519,0,1.2099,0.3399,0.1713,0,1.7210,0
37,cpu_t16,1,121197,29519,0,1.2185,0.3656,0.1605,0,1.7446,0
37,cpu_t16,2,121197,29519,0,1.2603,0.3390,0.2109,0,1.8101,0
37,cpu_t16,3,121197,29519,0,1.3512,0.4127,0.1643,0,1.9282,0
37,cpu_t16,4,121197,29519,0,1.4074,0.3393,0.1589,0,1.9056,0
37,gpu_thrust_uf,0,121197,29519,0.0799,2.2787,0.0440,0.1710,0.0170,2.4134,0
37,gpu_thrust_uf,1,121197,29519,0.0995,1.5618,0.0512,0.1690,0.0364,1.7858,0
37,gpu_thrust_uf,2,121197,29519,0.1009,0.9860,0.0901,0.2601,0.0312,1.3821,0
37,gpu_thrust_uf,3,121197,29519,0.0825,0.8324,0.0768,0.1690,0.0298,1.1187,0
37,gpu_thrust_uf,4,121197,29519,0.0769,0.8010,0.1219,0.1690,0.0313,1.1276,0
37,gpu_hash_uf,0,121197,29519,0.0769,0.4025,0.0439,0.2028,0.0300,0.7342,0
37,gpu_hash_uf,1,121197,29519,0.0767,0.5028,0.1146,0.1679,0.0272,0.8472,0
37,gpu_hash_uf,2,121197,29519,0.0758,0.5129,0.0788,0.1690,0.0286,0.8195,0
37,gpu_hash_uf,3,121197,29519,0.0788,1.2300,0.0451,0.1690,0.0306,1.4537,0
37,gpu_hash_uf,4,121197,29519,0.0770,0.4513,0.0850,0.2068,0.0335,0.8206,0
37,gpu_hash_prop,0,121197,29519,0.0874,0.7525,0.0430,13.8312,0.1109,13.6369,110
37,gpu_hash_prop,1,121197,29519,0.0764,0.4600,0.0439,13.9520,0.0463,13.4117,110
37,gpu_hash_prop,2,121197,29519,0.0766,0.4028,0.0891,10.9056,0.0271,10.5817,110
37,gpu_hash_prop,3,121197,29519,0.0796,0.2783,0.0481,6.4730,0.0433,6.3736,110
37,gpu_hash_prop,4,121197,29519,0.0828,0.2659,0.0471,10.1591,0.0237,9.7419,110
38,cpu_t1,0,121378,29578,0,3.7499,1.2989,0.1187,0,5.1675,0
38,cpu_t1,1,121378,29578,0,3.7074,1.3423,0.1182,0,5.1679,0
38,cpu_t1,2,121378,29578,0,3.7575,1.2696,0.1182,0,5.1454,0
38,cpu_t1,3,121378,29578,0,3.7321,1.2743,0.1366,0,5.1431,0
38,cpu_t1,4,121378,29578,0,3.7388,1.3601,0.1180,0,5.2170,0
38,cpu_t2,0,121378,29578,0,2.5502,0.6829,0.1414,0,3.3746,0
38,cpu_t2,1,121378,29578,0,2.0642,0.7090,0.1214,0,2.8947,0
38,cpu_t2,2,121378,29578,0,1.9620,0.6544,0.1213,0,2.7377,0
38,cpu_t2,3,121378,29578,0,1.9663,0.7330,0.1183,0,2.8176,0
38,cpu_t2,4,121378,29578,0,2.1093,0.7997,0.1491,0,3.0580,0
38,cpu_t4,0,121378,29578,0,1.2745,0.4296,0.1191,0,1.8231,0
38,cpu_t4,1,121378,29578,0,1.1217,0.3887,0.1174,0,1.6278,0
38,cpu_t4,2,121378,29578,0,1.0824,0.3878,0.1175,0,1.5877,0
38,cpu_t4,3,121378,29578,0,1.1590,0.3414,0.1175,0,1.6179,0
38,cpu_t4,4,121378,29578,0,1.1683,0.3884,0.1180,0,1.6748,0
38,cpu_t8,0,121378,29578,0,1.0586,0.3260,0.1488,0,1.5334,0
38,cpu_t8,1,121378,29578,0,0.9312,0.3365,0.1598,0,1.4274,0
38,cpu_t8,2,121378,29578,0,0.9714,0.5438,0.1855,0,1.7006,0
38,cpu_t8,3,121378,29578,0,0.9716,0.3534,0.1487,0,1.4737,0
38,cpu_t8,4,121378,29578,0,0.9611,0.3878,0.1803,0,1.5292,0
38,cpu_t16,0,121378,29578,0,1.2595,0.3262,0.1630,0,1.7487,0
38,cpu_t16,1,121378,29578,0,1.2578,0.3647,0.1621,0,1.7846,0
38,cpu_t16,2,121378,29578,0,1.3055,0.4109,0.1678,0,1.8842,0
38,cpu_t16,3,121378,29578,0,1.2631,0.2874,0.1519,0,1.7025,0
38,cpu_t16,4,121378,29578,0,1.2001,0.3051,0.1582,0,1.6634,0
38,gpu_thrust_uf,0,121378,29578,0.0824,0.8664,0.0581,0.2202,0.0319,1.1905,0
38,gpu_thrust_uf,1,121378,29578,0.0817,0.9145,0.0492,0.2202,0.0282,1.2270,0
38,gpu_thrust_uf,2,121378,29578,0.0778,1.2101,0.0492,0.2212,0.0404,1.4967,0
38,gpu_thrust_uf,3,121378,29578,0.0773,0.8982,0.0481,0.2202,0.0377,1.2017,0
38,gpu_thrust_uf,4,121378,29578,0.0771,3.0163,0.0461,0.2202,0.0306,3.1404,0
38,gpu_hash_uf,0,121378,29578,0.0798,0.2548,0.0481,0.2202,0.0261,0.5986,0
38,gpu_hash_uf,1,121378,29578,0.0793,0.3049,0.0522,0.2202,0.0289,0.6495,0
38,gpu_hash_uf,2,121378,29578,0.0772,0.2907,0.0748,0.2202,0.0259,0.6586,0
38,gpu_hash_uf,3,121378,29578,0.0793,0.2555,0.0481,0.2202,0.0305,0.6049,0
38,gpu_hash_uf,4,121378,29578,0.0771,0.2666,0.0481,0.2202,0.0372,0.6231,0
38,gpu_hash_prop,0,121378,29578,0.0878,2.1954,0.1208,10.7766,0.1056,12.2167,112
38,gpu_hash_prop,1,121378,29578,0.0793,1.3418,0.0451,12.5788,0.1046,13.0133,112
38,gpu_hash_prop,2,121378,29578,0.0801,0.4379,0.0900,14.3688,0.0901,13.8547,112
38,gpu_hash_prop,3,121378,29578,0.0806,0.4273,0.0450,14.1640,0.1146,13.6407,112
38,gpu_hash_prop,4,121378,29578,0.0766,0.3755,0.0932,9.0634,0.0221,8.8643,112
39,cpu_t1,0,121535,29707,0,3.7209,1.2896,0.1301,0,5.1405,0
39,cpu_t1,1,121535,29707,0,3.6842,1.3412,0.1203,0,5.1458,0
39,cpu_t1,2,121535,29707,0,3.6868,1.3555,0.1202,0,5.1624,0
39,cpu_t1,3,121535,29707,0,3.7006,1.3187,0.1267,0,5.1460,0
39,cpu_t1,4,121535,29707,0,3.7182,1.3495,0.1206,0,5.1883,0
39,cpu_t2,0,121535,29707,0,1.9599,0.7154,0.1665,0,2.8418,0
39,cpu_t2,1,121535,29707,0,2.1139,0.6650,0.1213,0,2.9002,0
39,cpu_t2,2,121535,29707,0,1.9030,0.7273,0.1398,0,2.7701,0
39,cpu_t2,3,121535,29707,0,1.8833,0.7011,0.1208,0,2.7051,0
39,cpu_t2,4,121535,29707,0,1.9141,0.6523,0.1230,0,2.6894,0
39,cpu_t4,0,121535,29707,0,1.2622,0.3427,0.1212,0,1.7262,0
39,cpu_t4,1,121535,29707,0,1.3214,0.4708,0.1832,0,1.9754,0
39,cpu_t4,2,121535,29707,0,1.4731,0.4574,0.1705,0,2.1010,0
39,cpu_t4,3,121535,29707,0,1.3924,0.4438,0.1686,0,2.0049,0
39,cpu_t4,4,121535,29707,0,1.4180,0.6952,0.1600,0,2.2731,0
39,cpu_t8,0,121535,29707,0,0.9694,0.3541,0.1541,0,1.4776,0
39,cpu_t8,1,121535,29707,0,0.9276,0.3444,0.1744,0,1.4464,0
39,cpu_t8,2,121535,29707,0,0.7949,0.1982,0.1471,0,1.1402,0
39,cpu_t8,3,121535,29707,0,0.7253,0.1873,0.1217,0,1.0343,0
39,cpu_t8,4,121535,29707,0,0.9080,0.3477,0.1553,0,1.4111,0
39,cpu_t16,0,121535,29707,0,0.6859,0.2000,0.1603,0,1.0462,0
39,cpu_t16,1,121535,29707,0,0.6751,0.2006,0.1597,0,1.0354,0
39,cpu_t16,2,121535,29707,0,0.6809,0.2002,0.1596,0,1.0407,0
39,cpu_t16,3,121535,29707,0,0.7407,0.2053,0.1621,0,1.1080,0
39,cpu_t16,4,121535,29707,0,0.6589,0.2092,0.1597,0,1.0278,0
39,gpu_thrust_uf,0,121535,29707,0.0793,1.8994,0.0451,0.2130,0.0354,2.1204,0
39,gpu_thrust_uf,1,121535,29707,0.0771,0.9312,0.0522,0.2120,0.0359,1.2300,0
39,gpu_thrust_uf,2,121535,29707,0.0861,2.7892,0.0696,0.2109,0.0354,2.9567,0
39,gpu_thrust_uf,3,121535,29707,0.0808,0.7928,0.0492,0.2109,0.0358,1.1034,0
39,gpu_thrust_uf,4,121535,29707,0.0761,0.7681,0.0870,0.2120,0.0314,1.1019,0
39,gpu_hash_uf,0,121535,29707,0.0770,0.2159,0.0451,0.2150,0.0313,0.5567,0
39,gpu_hash_uf,1,121535,29707,0.0770,0.2413,0.0451,0.2150,0.0308,0.5858,0
39,gpu_hash_uf,2,121535,29707,0.0770,0.2181,0.0451,0.2141,0.0297,0.5603,0
39,gpu_hash_uf,3,121535,29707,0.0760,0.2084,0.0502,0.2140,0.0290,0.5530,0
39,gpu_hash_uf,4,121535,29707,0.0771,0.2820,0.0532,0.2140,0.0300,0.6268,0
39,gpu_hash_prop,0,121535,29707,0.0773,0.2877,0.0768,6.5211,0.0277,6.4391,108
39,gpu_hash_prop,1,121535,29707,0.0759,0.2798,0.0727,11.6521,0.0308,11.1465,108
39,gpu_hash_prop,2,121535,29707,0.1373,1.0773,0.0458,13.9100,0.0897,14.0424,108
39,gpu_hash_prop,3,121535,29707,0.0771,0.4011,0.0911,13.6172,0.0832,13.1238,108
39,gpu_hash_prop,4,121535,29707,0.0996,0.4953,0.0460,11.4219,0.0912,12.5309,108
40,cpu_t1,0,121587,29718,0,3.7131,1.3523,0.1218,0,5.1871,0
40,cpu_t1,1,121587,29718,0,3.6886,1.3392,0.1211,0,5.1489,0
40,cpu_t1,2,121587,29718,0,3.6734,1.3356,0.1199,0,5.1289,0
40,cpu_t1,3,121587,29718,0,3.7894,1.2657,0.1414,0,5.1965,0
40,cpu_t1,4,121587,29718,0,3.7274,1.2339,0.1285,0,5.0898,0
40,cpu_t2,0,121587,29718,0,1.9097,0.6621,0.1459,0,2.7177,0
40,cpu_t2,1,121587,29718,0,2.1504,0.6855,0.1205,0,2.9564,0
40,cpu_t2,2,121587,29718,0,1.9728,0.6551,0.1651,0,2.7930,0
40,cpu_t2,3,121587,29718,0,1.9066,0.6477,0.1196,0,2.6740,0
40,cpu_t2,4,121587,29718,0,1.9245,0.6513,0.1227,0,2.6985,0
40,cpu_t4,0,121587,29718,0,1.1563,0.3384,0.1214,0,1.6161,0
40,cpu_t4,1,121587,29718,0,1.3279,0.6859,0.1666,0,2.1804,0
40,cpu_t4,2,121587,29718,0,1.4767,0.6617,0.1535,0,2.2920,0
40,cpu_t4,3,121587,29718,0,1.3971,0.6732,0.1624,0,2.2327,0
40,cpu_t4,4,121587,29718,0,1.5026,0.6886,0.1704,0,2.3616,0
40,cpu_t8,0,121587,29718,0,0.9104,0.3610,0.1239,0,1.3953,0
40,cpu_t8,1,121587,29718,0,0.8730,0.3328,0.1232,0,1.3290,0
40,cpu_t8,2,121587,29718,0,0.8864,0.3413,0.1224,0,1.3502,0
40,cpu_t8,3,121587,29718,0,0.9670,0.3392,0.1210,0,1.4272,0
40,cpu_t8,4,121587,29718,0,0.9199,0.3555,0.1560,0,1.4314,0
40,cpu_t16,0,121587,29718,0,0.6621,0.1805,0.1522,0,0.9948,0
40,cpu_t16,1,121587,29718,0,0.6622,0.1816,0.1503,0,0.9941,0
40,cpu_t16,2,121587,29718,0,1.2745,0.2516,0.1641,0,1.6902,0
40,cpu_t16,3,121587,29718,0,0.6812,0.1968,0.1614,0,1.0394,0
40,cpu_t16,4,121587,29718,0,0.6776,0.1896,0.1579,0,1.0252,0
40,gpu_thrust_uf,0,121587,29718,0.0831,2.0531,0.1719,0.3441,0.0268,2.5188,0
40,gpu_thrust_uf,1,121587,29718,0.0772,1.2528,0.0451,0.2335,0.0348,1.5381,0
40,gpu_thrust_uf,2,121587,29718,0.0844,2.4586,0.0492,0.2324,0.0297,2.6445,0
40,gpu_thrust_uf,3,121587,29718,0.0800,0.9276,0.0686,0.4250,0.0401,1.4566,0
40,gpu_thrust_uf,4,121587,29718,0.0771,0.9649,0.1065,0.2929,0.0283,1.3982,0
40,gpu_hash_uf,0,121587,29718,0.0776,0.6244,0.1137,0.3164,0.0256,1.1102,0
40,gpu_hash_uf,1,121587,29718,0.0773,0.6733,0.1884,0.2898,0.0261,1.2007,0
40,gpu_hash_uf,2,121587,29718,0.1084,0.1902,0.0481,0.2314,0.0248,0.5795,0
40,gpu_hash_uf,3,121587,29718,0.0771,0.2538,0.0522,0.2324,0.0312,0.6179,0
40,gpu_hash_uf,4,121587,29718,0.0798,0.2423,0.0768,0.2591,0.0266,0.6547,0
40,gpu_hash_prop,0,121587,29718,0.0776,0.2672,0.0543,7.3892,0.0318,7.2033,103
40,gpu_hash_prop,1,121587,29718,0.0773,0.2345,0.0461,11.0909,0.0266,10.5543,103
40,gpu_hash_prop,2,121587,29718,0.0870,0.2220,0.0727,9.7229,0.0229,9.3251,103
40,gpu_hash_prop,3,121587,29718,0.0776,0.2093,0.0492,5.7702,0.0455,5.6696,103
40,gpu_hash_prop,4,121587,29718,0.0770,0.2669,0.0676,9.5160,0.0295,9.1665,103
41,cpu_t1,0,121467,29516,0,3.7250,1.3281,0.1256,0,5.1787,0
41,cpu_t1,1,121467,29516,0,3.7168,1.3280,0.1215,0,5.1663,0
41,cpu_t1,2,121467,29516,0,3.7440,1.3634,0.1209,0,5.2284,0
41,cpu_t1,3,121467,29516,0,3.7433,1.2026,0.1481,0,5.0939,0
41,cpu_t1,4,121467,29516,0,3.6951,1.2306,0.1226,0,5.0483,0
41,cpu_t2,0,121467,29516,0,2.0350,0.6069,0.1233,0,2.7652,0
41,cpu_t2,1,121467,29516,0,2.2079,0.7950,0.1244,0,3.1273,0
41,cpu_t2,2,121467,29516,0,2.3091,0.6351,0.1225,0,3.0668,0
41,cpu_t2,3,121467,29516,0,1.9007,0.6521,0.1206,0,2.6735,0
41,cpu_t2,4,121467,29516,0,1.9096,0.6292,0.1223,0,2.6611,0
41,cpu_t4,0,121467,29516,0,1.3950,0.6617,0.1549,0,2.2117,0
41,cpu_t4,1,121467,29516,0,1.2372,0.3485,0.1331,0,1.7188,0
41,cpu_t4,2,121467,29516,0,1.0880,0.3411,0.1260,0,1.5551,0
41,cpu_t4,3,121467,29516,0,1.0924,0.3759,0.1205,0,1.5888,0
41,cpu_t4,4,121467,29516,0,1.0684,0.3342,0.1205,0,1.5231,0
41,cpu_t8,0,121467,29516,0,0.9698,0.3565,0.1294,0,1.4556,0
41,cpu_t8,1,121467,29516,0,0.7599,0.1806,0.1241,0,1.0646,0
41,cpu_t8,2,121467,29516,0,0.8899,0.3387,0.1588,0,1.3874,0
41,cpu_t8,3,121467,29516,0,0.9983,0.3266,0.1796,0,1.5045,0
41,cpu_t8,4,121467,29516,0,0.9625,0.3330,0.1842,0,1.4797,0
41,cpu_t16,0,121467,29516,0,0.6562,0.1874,0.1588,0,1.0024,0
41,cpu_t16,1,121467,29516,0,0.9370,0.3120,0.1623,0,1.4113,0
41,cpu_t16,2,121467,29516,0,1.5437,0.3837,0.1704,0,2.0978,0
41,cpu_t16,3,121467,29516,0,1.3263,0.3037,0.1638,0,1.7938,0
41,cpu_t16,4,121467,29516,0,1.3193,0.3805,0.1656,0,1.8654,0
41,gpu_thrust_uf,0,121467,29516,0.0988,0.8346,0.0522,0.1157,0.0299,1.0737,0
41,gpu_thrust_uf,1,121467,29516,0.0763,0.7496,0.0369,0.1158,0.0293,0.9535,0
41,gpu_thrust_uf,2,121467,29516,0.1029,1.1696,0.1587,0.2335,0.1108,1.6638,0
41,gpu_thrust_uf,3,121467,29516,0.0780,1.1727,0.0584,0.1157,0.0179,1.3507,0
41,gpu_thrust_uf,4,121467,29516,0.0784,0.8194,0.0573,0.1158,0.0250,1.0387,0
41,gpu_hash_uf,0,121467,29516,0.0855,0.7712,0.0358,0.1167,0.0366,1.0092,0
41,gpu_hash_uf,1,121467,29516,0.0792,0.2965,0.0358,0.1546,0.0193,0.5676,0
41,gpu_hash_uf,2,121467,29516,0.0763,0.2633,0.0647,0.1616,0.0288,0.5688,0
41,gpu_hash_uf,3,121467,29516,0.0763,0.4935,0.0307,0.1157,0.0259,0.7038,0
41,gpu_hash_uf,4,121467,29516,0.0918,1.3212,0.0359,0.1166,0.0324,1.4901,0
41,gpu_hash_prop,0,121467,29516,0.0795,0.2974,0.0420,6.6540,0.0236,6.5294,99
41,gpu_hash_prop,1,121467,29516,0.1008,0.2729,0.0573,8.1357,0.0510,7.9326,99
41,gpu_hash_prop,2,121467,29516,0.0981,0.5334,0.0666,12.3320,0.0921,12.0989,99
41,gpu_hash_prop,3,121467,29516,0.0764,0.4888,0.0884,10.3975,0.1108,10.2670,99
41,gpu_hash_prop,4,121467,29516,0.0961,0.3467,0.2847,11.3666,0.1366,11.2530,99
42,cpu_t1,0,121387,29455,0,3.6830,1.3264,0.1419,0,5.1513,0
42,cpu_t1,1,121387,29455,0,4.3146,1.7094,0.1661,0,6.1901,0
42,cpu_t1,2,121387,29455,0,3.6941,1.3455,0.1372,0,5.1769,0
42,cpu_t1,3,121387,29455,0,3.6738,1.6020,0.1628,0,5.4386,0
42,cpu_t1,4,121387,29455,0,3.8135,1.2885,0.1300,0,5.2319,0
42,cpu_t2,0,121387,29455,0,1.9247,0.6717,0.1342,0,2.7307,0
42,cpu_t2,1,121387,29455,0,1.9237,0.7486,0.1382,0,2.8104,0
42,cpu_t2,2,121387,29455,0,2.3860,0.6522,0.1346,0,3.1728,0
42,cpu_t2,3,121387,29455,0,2.3222,0.6690,0.1295,0,3.1207,0
42,cpu_t2,4,121387,29455,0,1.8961,0.6970,0.1410,0,2.7341,0
42,cpu_t4,0,121387,29455,0,1.1062,0.3727,0.1631,0,1.6420,0
42,cpu_t4,1,121387,29455,0,1.0877,0.3409,0.1298,0,1.5583,0
42,cpu_t4,2,121387,29455,0,1.3454,0.6954,0.1870,0,2.2277,0
42,cpu_t4,3,121387,29455,0,1.4033,0.6904,0.1604,0,2.2541,0
42,cpu_t4,4,121387,29455,0,1.3916,0.7517,0.1404,0,2.2836,0
42,cpu_t8,0,121387,29455,0,0.9517,0.3567,0.1710,0,1.4794,0
42,cpu_t8,1,121387,29455,0,0.9574,0.3583,0.1944,0,1.5101,0
42,cpu_t8,2,121387,29455,0,0.9610,0.3513,0.1710,0,1.4833,0
42,cpu_t8,3,121387,29455,0,0.9984,0.4158,0.1745,0,1.5887,0
42,cpu_t8,4,121387,29455,0,0.9762,0.3610,0.1928,0,1.5300,0
42,cpu_t16,0,121387,29455,0,1.2105,0.3722,0.1767,0,1.7595,0
42,cpu_t16,1,121387,29455,0,1.2793,0.3501,0.1741,0,1.8035,0
42,cpu_t16,2,121387,29455,0,0.8405,0.2357,0.1639,0,1.2401,0
42,cpu_t16,3,121387,29455,0,0.6846,0.2012,0.1711,0,1.0569,0
42,cpu_t16,4,121387,29455,0,0.6704,0.3026,0.1820,0,1.1550,0
42,gpu_thrust_uf,0,121387,29455,0.0818,1.3388,0.0369,0.1044,0.0291,1.4922,0
42,gpu_thrust_uf,1,121387,29455,0.0778,0.9629,0.0840,0.2109,0.1018,1.3748,0
42,gpu_thrust_uf,2,121387,29455,0.1425,1.4029,0.0358,0.1065,0.0237,1.5978,0
42,gpu_thrust_uf,3,121387,29455,0.0807,0.7406,0.0358,0.1055,0.0253,0.9367,0
42,gpu_thrust_uf,4,121387,29455,0.0762,0.8255,0.0348,0.1055,0.0231,1.0023,0
42,gpu_hash_uf,0,121387,29455,0.0754,1.2420,0.0317,0.1044,0.0252,1.3853,0
42,gpu_hash_uf,1,121387,29455,0.0985,0.5444,0.0307,0.1055,0.0207,0.7594,0
42,gpu_hash_uf,2,121387,29455,0.1122,0.8512,0.0317,0.1444,0.0198,1.0887,0
42,gpu_hash_uf,3,121387,29455,0.0810,0.2618,0.0799,0.1403,0.0204,0.5597,0
42,gpu_hash_uf,4,121387,29455,0.0791,0.2530,0.0359,0.1044,0.0207,0.4758,0
42,gpu_hash_prop,0,121387,29455,0.0805,0.2126,0.0338,9.1863,0.0511,8.7986,100
42,gpu_hash_prop,1,121387,29455,0.1012,0.2308,0.0593,6.0078,0.0301,5.9246,100
42,gpu_hash_prop,2,121387,29455,0.0799,0.2366,0.0355,9.3553,0.0257,8.9501,100
42,gpu_hash_prop,3,121387,29455,0.0766,0.2566,0.0819,6.0129,0.0439,5.9579,100
42,gpu_hash_prop,4,121387,29455,0.0788,0.1979,0.0358,9.5017,0.0255,9.0543,100
43,cpu_t1,0,121230,29463,0,4.1495,1.3253,0.1236,0,5.5985,0
43,cpu_t1,1,121230,29463,0,3.8258,1.3329,0.1252,0,5.2839,0
43,cpu_t1,2,121230,29463,0,4.2136,1.5532,0.1279,0,5.8946,0
43,cpu_t1,3,121230,29463,0,3.7181,1.3098,0.1223,0,5.1503,0
43,cpu_t1,4,121230,29463,0,3.7113,1.4316,0.1529,0,5.2958,0
43,cpu_t2,0,121230,29463,0,1.9134,0.6818,0.1253,0,2.7205,0
43,cpu_t2,1,121230,29463,0,2.1173,0.6646,0.1222,0,2.9040,0
43,cpu_t2,2,121230,29463,0,1.9383,0.6760,0.1237,0,2.7380,0
43,cpu_t2,3,121230,29463,0,1.8960,0.6808,0.1251,0,2.7019,0
43,cpu_t2,4,121230,29463,0,2.3600,0.6665,0.1231,0,3.1496,0
43,cpu_t4,0,121230,29463,0,1.3401,0.3240,0.1224,0,1.7864,0
43,cpu_t4,1,121230,29463,0,1.1020,0.3508,0.1487,0,1.6015,0
43,cpu_t4,2,121230,29463,0,1.3349,0.3622,0.1361,0,1.8332,0
43,cpu_t4,3,121230,29463,0,1.0800,0.3358,0.1225,0,1.5383,0
43,cpu_t4,4,121230,29463,0,1.3215,0.3626,0.1223,0,1.8063,0
43,cpu_t8,0,121230,29463,0,0.8781,0.3235,0.2272,0,1.4288,0
43,cpu_t8,1,121230,29463,0,0.9166,0.3423,0.1253,0,1.3842,0
43,cpu_t8,2,121230,29463,0,0.8806,0.3408,0.1232,0,1.3446,0
43,cpu_t8,3,121230,29463,0,0.9095,0.4304,0.1623,0,1.5022,0
43,cpu_t8,4,121230,29463,0,0.9473,0.3644,0.1261,0,1.4378,0
43,cpu_t16,0,121230,29463,0,0.6567,0.1914,0.1667,0,1.0149,0
43,cpu_t16,1,121230,29463,0,1.7660,0.3398,0.1749,0,2.2807,0
43,cpu_t16,2,121230,29463,0,1.2612,0.3752,0.1758,0,1.8122,0
43,cpu_t16,3,121230,29463,0,1.3351,0.3538,0.1738,0,1.8626,0
43,cpu_t16,4,121230,29463,0,1.2174,0.3732,0.1585,0,1.7491,0
43,gpu_thrust_uf,0,121230,29463,0.0870,0.8624,0.0369,0.1116,0.0269,1.0674,0
43,gpu_thrust_uf,1,121230,29463,0.0761,0.7457,0.0614,0.1404,0.0195,0.9853,0
43,gpu_thrust_uf,2,121230,29463,0.0782,0.8984,0.0848,0.2949,0.1594,1.4494,0
43,gpu_thrust_uf,3,121230,29463,0.0783,0.7999,0.0676,0.1249,0.0177,1.0274,0
43,gpu_thrust_uf,4,121230,29463,0.0765,1.3791,0.0308,0.1432,0.0371,1.5535,0
43,gpu_hash_uf,0,121230,29463,0.0795,0.6802,1.0394,0.1434,0.0203,1.8628,0
43,gpu_hash_uf,1,121230,29463,0.1936,1.1430,0.0932,0.1977,0.1478,1.6633,0
43,gpu_hash_uf,2,121230,29463,0.0778,0.4391,0.0809,0.1413,0.0188,0.7234,0
43,gpu_hash_uf,3,121230,29463,0.0761,0.2772,0.0398,0.1382,0.0204,0.5294,0
43,gpu_hash_uf,4,121230,29463,0.0781,0.2395,0.0891,0.1321,0.0279,0.5443,0
43,gpu_hash_prop,0,121230,29463,0.0764,0.5714,0.0297,21.7303,0.0913,20.6736,200
43,gpu_hash_prop,1,121230,29463,0.0788,0.4317,0.0335,24.4787,0.0930,23.1092,200
43,gpu_hash_prop,2,121230,29463,0.0875,0.5466,0.0327,21.6148,0.1205,20.5869,200
43,gpu_hash_prop,3,121230,29463,0.0765,0.4736,0.0334,15.0231,0.0406,14.3862,200
43,gpu_hash_prop,4,121230,29463,0.1000,0.2747,0.0307,10.2103,0.0212,9.7868,200
44,cpu_t1,0,121149,29480,0,3.7146,1.2409,0.1219,0,5.0773,0
44,cpu_t1,1,121149,29480,0,3.6861,1.2421,0.1210,0,5.0491,0
44,cpu_t1,2,121149,29480,0,3.7312,1.3656,0.1253,0,5.2220,0
44,cpu_t1,3,121149,29480,0,3.7076,1.3048,0.1210,0,5.1334,0
44,cpu_t1,4,121149,29480,0,3.6646,1.2769,0.1221,0,5.0636,0
44,cpu_t2,0,121149,29480,0,2.0965,0.6829,0.1212,0,2.9006,0
44,cpu_t2,1,121149,29480,0,1.9151,0.6928,0.1201,0,2.7280,0
44,cpu_t2,2,121149,29480,0,1.8815,0.6509,0.1250,0,2.6574,0
44,cpu_t2,3,121149,29480,0,1.9024,0.6264,0.1210,0,2.6498,0
44,cpu_t2,4,121149,29480,0,1.8693,0.6943,0.1312,0,2.6947,0
44,cpu_t4,0,121149,29480,0,1.2480,0.7432,0.1597,0,2.1509,0
44,cpu_t4,1,121149,29480,0,1.2430,0.3369,0.1202,0,1.7001,0
44,cpu_t4,2,121149,29480,0,1.3187,0.3797,0.1257,0,1.8241,0
44,cpu_t4,3,121149,29480,0,1.1141,0.3380,0.1195,0,1.5717,0
44,cpu_t4,4,121149,29480,0,1.1168,0.3346,0.1357,0,1.5871,0
44,cpu_t8,0,121149,29480,0,0.8888,0.3523,0.1224,0,1.3635,0
44,cpu_t8,1,121149,29480,0,0.8583,0.3560,0.1215,0,1.3358,0
44,cpu_t8,2,121149,29480,0,0.8939,0.3710,0.1207,0,1.3856,0
44,cpu_t8,3,121149,29480,0,1.0877,0.6955,0.1620,0,1.9452,0
44,cpu_t8,4,121149,29480,0,0.9559,0.3867,0.1854,0,1.5280,0
44,cpu_t16,0,121149,29480,0,0.7766,0.4877,0.1661,0,1.4304,0
44,cpu_t16,1,121149,29480,0,1.2493,0.3019,0.1643,0,1.7155,0
44,cpu_t16,2,121149,29480,0,1.2844,0.3931,0.1639,0,1.8414,0
44,cpu_t16,3,121149,29480,0,1.2424,0.3913,0.1643,0,1.7981,0
44,cpu_t16,4,121149,29480,0,1.3053,0.4542,0.2023,0,1.9618,0
44,gpu_thrust_uf,0,121149,29480,0.0872,0.9371,0.0707,0.1905,0.0426,1.2512,0
44,gpu_thrust_uf,1,121149,29480,0.0812,0.6931,0.0481,0.1220,0.0271,0.9258,0
44,gpu_thrust_uf,2,121149,29480,0.0773,0.7592,0.0602,0.1618,0.0287,1.0255,0
44,gpu_thrust_uf,3,121149,29480,0.0761,0.7468,0.0625,0.1628,0.0273,1.0098,0
44,gpu_thrust_uf,4,121149,29480,0.0764,0.7730,0.0840,0.1791,0.0415,1.0850,0
44,gpu_hash_uf,0,121149,29480,0.0765,0.2680,0.0334,0.1229,0.0204,0.4990,0
44,gpu_hash_uf,1,121149,29480,0.0799,0.2478,0.0594,0.1618,0.0323,0.5652,0
44,gpu_hash_uf,2,121149,29480,0.0789,0.2104,0.0328,0.1229,0.0270,0.4578,0
44,gpu_hash_uf,3,121149,29480,0.0898,1.3494,0.0307,0.1464,0.0372,1.5408,0
44,gpu_hash_uf,4,121149,29480,0.0877,0.9473,0.0364,0.1455,0.0192,1.1830,0
44,gpu_hash_prop,0,121149,29480,0.0775,0.2703,0.0369,6.9519,0.0209,6.7795,103
44,gpu_hash_prop,1,121149,29480,0.0813,0.3122,0.0409,8.3283,0.0451,8.1272,103
44,gpu_hash_prop,2,121149,29480,0.0795,0.2536,0.0625,6.7564,0.0487,6.6312,103
44,gpu_hash_prop,3,121149,29480,0.0796,0.1961,0.0358,7.7855,0.0176,7.4723,103
44,gpu_hash_prop,4,121149,29480,0.0779,0.1884,0.0328,6.7492,0.0215,6.5067,103
45,cpu_t1,0,121226,29592,0,3.7474,1.3404,0.1303,0,5.2181,0
45,cpu_t1,1,121226,29592,0,3.7397,1.3432,0.1289,0,5.2118,0
45,cpu_t1,2,121226,29592,0,3.7157,1.3150,0.1291,0,5.1598,0
45,cpu_t1,3,121226,29592,0,3.7558,1.3736,0.1322,0,5.2615,0
45,cpu_t1,4,121226,29592,0,3.7449,1.2712,0.1282,0,5.1443,0
45,cpu_t2,0,121226,29592,0,1.8919,0.7279,0.1289,0,2.7487,0
45,cpu_t2,1,121226,29592,0,2.4362,0.6689,0.1290,0,3.2341,0
45,cpu_t2,2,121226,29592,0,1.9463,0.6495,0.1314,0,2.7272,0
45,cpu_t2,3,121226,29592,0,1.9394,0.6444,0.1285,0,2.7123,0
45,cpu_t2,4,121226,29592,0,1.9270,0.6468,0.1278,0,2.7016,0
45,cpu_t4,0,121226,29592,0,1.0957,0.3449,0.1285,0,1.5691,0
45,cpu_t4,1,121226,29592,0,1.0808,0.4150,0.1316,0,1.6274,0
45,cpu_t4,2,121226,29592,0,1.3768,0.5643,0.1330,0,2.0742,0
45,cpu_t4,3,121226,29592,0,1.0917,0.3326,0.1295,0,1.5538,0
45,cpu_t4,4,121226,29592,0,1.1376,0.3338,0.1300,0,1.6015,0
45,cpu_t8,0,121226,29592,0,0.7435,0.2194,0.1313,0,1.0942,0
45,cpu_t8,1,121226,29592,0,0.7660,0.2028,0.1430,0,1.1118,0
45,cpu_t8,2,121226,29592,0,0.7442,0.1760,0.1297,0,1.0500,0
45,cpu_t8,3,121226,29592,0,0.7425,0.1878,0.1292,0,1.0595,0
45,cpu_t8,4,121226,29592,0,0.7306,0.1809,0.1293,0,1.0408,0
45,cpu_t16,0,121226,29592,0,1.2414,0.3661,0.1658,0,1.7734,0
45,cpu_t16,1,121226,29592,0,1.2341,0.4181,0.1649,0,1.8170,0
45,cpu_t16,2,121226,29592,0,1.2656,0.2017,0.1662,0,1.6335,0
45,cpu_t16,3,121226,29592,0,0.6496,0.1906,0.1672,0,1.0075,0
45,cpu_t16,4,121226,29592,0,0.7585,0.1892,0.1782,0,1.1259,0
45,gpu_thrust_uf,0,121226,29592,0.0762,0.9984,0.0376,0.1290,0.0371,1.2077,0
45,gpu_thrust_uf,1,121226,29592,0.0857,0.7368,0.0358,0.1250,0.0698,1.0029,0
45,gpu_thrust_uf,2,121226,29592,0.0808,0.7401,0.0614,0.1690,0.0196,1.0128,0
45,gpu_thrust_uf,3,121226,29592,0.0933,0.6938,0.0358,0.3850,0.0215,1.1530,0
45,gpu_thrust_uf,4,121226,29592,0.0784,0.8948,0.0481,0.1260,0.0194,1.0949,0
45,gpu_hash_uf,0,121226,29592,0.0787,0.2220,0.0666,0.1249,0.0192,0.4899,0
45,gpu_hash_uf,1,121226,29592,0.0792,0.5091,0.0307,0.1260,0.0230,0.7291,0
45,gpu_hash_uf,2,121226,29592,0.0890,1.8301,0.0358,0.1252,0.0239,1.9507,0
45,gpu_hash_uf,3,121226,29592,0.1027,0.3016,0.0915,0.1942,0.0192,0.6752,0
45,gpu_hash_uf,4,121226,29592,0.0844,0.2561,0.0635,0.1700,0.0188,0.5709,0
45,gpu_hash_prop,0,121226,29592,0.0779,1.0319,0.0349,10.9352,0.0290,11.1374,190
45,gpu_hash_prop,1,121226,29592,0.0763,0.5649,0.0299,13.7736,0.0283,13.3036,190
45,gpu_hash_prop,2,121226,29592,0.0764,0.1910,0.0369,13.7464,0.0447,12.9552,190
45,gpu_hash_prop,3,121226,29592,0.0765,0.1895,0.0328,13.3417,0.0194,12.5606,190
45,gpu_hash_prop,4,121226,29592,0.0764,0.1825,0.0399,13.8271,0.0192,13.0036,190
46,cpu_t1,0,121463,29593,0,3.7508,1.2924,0.1259,0,5.1692,0
46,cpu_t1,1,121463,29593,0,3.6967,1.3185,0.1245,0,5.1396,0
46,cpu_t1,2,121463,29593,0,3.7387,1.2753,0.1355,0,5.1495,0
46,cpu_t1,3,121463,29593,0,3.7465,1.2939,0.1262,0,5.1666,0
46,cpu_t1,4,121463,29593,0,3.7256,1.2868,0.1246,0,5.1370,0
46,cpu_t2,0,121463,29593,0,1.9033,0.6925,0.1367,0,2.7325,0
46,cpu_t2,1,121463,29593,0,2.0170,0.6718,0.1249,0,2.8136,0
46,cpu_t2,2,121463,29593,0,1.9106,0.6725,0.1353,0,2.7183,0
46,cpu_t2,3,121463,29593,0,1.8960,0.7714,0.1247,0,2.7921,0
46,cpu_t2,4,121463,29593,0,1.8974,0.8093,0.1848,0,2.8916,0
46,cpu_t4,0,121463,29593,0,1.2803,0.4476,0.1309,0,1.8587,0
46,cpu_t4,1,121463,29593,0,1.2977,0.4321,0.1302,0,1.8600,0
46,cpu_t4,2,121463,29593,0,1.1889,0.3520,0.1258,0,1.6667,0
46,cpu_t4,3,121463,29593,0,1.1292,0.4062,0.1244,0,1.6599,0
46,cpu_t4,4,121463,29593,0,1.1392,0.3625,0.1243,0,1.6260,0
46,cpu_t8,0,121463,29593,0,0.9306,0.3568,0.1281,0,1.4155,0
46,cpu_t8,1,121463,29593,0,0.8825,0.3684,0.1267,0,1.3776,0
46,cpu_t8,2,121463,29593,0,0.8828,0.3444,0.1420,0,1.3691,0
46,cpu_t8,3,121463,29593,0,0.8736,0.3654,0.1262,0,1.3651,0
46,cpu_t8,4,121463,29593,0,0.8914,0.3655,0.1260,0,1.3829,0
46,cpu_t16,0,121463,29593,0,0.7264,0.2024,0.1611,0,1.0899,0
46,cpu_t16,1,121463,29593,0,0.6695,0.1905,0.1620,0,1.0221,0
46,cpu_t16,2,121463,29593,0,0.6629,0.1936,0.1604,0,1.0169,0
46,cpu_t16,3,121463,29593,0,0.6714,0.1980,0.1545,0,1.0238,0
46,cpu_t16,4,121463,29593,0,0.6642,0.1983,0.1620,0,1.0245,0
46,gpu_thrust_uf,0,121463,29593,0.0810,1.0397,0.0358,0.1096,0.0365,1.2282,0
46,gpu_thrust_uf,1,121463,29593,0.0817,0.7019,0.0369,0.1077,0.0287,0.9108,0
46,gpu_thrust_uf,2,121463,29593,0.0823,0.9330,0.0307,0.1096,0.0290,1.1113,0
46,gpu_thrust_uf,3,121463,29593,0.0810,1.6284,0.0307,0.1085,0.0282,1.7537,0
46,gpu_thrust_uf,4,121463,29593,0.0837,1.2489,0.0529,0.1157,0.0211,1.4216,0
46,gpu_hash_uf,0,121463,29593,0.0784,0.2011,0.0462,0.1125,0.0187,0.4427,0
46,gpu_hash_uf,1,121463,29593,0.0787,0.2175,0.0358,0.1116,0.0190,0.4472,0
46,gpu_hash_uf,2,121463,29593,0.0792,0.2255,0.0358,0.1085,0.0174,0.4503,0
46,gpu_hash_uf,3,121463,29593,0.0794,0.1833,0.0410,0.1075,0.0278,0.4229,0
46,gpu_hash_uf,4,121463,29593,0.0792,0.1991,0.0399,0.1075,0.0181,0.4293,0
46,gpu_hash_prop,0,121463,29593,0.0798,0.2202,0.0338,7.2192,0.0303,6.9844,112
46,gpu_hash_prop,1,121463,29593,0.0764,0.1892,0.0358,11.4391,0.0189,10.8103,112
46,gpu_hash_prop,2,121463,29593,0.0767,0.2528,0.0788,5.7375,0.0348,5.6920,112
46,gpu_hash_prop,3,121463,29593,0.0796,0.1940,0.0543,9.6307,0.0457,9.2042,112
46,gpu_hash_prop,4,121463,29593,0.0794,0.2501,0.0606,6.3323,0.0336,6.2228,112
47,cpu_t1,0,121505,29350,0,3.7368,1.3918,0.1779,0,5.3065,0
47,cpu_t1,1,121505,29350,0,3.7481,1.2761,0.1257,0,5.1498,0
47,cpu_t1,2,121505,29350,0,3.7043,1.2741,0.1254,0,5.1037,0
47,cpu_t1,3,121505,29350,0,3.7082,1.3158,0.1252,0,5.1492,0
47,cpu_t1,4,121505,29350,0,3.7576,1.2442,0.1291,0,5.1309,0
47,cpu_t2,0,121505,29350,0,1.9289,0.6441,0.1259,0,2.6990,0
47,cpu_t2,1,121505,29350,0,1.8973,0.9183,0.1244,0,2.9400,0
47,cpu_t2,2,121505,29350,0,1.9622,0.6474,0.1269,0,2.7365,0
47,cpu_t2,3,121505,29350,0,1.9575,0.6441,0.1373,0,2.7390,0
47,cpu_t2,4,121505,29350,0,1.9393,0.6652,0.1271,0,2.7316,0
47,cpu_t4,0,121505,29350,0,1.1021,0.3635,0.1480,0,1.6137,0
47,cpu_t4,1,121505,29350,0,1.1112,0.3374,0.1246,0,1.5732,0
47,cpu_t4,2,121505,29350,0,1.0736,0.3577,0.1256,0,1.5569,0
47,cpu_t4,3,121505,29350,0,1.1997,0.6874,0.1578,0,2.0449,0
47,cpu_t4,4,121505,29350,0,1.2950,0.3582,0.1252,0,1.7784,0
47,cpu_t8,0,121505,29350,0,0.9559,0.3751,0.1252,0,1.4561,0
47,cpu_t8,1,121505,29350,0,0.9075,0.3733,0.1249,0,1.4056,0
47,cpu_t8,2,121505,29350,0,0.9135,0.3474,0.1252,0,1.3861,0
47,cpu_t8,3,121505,29350,0,0.9026,0.3596,0.1251,0,1.3872,0
47,cpu_t8,4,121505,29350,0,0.8693,0.3500,0.1380,0,1.3573,0
47,cpu_t16,0,121505,29350,0,1.2136,0.3905,0.1765,0,1.7807,0
47,cpu_t16,1,121505,29350,0,1.3012,0.3843,0.1667,0,1.8522,0
47,cpu_t16,2,121505,29350,0,1.2670,0.3838,0.1518,0,1.8026,0
47,cpu_t16,3,121505,29350,0,1.2666,0.3826,0.1696,0,1.8188,0
47,cpu_t16,4,121505,29350,0,1.1985,0.2886,0.1674,0,1.6545,0
47,gpu_thrust_uf,0,121505,29350,0.1287,0.9535,0.0324,0.1147,0.0308,1.1916,0
47,gpu_thrust_uf,1,121505,29350,0.0778,1.5248,0.0358,0.1159,0.0268,1.6589,0
47,gpu_thrust_uf,2,121505,29350,0.0800,0.8411,0.0922,0.1731,0.1149,1.2174,0
47,gpu_thrust_uf,3,121505,29350,0.0778,0.9043,1.0314,0.1165,0.0229,2.0049,0
47,gpu_thrust_uf,4,121505,29350,0.0813,1.1525,0.0614,0.1444,0.0224,1.3823,0
47,gpu_hash_uf,0,121505,29350,0.0778,0.2838,0.0952,0.1393,0.0394,0.6056,0
47,gpu_hash_uf,1,121505,29350,0.1138,0.3242,0.0356,0.1147,0.0192,0.5921,0
47,gpu_hash_uf,2,121505,29350,0.0765,0.2381,0.0399,0.1147,0.0310,0.4820,0
47,gpu_hash_uf,3,121505,29350,0.0778,0.2472,0.0840,0.1300,0.0227,0.5412,0
47,gpu_hash_uf,4,121505,29350,0.0765,0.2560,0.0596,0.1155,0.0189,0.5057,0
47,gpu_hash_prop,0,121505,29350,0.0780,0.1982,0.0317,6.0365,0.0205,5.8639,116
47,gpu_hash_prop,1,121505,29350,0.0776,0.2486,0.0338,8.0671,0.0273,7.7809,116
47,gpu_hash_prop,2,121505,29350,0.0815,0.2168,0.0358,8.1513,0.0272,7.8390,116
47,gpu_hash_prop,3,121505,29350,0.0809,0.2652,0.0584,9.7178,0.0206,9.3320,116
47,gpu_hash_prop,4,121505,29350,0.1006,0.2485,0.0604,6.9673,0.0254,6.8168,116
48,cpu_t1,0,121607,29268,0,3.7443,1.2752,0.1198,0,5.1392,0
48,cpu_t1,1,121607,29268,0,4.1390,1.5625,0.1503,0,5.8518,0
48,cpu_t1,2,121607,29268,0,3.7617,1.2672,0.1189,0,5.1479,0
48,cpu_t1,3,121607,29268,0,3.9208,1.3606,0.2456,0,5.5270,0
48,cpu_t1,4,121607,29268,0,4.3789,1.3367,0.1201,0,5.8357,0
48,cpu_t2,0,121607,29268,0,2.5424,0.7545,0.1648,0,3.4617,0
48,cpu_t2,1,121607,29268,0,2.4478,1.3015,0.1544,0,3.9038,0
48,cpu_t2,2,121607,29268,0,2.1039,0.6217,0.1194,0,2.8450,0
48,cpu_t2,3,121607,29268,0,2.1309,0.6664,0.1189,0,2.9162,0
48,cpu_t2,4,121607,29268,0,1.9979,0.6576,0.1206,0,2.7762,0
48,cpu_t4,0,121607,29268,0,1.1188,0.3414,0.1205,0,1.5808,0
48,cpu_t4,1,121607,29268,0,1.1545,0.3346,0.1177,0,1.6068,0
48,cpu_t4,2,121607,29268,0,1.1168,0.3799,0.1179,0,1.6146,0
48,cpu_t4,3,121607,29268,0,1.1409,0.5143,0.1521,0,1.8074,0
48,cpu_t4,4,121607,29268,0,1.4259,0.6868,0.1524,0,2.2652,0
48,cpu_t8,0,121607,29268,0,0.9589,0.3353,0.1543,0,1.4485,0
48,cpu_t8,1,121607,29268,0,0.9649,0.3622,0.1571,0,1.4843,0
48,cpu_t8,2,121607,29268,0,0.9844,0.3316,0.1573,0,1.4733,0
48,cpu_t8,3,121607,29268,0,0.9521,0.3376,0.1525,0,1.4422,0
48,cpu_t8,4,121607,29268,0,0.9475,0.3557,0.1615,0,1.4646,0
48,cpu_t16,0,121607,29268,0,1.2281,0.4037,0.1527,0,1.7846,0
48,cpu_t16,1,121607,29268,0,1.0035,0.1862,0.1479,0,1.3376,0
48,cpu_t16,2,121607,29268,0,1.0451,0.3194,0.1486,0,1.5131,0
48,cpu_t16,3,121607,29268,0,1.2471,0.4095,0.1566,0,1.8132,0
48,cpu_t16,4,121607,29268,0,1.3720,0.3251,0.1550,0,1.8522,0
48,gpu_thrust_uf,0,121607,29268,0.1047,1.2070,0.0336,0.1270,0.0364,1.4178,0
48,gpu_thrust_uf,1,121607,29268,0.0755,0.8771,0.0358,0.1178,0.0195,1.0582,0
48,gpu_thrust_uf,2,121607,29268,0.0823,1.6154,0.0307,0.1188,0.0266,1.7497,0
48,gpu_thrust_uf,3,121607,29268,0.0805,1.3299,0.0440,0.1239,0.0220,1.4891,0
48,gpu_thrust_uf,4,121607,29268,0.0768,0.7411,0.0604,0.1587,0.0187,0.9908,0
48,gpu_hash_uf,0,121607,29268,0.0960,0.2699,0.0785,0.1178,0.0279,0.5666,0
48,gpu_hash_uf,1,121607,29268,0.0767,0.2533,0.0840,0.1178,0.0189,0.5276,0
48,gpu_hash_uf,2,121607,29268,0.0763,0.1834,0.0358,0.1167,0.0199,0.4184,0
48,gpu_hash_uf,3,121607,29268,0.0791,0.2795,0.0358,0.1167,0.0204,0.5113,0
48,gpu_hash_uf,4,121607,29268,0.0796,0.2028,0.0492,0.1178,0.0331,0.4636,0
48,gpu_hash_prop,0,121607,29268,0.0792,0.4613,0.0337,8.1152,0.0281,8.0221,120
48,gpu_hash_prop,1,121607,29268,0.0803,0.2154,0.0389,7.5878,0.0248,7.3148,120
48,gpu_hash_prop,2,121607,29268,0.0799,0.3691,0.0328,8.5094,0.0448,8.3142,120
48,gpu_hash_prop,3,121607,29268,0.0769,0.2729,0.0788,9.6522,0.0668,9.3532,120
48,gpu_hash_prop,4,121607,29268,0.0964,0.6101,0.0580,6.7410,0.0196,6.9337,120
49,cpu_t1,0,121875,29357,0,3.7945,1.4262,0.1607,0,5.3814,0
49,cpu_t1,1,121875,29357,0,4.0766,1.2587,0.1246,0,5.4600,0
49,cpu_t1,2,121875,29357,0,3.6994,1.2838,0.1240,0,5.1071,0
49,cpu_t1,3,121875,29357,0,3.7360,1.3386,0.1343,0,5.2089,0
49,cpu_t1,4,121875,29357,0,3.7381,1.2646,0.1238,0,5.1265,0
49,cpu_t2,0,121875,29357,0,1.9726,0.6711,0.1335,0,2.7772,0
49,cpu_t2,1,121875,29357,0,1.9608,0.6496,0.1242,0,2.7346,0
49,cpu_t2,2,121875,29357,0,1.9314,1.1644,0.1259,0,3.2216,0
49,cpu_t2,3,121875,29357,0,1.9458,0.9140,0.1256,0,2.9854,0
49,cpu_t2,4,121875,29357,0,1.9910,0.6801,0.1241,0,2.7951,0
49,cpu_t4,0,121875,29357,0,1.1260,0.3412,0.1232,0,1.5903,0
49,cpu_t4,1,121875,29357,0,1.3110,0.4460,0.1242,0,1.8812,0
49,cpu_t4,2,121875,29357,0,1.4280,0.6770,0.1273,0,2.2323,0
49,cpu_t4,3,121875,29357,0,1.6769,0.6883,0.1282,0,2.4934,0
49,cpu_t4,4,121875,29357,0,1.3812,0.6646,0.1244,0,2.1702,0
49,cpu_t8,0,121875,29357,0,0.9078,0.3404,0.1234,0,1.3716,0
49,cpu_t8,1,121875,29357,0,0.8821,0.3484,0.1217,0,1.3523,0
49,cpu_t8,2,121875,29357,0,0.8915,0.3619,0.1227,0,1.3761,0
49,cpu_t8,3,121875,29357,0,0.9425,0.3541,0.1548,0,1.4514,0
49,cpu_t8,4,121875,29357,0,0.9138,0.3681,0.1649,0,1.4468,0
49,cpu_t16,0,121875,29357,0,0.6875,0.2429,0.1547,0,1.0851,0
49,cpu_t16,1,121875,29357,0,0.6433,0.2671,0.1678,0,1.0782,0
49,cpu_t16,2,121875,29357,0,0.6915,0.1949,0.1651,0,1.0515,0
49,cpu_t16,3,121875,29357,0,0.6604,0.2035,0.1682,0,1.0321,0
49,cpu_t16,4,121875,29357,0,0.7299,0.1850,0.1570,0,1.0719,0
49,gpu_thrust_uf,0,121875,29357,0.0820,1.0942,0.0369,0.1260,0.0213,1.2827,0
49,gpu_thrust_uf,1,121875,29357,0.0784,0.7268,0.0328,0.1106,0.0192,0.9143,0
49,gpu_thrust_uf,2,121875,29357,0.0780,0.6783,0.0358,0.1106,0.0196,0.8713,0
49,gpu_thrust_uf,3,121875,29357,0.0780,0.6396,0.0379,0.1107,0.0270,0.8441,0
49,gpu_thrust_uf,4,121875,29357,0.0816,1.5869,0.0307,0.1116,0.0177,1.7088,0
49,gpu_hash_uf,0,121875,29357,0.1152,0.5901,0.0358,0.1577,0.0185,0.8568,0
49,gpu_hash_uf,1,121875,29357,0.0765,0.2037,0.0328,0.1106,0.0181,0.4280,0
49,gpu_hash_uf,2,121875,29357,0.0756,0.1692,0.0297,0.1116,0.0179,0.3966,0
49,gpu_hash_uf,3,121875,29357,0.0794,0.1892,0.0350,0.1115,0.0181,0.4194,0
49,gpu_hash_uf,4,121875,29357,0.0817,0.1731,0.0391,0.1114,0.0329,0.4365,0
49,gpu_hash_prop,0,121875,29357,0.1137,2.1175,0.0307,7.1813,0.0271,8.7302,125
49,gpu_hash_prop,1,121875,29357,0.0768,0.1884,0.0416,9.8580,0.0246,9.3737,125
49,gpu_hash_prop,2,121875,29357,0.0798,0.2501,0.0328,7.0328,0.0294,6.8337,125
49,gpu_hash_prop,3,121875,29357,0.0769,0.2636,0.0610,9.4300,0.0190,9.0644,125
49,gpu_hash_prop,4,121875,29357,0.0781,0.1979,0.0328,6.7533,0.0276,6.5244,125
50,cpu_t1,0,121799,29315,0,3.7907,1.2181,0.1344,0,5.1432,0
50,cpu_t1,1,121799,29315,0,4.6789,1.4333,0.1265,0,6.2387,0
50,cpu_t1,2,121799,29315,0,3.9880,1.2719,0.1250,0,5.3849,0
50,cpu_t1,3,121799,29315,0,3.7101,1.2498,0.1245,0,5.0845,0
50,cpu_t1,4,121799,29315,0,3.7653,1.2359,0.1247,0,5.1259,0
50,cpu_t2,0,121799,29315,0,1.9451,0.6401,0.1254,0,2.7106,0
50,cpu_t2,1,121799,29315,0,1.9683,0.7778,0.1496,0,2.8958,0
50,cpu_t2,2,121799,29315,0,2.4241,0.6343,0.1229,0,3.1814,0
50,cpu_t2,3,121799,29315,0,2.0417,0.6348,0.1247,0,2.8011,0
50,cpu_t2,4,121799,29315,0,1.9715,0.6495,0.1229,0,2.7439,0
50,cpu_t4,0,121799,29315,0,1.2917,0.3602,0.1246,0,1.7764,0
50,cpu_t4,1,121799,29315,0,1.0865,0.3315,0.1241,0,1.5421,0
50,cpu_t4,2,121799,29315,0,1.0975,0.3221,0.1241,0,1.5437,0
50,cpu_t4,3,121799,29315,0,1.5450,0.4593,0.1843,0,2.1886,0
50,cpu_t4,4,121799,29315,0,1.2099,0.3281,0.1235,0,1.6615,0
50,cpu_t8,0,121799,29315,0,0.7800,0.2228,0.1271,0,1.1299,0
50,cpu_t8,1,121799,29315,0,0.8149,0.2379,0.1240,0,1.1769,0
50,cpu_t8,2,121799,29315,0,0.8887,0.3230,0.1239,0,1.3357,0
50,cpu_t8,3,121799,29315,0,0.8845,0.3333,0.1262,0,1.3440,0
50,cpu_t8,4,121799,29315,0,0.8593,0.3089,0.1240,0,1.2922,0
50,cpu_t16,0,121799,29315,0,1.3010,0.4195,0.3658,0,2.0863,0
50,cpu_t16,1,121799,29315,0,1.2395,0.2827,0.1589,0,1.6811,0
50,cpu_t16,2,121799,29315,0,1.2110,0.3398,0.1695,0,1.7203,0
50,cpu_t16,3,121799,29315,0,1.3085,0.3737,0.1681,0,1.8504,0
50,cpu_t16,4,121799,29315,0,1.1794,0.3633,0.1703,0,1.7130,0
50,gpu_thrust_uf,0,121799,29315,0.0852,0.8704,0.0963,0.1526,0.0368,1.1719,0
50,gpu_thrust_uf,1,121799,29315,0.0813,0.6796,0.0492,0.1198,0.0276,0.9104,0
50,gpu_thrust_uf,2,121799,29315,0.0778,0.6568,0.0328,0.1229,0.0186,0.8600,0
50,gpu_thrust_uf,3,121799,29315,0.0795,0.8256,0.0358,0.1198,0.0190,1.0115,0
50,gpu_thrust_uf,4,121799,29315,0.0780,0.8167,0.0375,0.1894,0.0431,1.0915,0
50,gpu_hash_uf,0,121799,29315,0.0974,0.4901,0.0942,0.2820,0.1071,1.0125,0
50,gpu_hash_uf,1,121799,29315,0.0990,0.6850,0.0307,1.1817,0.0292,1.8861,0
50,gpu_hash_uf,2,121799,29315,0.1128,1.0234,0.1362,0.1188,0.0327,1.3362,0
50,gpu_hash_uf,3,121799,29315,0.0766,0.3212,0.0933,0.2250,0.0414,0.7287,0
50,gpu_hash_uf,4,121799,29315,0.0765,0.4303,0.0328,0.1352,0.0335,0.6806,0
50,gpu_hash_prop,0,121799,29315,0.1148,0.8856,0.0922,12.6843,0.0420,12.7057,130
50,gpu_hash_prop,1,121799,29315,0.0771,0.4023,0.0645,14.8040,0.0265,14.1374,130
50,gpu_hash_prop,2,121799,29315,0.0769,0.6470,0.0336,14.0442,0.1075,13.7145,130
50,gpu_hash_prop,3,121799,29315,0.0988,0.4649,0.0328,13.3622,0.0239,12.8600,130
50,gpu_hash_prop,4,121799,29315,0.0770,0.2002,0.0358,10.3660,0.0184,9.8378,130
51,cpu_t1,0,121735,29103,0,3.7206,1.3321,0.1252,0,5.1779,0
51,cpu_t1,1,121735,29103,0,3.6847,1.2979,0.1188,0,5.1015,0
51,cpu_t1,2,121735,29103,0,3.6900,1.3329,0.1429,0,5.1658,0
51,cpu_t1,3,121735,29103,0,3.7367,1.2334,0.1209,0,5.0910,0
51,cpu_t1,4,121735,29103,0,3.6915,1.2256,0.1190,0,5.0361,0
51,cpu_t2,0,121735,29103,0,1.9371,0.7941,0.1211,0,2.8523,0
51,cpu_t2,1,121735,29103,0,2.2768,0.6643,0.1194,0,3.0605,0
51,cpu_t2,2,121735,29103,0,1.9599,0.6326,0.1199,0,2.7124,0
51,cpu_t2,3,121735,29103,0,1.9196,0.6506,0.1203,0,2.6904,0
51,cpu_t2,4,121735,29103,0,1.8863,0.6534,0.1191,0,2.6589,0
51,cpu_t4,0,121735,29103,0,1.1134,0.3390,0.1207,0,1.5731,0
51,cpu_t4,1,121735,29103,0,1.2271,0.3489,0.1217,0,1.6977,0
51,cpu_t4,2,121735,29103,0,1.1293,0.3259,0.1216,0,1.5768,0
51,cpu_t4,3,121735,29103,0,1.1324,0.4083,0.1219,0,1.6625,0
51,cpu_t4,4,121735,29103,0,1.1325,0.3401,0.1405,0,1.6130,0
51,cpu_t8,0,121735,29103,0,0.9233,0.3550,0.1204,0,1.3987,0
51,cpu_t8,1,121735,29103,0,0.8860,0.3273,0.1191,0,1.3325,0
51,cpu_t8,2,121735,29103,0,0.8984,0.3479,0.1570,0,1.4034,0
51,cpu_t8,3,121735,29103,0,1.1043,0.3489,0.1378,0,1.5910,0
51,cpu_t8,4,121735,29103,0,0.9077,0.3555,0.1350,0,1.3983,0
51,cpu_t16,0,121735,29103,0,0.7804,0.1849,0.1617,0,1.1270,0
51,cpu_t16,1,121735,29103,0,0.7432,0.1914,0.1615,0,1.0961,0
51,cpu_t16,2,121735,29103,0,0.6702,0.3180,0.1608,0,1.1490,0
51,cpu_t16,3,121735,29103,0,0.7202,0.2042,0.1742,0,1.0986,0
51,cpu_t16,4,121735,29103,0,0.6994,0.1933,0.1613,0,1.0540,0
51,gpu_thrust_uf,0,121735,29103,0.0975,1.0128,0.0297,0.1557,0.0260,1.2482,0
51,gpu_thrust_uf,1,121735,29103,0.0765,0.6689,0.0369,0.1556,0.0203,0.9057,0
51,gpu_thrust_uf,2,121735,29103,0.0777,0.6944,0.0334,0.1556,0.0203,0.9257,0
51,gpu_thrust_uf,3,121735,29103,0.0792,0.7367,0.0358,0.1567,0.0275,0.9750,0
51,gpu_thrust_uf,4,121735,29103,0.0802,1.6319,0.0297,0.1567,0.0285,1.7938,0
51,gpu_hash_uf,0,121735,29103,0.0920,0.8544,0.0328,0.1556,0.0310,1.0925,0
51,gpu_hash_uf,1,121735,29103,0.0865,0.2056,0.0348,0.1556,0.0183,0.4904,0
51,gpu_hash_uf,2,121735,29103,0.0791,0.2303,0.0594,0.1935,0.0278,0.5644,0
51,gpu_hash_uf,3,121735,29103,0.0794,0.2103,0.0336,0.2130,0.0358,0.5476,0
51,gpu_hash_uf,4,121735,29103,0.0793,0.2749,0.0594,0.1567,0.0202,0.5715,0
51,gpu_hash_prop,0,121735,29103,0.0794,0.1961,0.0389,7.4117,0.0268,7.1335,134
51,gpu_hash_prop,1,121735,29103,0.0764,0.1798,0.0358,10.4059,0.0180,9.8543,134
51,gpu_hash_prop,2,121735,29103,0.0804,0.1939,0.0358,8.5391,0.0223,8.1627,134
51,gpu_hash_prop,3,121735,29103,0.0781,0.1892,0.0358,10.1765,0.0290,9.6656,134
51,gpu_hash_prop,4,121735,29103,0.1011,0.2361,0.0399,7.8356,0.0418,7.6070,134
52,cpu_t1,0,121740,29311,0,3.7331,1.3843,0.1418,0,5.2592,0
52,cpu_t1,1,121740,29311,0,3.7097,1.3069,0.1256,0,5.1422,0
52,cpu_t1,2,121740,29311,0,3.6884,1.3589,0.1272,0,5.1745,0
52,cpu_t1,3,121740,29311,0,3.7395,1.2716,0.1268,0,5.1379,0
52,cpu_t1,4,121740,29311,0,3.6664,1.3026,0.1265,0,5.0954,0
52,cpu_t2,0,121740,29311,0,2.8296,0.7981,0.1297,0,3.7573,0
52,cpu_t2,1,121740,29311,0,1.9414,0.6652,0.1500,0,2.7567,0
52,cpu_t2,2,121740,29311,0,1.9844,0.6551,0.1260,0,2.7655,0
52,cpu_t2,3,121740,29311,0,1.9340,0.7023,0.1254,0,2.7617,0
52,cpu_t2,4,121740,29311,0,1.9546,0.7017,0.1264,0,2.7826,0
52,cpu_t4,0,121740,29311,0,1.4841,0.6835,0.1820,0,2.3495,0
52,cpu_t4,1,121740,29311,0,1.2550,0.3411,0.1279,0,1.7240,0
52,cpu_t4,2,121740,29311,0,1.3224,0.3898,0.1270,0,1.8391,0
52,cpu_t4,3,121740,29311,0,1.1281,0.3796,0.1263,0,1.6340,0
52,cpu_t4,4,121740,29311,0,1.0857,0.3739,0.1261,0,1.5857,0
52,cpu_t8,0,121740,29311,0,0.8945,0.3651,0.1270,0,1.3866,0
52,cpu_t8,1,121740,29311,0,0.9297,0.3689,0.1714,0,1.4701,0
52,cpu_t8,2,121740,29311,0,0.9303,0.3227,0.1401,0,1.3931,0
52,cpu_t8,3,121740,29311,0,0.8943,0.3291,0.1308,0,1.3541,0
52,cpu_t8,4,121740,29311,0,0.8847,0.3278,0.1261,0,1.3386,0
52,cpu_t16,0,121740,29311,0,0.7181,0.2152,0.1693,0,1.1026,0
52,cpu_t16,1,121740,29311,0,0.8304,0.2530,0.1693,0,1.2526,0
52,cpu_t16,2,121740,29311,0,0.6739,0.2391,0.1610,0,1.0740,0
52,cpu_t16,3,121740,29311,0,0.7047,0.2898,0.2634,0,1.2579,0
52,cpu_t16,4,121740,29311,0,1.3111,0.3615,0.1679,0,1.8405,0
52,gpu_thrust_uf,0,121740,29311,0.0769,0.8628,0.0334,0.1239,0.0309,1.0707,0
52,gpu_thrust_uf,1,121740,29311,0.0779,2.2753,0.0307,0.1167,0.0234,2.3490,0
52,gpu_thrust_uf,2,121740,29311,0.0980,1.3391,0.0772,0.1399,0.0225,1.5630,0
52,gpu_thrust_uf,3,121740,29311,0.0766,0.7836,0.0960,0.2212,0.0641,1.1628,0
52,gpu_thrust_uf,4,121740,29311,0.0756,0.8068,0.0967,0.2300,0.0331,1.1615,0
52,gpu_hash_uf,0,121740,29311,0.0805,0.2680,0.0532,0.1157,0.0190,0.5261,0
52,gpu_hash_uf,1,121740,29311,0.0778,0.2148,0.0358,0.1188,0.0188,0.4524,0
52,gpu_hash_uf,2,121740,29311,0.0766,0.1955,0.0328,0.1167,0.0226,0.4312,0
52,gpu_hash_uf,3,121740,29311,0.0784,0.2275,0.0358,0.1157,0.0345,0.4716,0
52,gpu_hash_uf,4,121740,29311,0.0790,0.2329,0.0358,0.1167,0.0229,0.4710,0
52,gpu_hash_prop,0,121740,29311,0.0766,0.1953,0.0635,7.8070,0.0243,7.5153,138
52,gpu_hash_prop,1,121740,29311,0.0765,0.1919,0.0389,5.6323,0.0276,5.4968,138
52,gpu_hash_prop,2,121740,29311,0.0757,0.1855,0.0358,9.8980,0.0362,9.4118,138
52,gpu_hash_prop,3,121740,29311,0.0768,0.3927,0.0410,9.1761,0.0308,8.9446,138
52,gpu_hash_prop,4,121740,29311,0.0767,0.2223,0.0358,11.2005,0.0371,10.6483,138
53,cpu_t1,0,121923,29302,0,3.9586,1.2916,0.1439,0,5.3941,0
53,cpu_t1,1,121923,29302,0,3.8361,1.3333,0.1536,0,5.3229,0
53,cpu_t1,2,121923,29302,0,4.0910,1.3798,0.1404,0,5.6111,0
53,cpu_t1,3,121923,29302,0,3.8850,1.3458,0.1507,0,5.3816,0
53,cpu_t1,4,121923,29302,0,3.8330,1.3284,0.1293,0,5.2908,0
53,cpu_t2,0,121923,29302,0,1.9521,0.7325,0.1305,0,2.8151,0
53,cpu_t2,1,121923,29302,0,1.9317,0.6570,0.1306,0,2.7193,0
53,cpu_t2,2,121923,29302,0,1.9597,0.6874,0.1290,0,2.7761,0
53,cpu_t2,3,121923,29302,0,1.9509,0.7149,0.1308,0,2.7966,0
53,cpu_t2,4,121923,29302,0,2.0184,0.7303,0.1297,0,2.8784,0
53,cpu_t4,0,121923,29302,0,1.4646,0.6460,0.1603,0,2.2708,0
53,cpu_t4,1,121923,29302,0,1.4338,0.6385,0.1612,0,2.2336,0
53,cpu_t4,2,121923,29302,0,1.4489,0.6454,0.1607,0,2.2550,0
53,cpu_t4,3,121923,29302,0,1.4454,0.6366,0.1595,0,2.2415,0
53,cpu_t4,4,121923,29302,0,1.4831,0.8831,0.1626,0,2.5288,0
53,cpu_t8,0,121923,29302,0,0.9590,0.3180,0.1589,0,1.4358,0
53,cpu_t8,1,121923,29302,0,1.0777,0.3503,0.1604,0,1.5884,0
53,cpu_t8,2,121923,29302,0,0.9772,0.3495,0.1599,0,1.4865,0
53,cpu_t8,3,121923,29302,0,0.9607,0.3340,0.1603,0,1.4550,0
53,cpu_t8,4,121923,29302,0,0.9436,0.3427,0.1643,0,1.4506,0
53,cpu_t16,0,121923,29302,0,1.4231,0.3281,0.1612,0,1.9124,0
53,cpu_t16,1,121923,29302,0,1.2277,0.3757,0.1671,0,1.7705,0
53,cpu_t16,2,121923,29302,0,1.3026,0.3913,0.1682,0,1.8621,0
53,cpu_t16,3,121923,29302,0,1.2391,0.2469,0.1794,0,1.6654,0
53,cpu_t16,4,121923,29302,0,0.7029,0.1843,0.1930,0,1.0802,0
53,gpu_thrust_uf,0,121923,29302,0.0790,0.9306,0.0388,0.1147,0.0346,1.1372,0
53,gpu_thrust_uf,1,121923,29302,0.0812,0.8124,0.0328,0.1137,0.0352,1.0201,0
53,gpu_thrust_uf,2,121923,29302,0.0757,0.7721,0.0798,0.1668,0.0192,1.0479,0
53,gpu_thrust_uf,3,121923,29302,0.0779,0.7387,0.1220,0.1176,0.0876,1.0770,0
53,gpu_thrust_uf,4,121923,29302,0.0767,0.7403,0.0379,0.1137,0.0199,0.9320,0
53,gpu_hash_uf,0,121923,29302,0.0790,0.5106,0.0858,0.1362,0.0183,0.8525,0
53,gpu_hash_uf,1,121923,29302,0.0778,0.2443,0.0592,0.1628,0.0187,0.5403,0
53,gpu_hash_uf,2,121923,29302,0.0793,0.2601,0.0297,0.1567,0.0194,0.5338,0
53,gpu_hash_uf,3,121923,29302,0.0765,0.2003,0.0358,0.1147,0.0251,0.4379,0
53,gpu_hash_uf,4,121923,29302,0.0758,0.2615,0.0840,0.1475,0.0247,0.5679,0
53,gpu_hash_prop,0,121923,29302,0.0770,0.4840,0.0328,16.4038,0.1124,15.7329,143
53,gpu_hash_prop,1,121923,29302,0.0796,0.4268,0.1239,11.0143,0.0475,10.7556,143
53,gpu_hash_prop,2,121923,29302,0.0787,0.1825,0.0337,10.6097,0.0274,10.0542,143
53,gpu_hash_prop,3,121923,29302,0.0873,0.1862,0.0358,8.5268,0.0369,8.1692,143
53,gpu_hash_prop,4,121923,29302,0.0802,0.2005,0.0502,9.9645,0.0274,9.4952,143
54,cpu_t1,0,121937,29517,0,3.8452,1.2643,0.1543,0,5.2638,0
54,cpu_t1,1,121937,29517,0,3.9107,1.3553,0.1249,0,5.3909,0
54,cpu_t1,2,121937,29517,0,3.8985,1.2626,0.1239,0,5.2849,0
54,cpu_t1,3,121937,29517,0,3.7973,1.3862,0.1265,0,5.3100,0
54,cpu_t1,4,121937,29517,0,3.8403,1.3231,0.1267,0,5.2900,0
54,cpu_t2,0,121937,29517,0,1.9847,0.6133,0.1420,0,2.7400,0
54,cpu_t2,1,121937,29517,0,2.0403,0.6245,0.1278,0,2.7926,0
54,cpu_t2,2,121937,29517,0,1.9708,0.6128,0.1267,0,2.7103,0
54,cpu_t2,3,121937,29517,0,2.0059,0.6390,0.1429,0,2.7878,0
54,cpu_t2,4,121937,29517,0,2.0477,0.6436,0.1270,0,2.8183,0
54,cpu_t4,0,121937,29517,0,1.0992,0.3312,0.1440,0,1.5744,0
54,cpu_t4,1,121937,29517,0,1.0980,0.3459,0.1464,0,1.5903,0
54,cpu_t4,2,121937,29517,0,1.1474,0.3144,0.1243,0,1.5861,0
54,cpu_t4,3,121937,29517,0,1.3828,0.3285,0.1448,0,1.8561,0
54,cpu_t4,4,121937,29517,0,1.1677,0.3147,0.1358,0,1.6183,0
54,cpu_t8,0,121937,29517,0,0.9704,0.3888,0.1585,0,1.5178,0
54,cpu_t8,1,121937,29517,0,0.9353,0.3555,0.1592,0,1.4500,0
54,cpu_t8,2,121937,29517,0,0.9457,0.3367,0.1642,0,1.4465,0
54,cpu_t8,3,121937,29517,0,0.9613,0.3225,0.1678,0,1.4516,0
54,cpu_t8,4,121937,29517,0,0.9747,0.3447,0.1594,0,1.4788,0
54,cpu_t16,0,121937,29517,0,0.6585,0.4161,0.1604,0,1.2349,0
54,cpu_t16,1,121937,29517,0,1.2866,0.3547,0.1550,0,1.7964,0
54,cpu_t16,2,121937,29517,0,1.3930,0.2873,0.1708,0,1.8511,0
54,cpu_t16,3,121937,29517,0,1.3852,0.3693,0.1787,0,1.9332,0
54,cpu_t16,4,121937,29517,0,1.2844,0.1897,0.1678,0,1.6419,0
54,gpu_thrust_uf,0,121937,29517,0.0816,0.8829,0.0399,0.1158,0.0322,1.0908,0
54,gpu_thrust_uf,1,121937,29517,0.0781,0.7452,0.0397,0.1024,0.0258,0.9376,0
54,gpu_thrust_uf,2,121937,29517,0.0796,0.7362,0.0325,0.1536,0.0759,1.0121,0
54,gpu_thrust_uf,3,121937,29517,0.0784,0.9679,0.0696,0.1260,0.0186,1.1814,0
54,gpu_thrust_uf,4,121937,29517,0.0803,0.7501,0.0330,0.1022,0.0229,0.9318,0
54,gpu_hash_uf,0,121937,29517,0.0819,0.7483,0.0358,0.1026,0.0265,0.9404,0
54,gpu_hash_uf,1,121937,29517,0.0788,0.1983,0.0358,0.1024,0.0235,0.4261,0
54,gpu_hash_uf,2,121937,29517,0.0757,0.1988,0.0328,0.1024,0.0266,0.4224,0
54,gpu_hash_uf,3,121937,29517,0.0787,0.1901,0.0369,0.1014,0.0232,0.4192,0
54,gpu_hash_uf,4,121937,29517,0.0781,0.5410,0.0307,0.1024,0.0259,0.7358,0
54,gpu_hash_prop,0,121937,29517,0.0795,0.1958,0.0358,18.2108,0.0299,17.0486,194
54,gpu_hash_prop,1,121937,29517,0.0769,0.4526,0.1004,18.3357,0.0288,17.4584,194
54,gpu_hash_prop,2,121937,29517,0.0770,0.2618,0.0327,15.8116,0.1137,14.9784,194
54,gpu_hash_prop,3,121937,29517,0.0766,0.3724,0.1119,17.3748,0.0283,16.5125,194
54,gpu_hash_prop,4,121937,29517,0.0782,0.1999,0.0338,13.7236,0.0326,12.9357,194
55,cpu_t1,0,122072,29620,0,3.7524,1.2416,0.1276,0,5.1216,0
55,cpu_t1,1,122072,29620,0,3.6982,1.2467,0.1246,0,5.0695,0
55,cpu_t1,2,122072,29620,0,3.7491,1.2470,0.1256,0,5.1218,0
55,cpu_t1,3,122072,29620,0,3.7144,1.2487,0.1246,0,5.0877,0
55,cpu_t1,4,122072,29620,0,3.6842,1.2942,0.1244,0,5.1028,0
55,cpu_t2,0,122072,29620,0,1.9629,0.6733,0.1384,0,2.7746,0
55,cpu_t2,1,122072,29620,0,1.9310,0.6662,0.1245,0,2.7217,0
55,cpu_t2,2,122072,29620,0,1.9331,0.6665,0.1257,0,2.7253,0
55,cpu_t2,3,122072,29620,0,1.8913,0.6992,0.1259,0,2.7164,0
55,cpu_t2,4,122072,29620,0,2.0014,0.6925,0.1257,0,2.8196,0
55,cpu_t4,0,122072,29620,0,1.3122,0.3241,0.1249,0,1.7612,0
55,cpu_t4,1,122072,29620,0,1.1246,0.3978,0.1270,0,1.6494,0
55,cpu_t4,2,122072,29620,0,1.1109,0.3262,0.1255,0,1.5626,0
55,cpu_t4,3,122072,29620,0,1.1009,0.3194,0.1248,0,1.5451,0
55,cpu_t4,4,122072,29620,0,1.2508,0.6695,0.1269,0,2.0472,0
55,cpu_t8,0,122072,29620,0,0.8890,0.3779,0.1276,0,1.3944,0
55,cpu_t8,1,122072,29620,0,1.3099,0.3640,0.1610,0,1.8348,0
55,cpu_t8,2,122072,29620,0,0.9664,0.3494,0.1740,0,1.4898,0
55,cpu_t8,3,122072,29620,0,0.9045,0.3352,0.1269,0,1.3666,0
55,cpu_t8,4,122072,29620,0,0.8778,0.3547,0.1350,0,1.3676,0
55,cpu_t16,0,122072,29620,0,0.8397,0.2085,0.1602,0,1.2083,0
55,cpu_t16,1,122072,29620,0,0.6757,0.1908,0.1639,0,1.0304,0
55,cpu_t16,2,122072,29620,0,0.6603,0.2432,0.1678,0,1.0713,0
55,cpu_t16,3,122072,29620,0,0.6625,0.2571,0.1595,0,1.0790,0
55,cpu_t16,4,122072,29620,0,0.6753,0.2482,0.1677,0,1.0912,0
55,gpu_thrust_uf,0,122072,29620,0.0814,1.2195,0.1185,0.1874,0.0289,1.5623,0
55,gpu_thrust_uf,1,122072,29620,0.0768,0.8456,0.0963,0.2128,0.0297,1.1803,0
55,gpu_thrust_uf,2,122072,29620,0.0814,1.8102,0.0366,0.9708,0.0329,2.7148,0
55,gpu_thrust_uf,3,122072,29620,0.0805,0.7881,0.0328,0.1628,0.0466,1.0464,0
55,gpu_thrust_uf,4,122072,29620,0.0766,0.8154,0.0662,0.1731,0.0204,1.0833,0
55,gpu_hash_uf,0,122072,29620,0.0790,0.2502,0.0830,0.1280,0.0187,0.5287,0
55,gpu_hash_uf,1,122072,29620,0.0767,0.2399,0.0430,0.1034,0.0226,0.4678,0
55,gpu_hash_uf,2,122072,29620,0.0768,0.2440,0.0328,0.1024,0.0194,0.4585,0
55,gpu_hash_uf,3,122072,29620,0.0765,0.3226,0.0369,0.1475,0.0189,0.5749,0
55,gpu_hash_uf,4,122072,29620,0.0800,0.1831,0.0358,0.1034,0.0185,0.4055,0
55,gpu_hash_prop,0,122072,29620,0.0810,0.2261,0.0338,10.1181,0.1140,9.7314,153
55,gpu_hash_prop,1,122072,29620,0.0771,0.4989,0.0297,18.0367,0.0503,17.1791,153
55,gpu_hash_prop,2,122072,29620,0.0803,0.5203,0.0335,16.7363,0.1028,16.0688,153
55,gpu_hash_prop,3,122072,29620,0.0770,0.5098,0.0328,16.1628,0.0244,15.4496,153
55,gpu_hash_prop,4,122072,29620,0.0772,0.2173,0.0338,10.9466,0.0451,10.4088,153
56,cpu_t1,0,122170,29696,0,3.8212,1.3546,0.1348,0,5.3107,0
56,cpu_t1,1,122170,29696,0,3.9984,1.3290,0.1275,0,5.4550,0
56,cpu_t1,2,122170,29696,0,3.8349,1.3917,0.1254,0,5.3519,0
56,cpu_t1,3,122170,29696,0,3.8403,1.3605,0.1272,0,5.3280,0
56,cpu_t1,4,122170,29696,0,4.1604,1.4283,0.1276,0,5.7164,0
56,cpu_t2,0,122170,29696,0,1.9919,0.6356,0.1254,0,2.7528,0
56,cpu_t2,1,122170,29696,0,1.9200,0.7578,0.1235,0,2.8013,0
56,cpu_t2,2,122170,29696,0,1.9598,0.6651,0.1224,0,2.7473,0
56,cpu_t2,3,122170,29696,0,1.9749,0.7089,0.1245,0,2.8082,0
56,cpu_t2,4,122170,29696,0,1.9632,0.6862,0.1230,0,2.7724,0
56,cpu_t4,0,122170,29696,0,1.1381,0.3908,0.1255,0,1.6543,0
56,cpu_t4,1,122170,29696,0,1.0789,0.3499,0.1251,0,1.5540,0
56,cpu_t4,2,122170,29696,0,1.1130,0.3308,0.1245,0,1.5683,0
56,cpu_t4,3,122170,29696,0,1.1279,0.4015,0.1553,0,1.6847,0
56,cpu_t4,4,122170,29696,0,1.3545,0.4985,0.1299,0,1.9829,0
56,cpu_t8,0,122170,29696,0,1.0617,0.3791,0.1597,0,1.6006,0
56,cpu_t8,1,122170,29696,0,1.0562,0.3648,0.1606,0,1.5816,0
56,cpu_t8,2,122170,29696,0,0.9441,0.3391,0.1590,0,1.4422,0
56,cpu_t8,3,122170,29696,0,0.9500,0.3827,0.1579,0,1.4906,0
56,cpu_t8,4,122170,29696,0,0.9710,0.3587,0.1655,0,1.4953,0
56,cpu_t16,0,122170,29696,0,1.0933,0.3724,0.1703,0,1.6360,0
56,cpu_t16,1,122170,29696,0,1.1650,0.3038,0.1688,0,1.6375,0
56,cpu_t16,2,122170,29696,0,1.1437,0.2986,0.1718,0,1.6140,0
56,cpu_t16,3,122170,29696,0,1.1898,0.3671,0.1779,0,1.7348,0
56,cpu_t16,4,122170,29696,0,0.8996,0.1870,0.1637,0,1.2503,0
56,gpu_thrust_uf,0,122170,29696,0.0781,0.9384,0.0430,0.1291,0.0208,1.1430,0
56,gpu_thrust_uf,1,122170,29696,0.0820,0.6648,0.0348,0.1096,0.0289,0.8758,0
56,gpu_thrust_uf,2,122170,29696,0.0767,0.6236,0.0369,0.1096,0.0287,0.8266,0
56,gpu_thrust_uf,3,122170,29696,0.0809,0.8703,0.0336,0.1106,0.0288,1.1034,0
56,gpu_thrust_uf,4,122170,29696,0.0869,1.4833,0.0307,0.1097,0.0204,1.7557,0
56,gpu_hash_uf,0,122170,29696,0.1154,0.6565,0.0368,0.1106,0.0178,0.9566,0
56,gpu_hash_uf,1,122170,29696,0.0767,0.2691,0.0328,0.1096,0.0176,0.5301,0
56,gpu_hash_uf,2,122170,29696,0.0793,0.2272,0.0328,0.1106,0.0183,0.4884,0
56,gpu_hash_uf,3,122170,29696,0.1091,0.2323,0.0338,0.1137,0.0178,0.5260,0
56,gpu_hash_uf,4,122170,29696,0.0790,0.2333,0.0328,0.1096,0.0181,0.4929,0
56,gpu_hash_prop,0,122170,29696,0.0772,0.1951,0.0358,6.3672,0.0200,6.7178,156
56,gpu_hash_prop,1,122170,29696,0.0769,0.1907,0.0328,12.7068,0.0190,13.0474,156
56,gpu_hash_prop,2,122170,29696,0.0773,0.2794,0.0686,12.7552,0.0579,13.2569,156
56,gpu_hash_prop,3,122170,29696,0.0784,0.2489,0.0379,10.8401,0.0958,11.3258,156
56,gpu_hash_prop,4,122170,29696,0.0814,0.6479,0.0297,14.5162,0.0270,15.3242,156
57,cpu_t1,0,122223,29909,0,4.2141,1.5960,0.1594,0,5.9694,0
57,cpu_t1,1,122223,29909,0,4.1428,1.5256,0.1811,0,5.8495,0
57,cpu_t1,2,122223,29909,0,4.1160,1.4322,0.1863,0,5.7345,0
57,cpu_t1,3,122223,29909,0,4.3436,1.4538,0.1622,0,5.9595,0
57,cpu_t1,4,122223,29909,0,4.2506,1.4050,0.1537,0,5.8093,0
57,cpu_t2,0,122223,29909,0,2.1234,0.7232,0.2043,0,3.0509,0
57,cpu_t2,1,122223,29909,0,2.2391,0.7241,0.1721,0,3.1353,0
57,cpu_t2,2,122223,29909,0,2.1868,0.7110,0.1724,0,3.0702,0
57,cpu_t2,3,122223,29909,0,2.1853,0.7278,0.1694,0,3.0825,0
57,cpu_t2,4,122223,29909,0,2.1357,0.7678,0.1685,0,3.0720,0
57,cpu_t4,0,122223,29909,0,1.2150,0.3765,0.1740,0,1.7656,0
57,cpu_t4,1,122223,29909,0,1.2113,0.4458,0.1948,0,1.8520,0
57,cpu_t4,2,122223,29909,0,1.2146,0.3778,0.1522,0,1.7445,0
57,cpu_t4,3,122223,29909,0,1.5202,0.7920,0.1890,0,2.5013,0
57,cpu_t4,4,122223,29909,0,1.5495,0.8276,0.1920,0,2.5691,0
57,cpu_t8,0,122223,29909,0,0.9932,0.3444,0.1872,0,1.5248,0
57,cpu_t8,1,122223,29909,0,0.9829,0.3345,0.1884,0,1.5059,0
57,cpu_t8,2,122223,29909,0,1.0032,0.3428,0.1873,0,1.5333,0
57,cpu_t8,3,122223,29909,0,1.0120,0.3349,0.1871,0,1.5341,0
57,cpu_t8,4,122223,29909,0,0.9927,0.3491,0.1911,0,1.5328,0
57,cpu_t16,0,122223,29909,0,0.8620,0.2200,0.1933,0,1.2753,0
57,cpu_t16,1,122223,29909,0,0.7297,0.2126,0.1902,0,1.1325,0
57,cpu_t16,2,122223,29909,0,0.7818,0.2088,0.2078,0,1.1984,0
57,cpu_t16,3,122223,29909,0,0.8064,0.2215,0.1970,0,1.2249,0
57,cpu_t16,4,122223,29909,0,1.4122,0.3630,0.2353,0,2.0105,0
57,gpu_thrust_uf,0,122223,29909,0.1481,1.0195,0.0338,0.1106,0.0414,1.3932,0
57,gpu_thrust_uf,1,122223,29909,0.0759,1.8148,0.0297,0.1137,0.0177,2.0787,0
57,gpu_thrust_uf,2,122223,29909,0.0878,1.3343,0.0963,0.1720,0.1246,1.8729,0
57,gpu_thrust_uf,3,122223,29909,0.0773,0.7365,0.0329,0.1115,0.0178,1.0036,0
57,gpu_thrust_uf,4,122223,29909,0.0798,0.6957,0.0317,0.1116,0.0170,0.9575,0
57,gpu_hash_uf,0,122223,29909,0.0791,0.1640,0.0429,0.1147,0.0340,0.4584,0
57,gpu_hash_uf,1,122223,29909,0.0800,0.2586,0.0399,0.1106,0.0175,0.5347,0
57,gpu_hash_uf,2,122223,29909,0.0788,0.1756,0.0338,0.1106,0.0182,0.4413,0
57,gpu_hash_uf,3,122223,29909,0.0795,0.2275,0.0328,0.1106,0.0187,0.4906,0
57,gpu_hash_uf,4,122223,29909,0.0785,0.1836,0.0369,0.1106,0.0238,0.4579,0
57,gpu_hash_prop,0,122223,29909,0.0893,0.6185,0.0993,18.9430,0.0324,19.8114,135
57,gpu_hash_prop,1,122223,29909,0.0772,0.1759,0.0369,10.5575,0.0231,10.8919,135
57,gpu_hash_prop,2,122223,29909,0.0771,0.1994,0.0614,7.6524,0.0222,8.0304,135
57,gpu_hash_prop,3,122223,29909,0.0821,0.5276,0.0420,10.6660,0.0460,11.3899,135
57,gpu_hash_prop,4,122223,29909,0.0790,0.1973,0.0420,11.3193,0.0305,11.6893,135
58,cpu_t1,0,122415,30197,0,4.0597,1.3745,0.1426,0,5.5768,0
58,cpu_t1,1,122415,30197,0,4.0090,1.4739,0.1426,0,5.6255,0
58,cpu_t1,2,122415,30197,0,4.0799,1.4400,0.1521,0,5.6720,0
58,cpu_t1,3,122415,30197,0,4.0656,1.3500,0.1428,0,5.5583,0
58,cpu_t1,4,122415,30197,0,4.0735,1.4083,0.1427,0,5.6245,0
58,cpu_t2,0,122415,30197,0,2.1908,0.8508,0.1492,0,3.1907,0
58,cpu_t2,1,122415,30197,0,2.3456,0.7586,0.1423,0,3.2465,0
58,cpu_t2,2,122415,30197,0,2.1415,0.7409,0.1433,0,3.0257,0
58,cpu_t2,3,122415,30197,0,2.2594,0.8395,0.1435,0,3.2425,0
58,cpu_t2,4,122415,30197,0,2.0993,0.7416,0.1416,0,2.9826,0
58,cpu_t4,0,122415,30197,0,1.2167,0.3619,0.1426,0,1.7212,0
58,cpu_t4,1,122415,30197,0,1.2775,0.4156,0.1428,0,1.8358,0
58,cpu_t4,2,122415,30197,0,1.2370,0.3762,0.1418,0,1.7551,0
58,cpu_t4,3,122415,30197,0,1.2335,0.3492,0.1425,0,1.7252,0
58,cpu_t4,4,122415,30197,0,1.2383,0.3586,0.1423,0,1.7392,0
58,cpu_t8,0,122415,30197,0,0.9882,0.3671,0.1926,0,1.5480,0
58,cpu_t8,1,122415,30197,0,0.9703,0.3787,0.1818,0,1.5308,0
58,cpu_t8,2,122415,30197,0,0.8923,0.2047,0.1451,0,1.2421,0
58,cpu_t8,3,122415,30197,0,0.9147,0.4100,0.1773,0,1.5021,0
58,cpu_t8,4,122415,30197,0,0.9894,0.4017,0.1428,0,1.5339,0
58,cpu_t16,0,122415,30197,0,0.8483,0.2114,0.1818,0,1.2415,0
58,cpu_t16,1,122415,30197,0,0.8312,0.2082,0.1818,0,1.2211,0
58,cpu_t16,2,122415,30197,0,0.8149,0.2076,0.1837,0,1.2063,0
58,cpu_t16,3,122415,30197,0,0.7132,0.2255,0.1816,0,1.1203,0
58,cpu_t16,4,122415,30197,0,0.7551,0.2858,0.1824,0,1.2233,0
58,gpu_thrust_uf,0,122415,30197,0.0816,1.5650,0.0471,0.1628,0.0285,1.9227,0
58,gpu_thrust_uf,1,122415,30197,0.0775,0.9111,0.0502,0.1587,0.0425,1.2745,0
58,gpu_thrust_uf,2,122415,30197,0.0776,0.7418,0.0461,0.1587,0.0340,1.0856,0
58,gpu_thrust_uf,3,122415,30197,0.0920,2.8037,0.0440,0.1618,0.0266,3.1551,0
58,gpu_thrust_uf,4,122415,30197,0.0793,0.7967,0.0881,0.2263,0.0729,1.2956,0
58,gpu_hash_uf,0,122415,30197,0.0778,0.6771,0.0891,0.2673,0.0834,1.2245,0
58,gpu_hash_uf,1,122415,30197,0.0766,0.6972,0.1085,0.2243,0.0731,1.2085,0
58,gpu_hash_uf,2,122415,30197,0.1497,0.6045,0.0850,0.2089,0.0915,1.1988,0
58,gpu_hash_uf,3,122415,30197,0.0778,0.7355,0.1014,0.2867,0.0263,1.2775,0
58,gpu_hash_uf,4,122415,30197,0.0765,0.5733,0.1126,0.2570,0.0272,1.0988,0
58,gpu_hash_prop,0,122415,30197,0.0779,2.3351,0.0471,7.7107,0.0323,10.2402,133
58,gpu_hash_prop,1,122415,30197,0.0776,0.2239,0.0512,11.1176,0.0210,11.5210,133
58,gpu_hash_prop,2,122415,30197,0.0875,0.2476,0.0560,7.7681,0.0266,8.2094,133
58,gpu_hash_prop,3,122415,30197,0.0813,1.1196,0.0469,15.7276,0.0345,17.0360,133
58,gpu_hash_prop,4,122415,30197,0.0848,0.7725,0.0430,10.7950,0.0291,11.7526,133
59,cpu_t1,0,122405,30474,0,4.0897,1.3926,0.1541,0,5.6364,0
59,cpu_t1,1,122405,30474,0,4.0576,1.4025,0.1588,0,5.6189,0
59,cpu_t1,2,122405,30474,0,4.0473,1.4104,0.1525,0,5.6103,0
59,cpu_t1,3,122405,30474,0,4.0424,1.3859,0.1619,0,5.5902,0
59,cpu_t1,4,122405,30474,0,4.0744,1.4437,0.1530,0,5.6712,0
59,cpu_t2,0,122405,30474,0,2.6639,0.9539,0.2042,0,3.8220,0
59,cpu_t2,1,122405,30474,0,2.3724,0.8030,0.1559,0,3.3313,0
59,cpu_t2,2,122405,30474,0,2.0849,0.7587,0.1570,0,3.0006,0
59,cpu_t2,3,122405,30474,0,2.2803,0.7819,0.1553,0,3.2174,0
59,cpu_t2,4,122405,30474,0,2.3938,1.5398,0.2009,0,4.1345,0
59,cpu_t4,0,122405,30474,0,1.6277,0.8149,0.2070,0,2.6496,0
59,cpu_t4,1,122405,30474,0,1.5885,0.7320,0.1919,0,2.5124,0
59,cpu_t4,2,122405,30474,0,1.6158,0.7442,0.1994,0,2.5595,0
59,cpu_t4,3,122405,30474,0,1.6129,0.7227,0.1868,0,2.5223,0
59,cpu_t4,4,122405,30474,0,1.6646,0.7094,0.1867,0,2.5607,0
59,cpu_t8,0,122405,30474,0,1.0241,0.3504,0.1893,0,1.5639,0
59,cpu_t8,1,122405,30474,0,0.9881,0.3382,0.1900,0,1.5163,0
59,cpu_t8,2,122405,30474,0,1.0435,0.3554,0.1945,0,1.5934,0
59,cpu_t8,3,122405,30474,0,1.0062,0.3379,0.1994,0,1.5436,0
59,cpu_t8,4,122405,30474,0,0.9929,0.3465,0.2094,0,1.5488,0
59,cpu_t16,0,122405,30474,0,1.4501,0.4335,0.1898,0,2.0735,0
59,cpu_t16,1,122405,30474,0,1.2457,0.2116,0.2224,0,1.6797,0
59,cpu_t16,2,122405,30474,0,0.7598,0.2053,0.1887,0,1.1539,0
59,cpu_t16,3,122405,30474,0,0.8239,0.2058,0.2063,0,1.2360,0
59,cpu_t16,4,122405,30474,0,0.7677,0.2182,0.1951,0,1.1810,0
59,gpu_thrust_uf,0,122405,30474,0.0802,0.9175,0.0481,0.1669,0.0307,1.2865,0
59,gpu_thrust_uf,1,122405,30474,0.0822,0.7063,0.0522,0.1659,0.0256,1.0707,0
59,gpu_thrust_uf,2,122405,30474,0.0776,1.6008,0.0676,0.2724,0.0313,2.1007,0
59,gpu_thrust_uf,3,122405,30474,0.0775,1.1490,0.0451,2.2303,0.0315,3.5654,0
59,gpu_thrust_uf,4,122405,30474,0.0780,0.7828,0.1004,0.1659,0.0259,1.1867,0
59,gpu_hash_uf,0,122405,30474,0.0800,0.2089,0.0512,0.1659,0.0251,0.5728,0
59,gpu_hash_uf,1,122405,30474,0.0769,0.6987,0.0840,0.2191,0.0883,1.2021,0
59,gpu_hash_uf,2,122405,30474,0.0864,0.7357,0.0850,0.2888,0.0275,1.2751,0
59,gpu_hash_uf,3,122405,30474,0.0868,0.7274,0.0829,0.2836,0.0269,1.2588,0
59,gpu_hash_uf,4,122405,30474,0.0801,0.7100,0.1605,0.2755,0.0291,1.3064,0
59,gpu_hash_prop,0,122405,30474,0.0812,0.4672,0.0451,19.3700,0.1173,20.1063,160
59,gpu_hash_prop,1,122405,30474,0.0779,1.9809,0.0471,19.6649,0.0371,21.8369,160
59,gpu_hash_prop,2,122405,30474,0.0773,0.4445,0.0481,18.6358,0.1042,19.3330,160
59,gpu_hash_prop,3,122405,30474,0.1000,0.5449,0.0901,18.2886,0.0725,19.1301,160
59,gpu_hash_prop,4,122405,30474,0.0769,0.4176,0.0963,16.2621,0.0236,16.9026,160
60,cpu_t1,0,122421,30658,0,4.0278,1.5449,0.1783,0,5.7510,0
60,cpu_t1,1,122421,30658,0,3.9727,1.5920,0.1555,0,5.7202,0
60,cpu_t1,2,122421,30658,0,3.9766,1.5599,0.1584,0,5.6949,0
60,cpu_t1,3,122421,30658,0,3.9820,1.4638,0.1553,0,5.6011,0
60,cpu_t1,4,122421,30658,0,3.9651,1.5308,0.1562,0,5.6521,0
60,cpu_t2,0,122421,30658,0,2.0743,0.7390,0.1550,0,2.9682,0
60,cpu_t2,1,122421,30658,0,2.1011,0.7449,0.1550,0,3.0010,0
60,cpu_t2,2,122421,30658,0,2.1216,0.7678,0.1558,0,3.0451,0
60,cpu_t2,3,122421,30658,0,2.1571,0.7767,0.1543,0,3.0881,0
60,cpu_t2,4,122421,30658,0,2.1191,0.8006,0.1569,0,3.0767,0
60,cpu_t4,0,122421,30658,0,1.2298,0.3987,0.1556,0,1.7842,0
60,cpu_t4,1,122421,30658,0,1.2239,0.3739,0.1587,0,1.7565,0
60,cpu_t4,2,122421,30658,0,1.1726,0.3841,0.1540,0,1.7107,0
60,cpu_t4,3,122421,30658,0,1.1961,0.4177,0.1557,0,1.7695,0
60,cpu_t4,4,122421,30658,0,1.2171,0.4607,0.1746,0,1.8524,0
60,cpu_t8,0,122421,30658,0,1.0653,0.4018,0.2035,0,1.6706,0
60,cpu_t8,1,122421,30658,0,1.0232,0.3958,0.1969,0,1.6158,0
60,cpu_t8,2,122421,30658,0,1.0413,0.4109,0.1959,0,1.6481,0
60,cpu_t8,3,122421,30658,0,1.0386,0.4074,0.1962,0,1.6422,0
60,cpu_t8,4,122421,30658,0,1.0055,0.4603,0.2034,0,1.6691,0
60,cpu_t16,0,122421,30658,0,0.7894,0.2182,0.1953,0,1.2029,0
60,cpu_t16,1,122421,30658,0,0.8036,0.2198,0.1925,0,1.2160,0
60,cpu_t16,2,122421,30658,0,0.8134,0.2147,0.1978,0,1.2259,0
60,cpu_t16,3,122421,30658,0,1.3234,0.4021,0.2558,0,1.9813,0
60,cpu_t16,4,122421,30658,0,1.4546,0.3548,0.2468,0,2.0562,0
60,gpu_thrust_uf,0,122421,30658,0.1154,0.8941,0.0666,0.1833,0.0267,1.3215,0
60,gpu_thrust_uf,1,122421,30658,0.0766,0.8284,0.0963,0.3164,0.0261,1.4099,0
60,gpu_thrust_uf,2,122421,30658,0.0776,0.8337,0.0492,0.1833,0.0250,1.1988,0
60,gpu_thrust_uf,3,122421,30658,0.0806,0.8146,0.0676,0.3000,0.0286,1.3448,0
60,gpu_thrust_uf,4,122421,30658,0.0765,0.9057,0.1014,0.3144,0.0264,1.4793,0
60,gpu_hash_uf,0,122421,30658,0.0776,1.6676,0.0461,0.1843,0.0268,2.0629,0
60,gpu_hash_uf,1,122421,30658,0.0776,0.6934,0.0778,0.3645,0.0281,1.3035,0
60,gpu_hash_uf,2,122421,30658,0.0896,2.5259,0.0471,0.1833,0.0512,2.9495,0
60,gpu_hash_uf,3,122421,30658,0.0861,0.3568,0.0532,0.1823,0.0290,0.7407,0
60,gpu_hash_uf,4,122421,30658,0.0865,0.2250,0.0492,0.1833,0.0320,0.5993,0
60,gpu_hash_prop,0,122421,30658,0.0775,0.2222,0.0532,11.0940,0.0364,11.5018,141
60,gpu_hash_prop,1,122421,30658,0.0776,0.2054,0.0461,14.5398,0.0216,14.9092,141
60,gpu_hash_prop,2,122421,30658,0.0795,0.2268,0.0461,8.6979,0.0478,9.1178,141
60,gpu_hash_prop,3,122421,30658,0.0766,0.2745,0.0553,10.4028,0.0299,10.8621,141
60,gpu_hash_prop,4,122421,30658,0.0778,0.2139,0.0768,11.8610,0.0229,12.2741,141
61,cpu_t1,0,122306,30756,0,4.0426,1.4144,0.1588,0,5.6158,0
61,cpu_t1,1,122306,30756,0,3.9854,1.4859,0.1551,0,5.6264,0
61,cpu_t1,2,122306,30756,0,4.5597,1.5489,0.1677,0,6.2763,0
61,cpu_t1,3,122306,30756,0,4.1548,1.6360,0.1567,0,5.9475,0
61,cpu_t1,4,122306,30756,0,4.0132,1.5503,0.1685,0,5.7320,0
61,cpu_t2,0,122306,30756,0,2.0759,0.7522,0.1560,0,2.9841,0
61,cpu_t2,1,122306,30756,0,2.2143,0.8799,0.1661,0,3.2603,0
61,cpu_t2,2,122306,30756,0,2.0584,0.7396,0.1560,0,2.9540,0
61,cpu_t2,3,122306,30756,0,2.3461,0.8181,0.1547,0,3.3189,0
61,cpu_t2,4,122306,30756,0,2.1522,0.8079,0.1608,0,3.1210,0
61,cpu_t4,0,122306,30756,0,1.4912,0.3890,0.1570,0,2.0373,0
61,cpu_t4,1,122306,30756,0,1.2010,0.4219,0.1628,0,1.7857,0
61,cpu_t4,2,122306,30756,0,1.1811,0.4046,0.1563,0,1.7421,0
61,cpu_t4,3,122306,30756,0,1.1653,0.3729,0.1659,0,1.7041,0
61,cpu_t4,4,122306,30756,0,1.5307,0.3796,0.1600,0,2.0702,0
61,cpu_t8,0,122306,30756,0,0.9627,0.3726,0.1615,0,1.4967,0
61,cpu_t8,1,122306,30756,0,0.9469,0.3607,0.1576,0,1.4652,0
61,cpu_t8,2,122306,30756,0,0.9361,0.3715,0.1687,0,1.4763,0
61,cpu_t8,3,122306,30756,0,0.9508,0.4896,0.1684,0,1.6088,0
61,cpu_t8,4,122306,30756,0,0.9838,0.5076,0.1566,0,1.6480,0
61,cpu_t16,0,122306,30756,0,0.7193,0.2233,0.1960,0,1.1386,0
61,cpu_t16,1,122306,30756,0,0.7316,0.2025,0.1972,0,1.1313,0
61,cpu_t16,2,122306,30756,0,0.7360,0.2032,0.1915,0,1.1307,0
61,cpu_t16,3,122306,30756,0,0.7162,0.2116,0.2074,0,1.1351,0
61,cpu_t16,4,122306,30756,0,0.9545,0.3616,0.1992,0,1.5154,0
61,gpu_thrust_uf,0,122306,30756,0.0840,1.3355,0.0471,0.1690,0.0298,1.7029,0
61,gpu_thrust_uf,1,122306,30756,0.0878,2.8101,0.0471,0.1679,0.0236,3.1664,0
61,gpu_thrust_uf,2,122306,30756,0.0807,0.8143,0.0532,0.1679,0.0272,1.1697,0
61,gpu_thrust_uf,3,122306,30756,0.0794,0.8617,0.1171,0.2290,0.1132,1.4545,0
61,gpu_thrust_uf,4,122306,30756,0.0866,0.9774,0.1126,0.2273,0.0332,1.4881,0
61,gpu_hash_uf,0,122306,30756,0.0879,0.7236,0.1372,0.2417,0.0689,1.2934,0
61,gpu_hash_uf,1,122306,30756,0.0793,0.2398,0.0492,0.1750,0.0284,0.5997,0
61,gpu_hash_uf,2,122306,30756,0.0860,0.2353,0.0461,0.1700,0.0267,0.5882,0
61,gpu_hash_uf,3,122306,30756,0.0861,0.2664,0.0492,0.1690,0.0323,0.6264,0
61,gpu_hash_uf,4,122306,30756,0.0811,1.0183,0.0543,0.1679,0.0275,1.3699,0
61,gpu_hash_prop,0,122306,30756,0.0769,0.2530,0.0788,12.8420,0.0275,13.3001,154
61,gpu_hash_prop,1,122306,30756,0.0772,0.2335,0.0461,13.2219,0.0227,13.6195,154
61,gpu_hash_prop,2,122306,30756,0.0778,0.2173,0.0492,10.5578,0.0311,10.9573,154
61,gpu_hash_prop,3,122306,30756,0.0799,0.2025,0.0492,11.4668,0.0288,11.8485,154
61,gpu_hash_prop,4,122306,30756,0.0772,0.2129,0.0543,8.7460,0.0277,9.1393,154
62,cpu_t1,0,122266,30838,0,4.0139,1.4383,0.1490,0,5.6012,0
62,cpu_t1,1,122266,30838,0,3.9805,1.4448,0.1476,0,5.5730,0
62,cpu_t1,2,122266,30838,0,3.9441,1.5149,0.1521,0,5.6111,0
62,cpu_t1,3,122266,30838,0,3.9898,1.4584,0.1587,0,5.6070,0
62,cpu_t1,4,122266,30838,0,3.9513,1.5500,0.1501,0,5.6514,0
62,cpu_t2,0,122266,30838,0,2.6244,1.1012,0.1478,0,3.8734,0
62,cpu_t2,1,122266,30838,0,2.7146,0.7945,0.1495,0,3.6586,0
62,cpu_t2,2,122266,30838,0,2.1341,0.7929,0.1632,0,3.0902,0
62,cpu_t2,3,122266,30838,0,2.4259,0.7478,0.1489,0,3.3226,0
62,cpu_t2,4,122266,30838,0,2.0832,0.8340,0.1518,0,3.0690,0
62,cpu_t4,0,122266,30838,0,1.4767,0.7224,0.1520,0,2.3511,0
62,cpu_t4,1,122266,30838,0,1.4876,0.7773,0.1498,0,2.4147,0
62,cpu_t4,2,122266,30838,0,1.3560,0.4886,0.1486,0,1.9931,0
62,cpu_t4,3,122266,30838,0,1.2228,0.3783,0.1500,0,1.7511,0
62,cpu_t4,4,122266,30838,0,1.3297,0.7548,0.1485,0,2.2330,0
62,cpu_t8,0,122266,30838,0,1.1338,0.6752,0.2924,0,2.1015,0
62,cpu_t8,1,122266,30838,0,0.9812,0.4033,0.1509,0,1.5353,0
62,cpu_t8,2,122266,30838,0,0.9563,0.3939,0.1497,0,1.5000,0
62,cpu_t8,3,122266,30838,0,1.2433,0.4145,0.1491,0,1.8068,0
62,cpu_t8,4,122266,30838,0,0.9998,0.4036,0.1516,0,1.5550,0
62,cpu_t16,0,122266,30838,0,1.6991,0.4597,0.2000,0,2.3588,0
62,cpu_t16,1,122266,30838,0,1.4855,0.3584,0.1822,0,2.0261,0
62,cpu_t16,2,122266,30838,0,0.8429,0.2186,0.1900,0,1.2515,0
62,cpu_t16,3,122266,30838,0,0.7259,0.2183,0.1894,0,1.1336,0
62,cpu_t16,4,122266,30838,0,0.7425,0.2881,0.1961,0,1.2267,0
62,gpu_thrust_uf,0,122266,30838,0.0839,1.1002,0.1567,0.4936,0.1318,2.0341,0
62,gpu_thrust_uf,1,122266,30838,0.0779,3.1231,0.0481,0.2191,0.0318,3.5389,0
62,gpu_thrust_uf,2,122266,30838,0.0794,0.8899,0.1075,0.2970,0.0319,1.4668,0
62,gpu_thrust_uf,3,122266,30838,0.0776,0.9245,0.1075,0.2990,0.0483,1.5092,0
62,gpu_thrust_uf,4,122266,30838,0.0779,0.9544,0.1403,0.3287,0.0482,1.6020,0
62,gpu_hash_uf,0,122266,30838,0.0776,0.5934,0.1126,0.3420,0.0478,1.2259,0
62,gpu_hash_uf,1,122266,30838,0.0834,0.4667,0.0478,0.2161,0.0268,0.8685,0
62,gpu_hash_uf,2,122266,30838,0.0797,0.2274,0.0522,0.2161,0.0295,0.6270,0
62,gpu_hash_uf,3,122266,30838,0.0764,0.2083,0.0522,0.2161,0.0290,0.6090,0
62,gpu_hash_uf,4,122266,30838,0.0793,0.2316,0.0509,0.2171,0.0271,0.6279,0
62,gpu_hash_prop,0,122266,30838,0.0796,0.2185,0.0543,13.1185,0.0637,13.5539,157
62,gpu_hash_prop,1,122266,30838,0.0781,0.2692,0.0758,12.9536,0.0222,13.4191,157
62,gpu_hash_prop,2,122266,30838,0.0797,0.2190,0.0553,8.6149,0.0470,9.0363,157
62,gpu_hash_prop,3,122266,30838,0.0804,0.2740,0.0553,21.4784,0.1057,22.0179,157
62,gpu_hash_prop,4,122266,30838,0.0775,0.3860,0.0932,18.1289,0.0519,18.7649,157
63,cpu_t1,0,122270,30844,0,4.0478,1.4008,0.1584,0,5.6070,0
63,cpu_t1,1,122270,30844,0,4.1095,1.4653,0.1530,0,5.7277,0
63,cpu_t1,2,122270,30844,0,4.0665,1.4258,0.1541,0,5.6465,0
63,cpu_t1,3,122270,30844,0,4.0129,1.4342,0.1572,0,5.6043,0
63,cpu_t1,4,122270,30844,0,3.9668,1.4714,0.1527,0,5.5909,0
63,cpu_t2,0,122270,30844,0,2.6732,0.7793,0.1662,0,3.6188,0
63,cpu_t2,1,122270,30844,0,2.0462,0.7891,0.1535,0,2.9888,0
63,cpu_t2,2,122270,30844,0,2.0490,0.8085,0.1636,0,3.0211,0
63,cpu_t2,3,122270,30844,0,2.1305,0.8298,0.1519,0,3.1123,0
63,cpu_t2,4,122270,30844,0,2.0806,0.9222,0.1538,0,3.1566,0
63,cpu_t4,0,122270,30844,0,1.5448,0.7944,0.1960,0,2.5352,0
63,cpu_t4,1,122270,30844,0,1.5575,0.7799,0.2011,0,2.5385,0
63,cpu_t4,2,122270,30844,0,1.5692,0.8130,0.2224,0,2.6046,0
63,cpu_t4,3,122270,30844,0,1.6027,0.8285,0.1763,0,2.6074,0
63,cpu_t4,4,122270,30844,0,1.4008,0.4558,0.1535,0,2.0101,0
63,cpu_t8,0,122270,30844,0,0.9909,0.4455,0.1529,0,1.5893,0
63,cpu_t8,1,122270,30844,0,1.0873,0.4473,0.2007,0,1.7353,0
63,cpu_t8,2,122270,30844,0,1.0882,0.4425,0.2012,0,1.7319,0
63,cpu_t8,3,122270,30844,0,1.0444,0.4345,0.2035,0,1.6824,0
63,cpu_t8,4,122270,30844,0,1.0515,0.4490,0.2036,0,1.7042,0
63,cpu_t16,0,122270,30844,0,0.7113,0.2072,0.1896,0,1.1081,0
63,cpu_t16,1,122270,30844,0,1.4026,0.3502,0.1927,0,1.9455,0
63,cpu_t16,2,122270,30844,0,1.3424,0.3979,0.1898,0,1.9302,0
63,cpu_t16,3,122270,30844,0,1.4272,0.3753,0.1941,0,1.9966,0
63,cpu_t16,4,122270,30844,0,1.3813,0.3935,0.2085,0,1.9832,0
63,gpu_thrust_uf,0,122270,30844,0.0876,0.8787,0.0973,0.3400,0.0557,1.4963,0
63,gpu_thrust_uf,1,122270,30844,0.1328,0.8926,0.0788,0.2376,0.0249,1.3973,0
63,gpu_thrust_uf,2,122270,30844,0.0777,0.8143,0.0563,0.2365,0.0272,1.2382,0
63,gpu_thrust_uf,3,122270,30844,0.1311,0.8161,0.0809,0.2376,0.0260,1.3200,0
63,gpu_thrust_uf,4,122270,30844,0.0776,1.1220,0.0481,0.2376,0.0529,1.5907,0
63,gpu_hash_uf,0,122270,30844,0.0794,0.2191,0.0522,0.2376,0.0254,0.6357,0
63,gpu_hash_uf,1,122270,30844,0.0997,2.2346,0.0522,0.2376,0.0270,2.6787,0
63,gpu_hash_uf,2,122270,30844,0.0800,0.2190,0.0492,0.2376,0.0311,0.6396,0
63,gpu_hash_uf,3,122270,30844,0.0796,0.2119,0.0481,0.2376,0.0259,0.6293,0
63,gpu_hash_uf,4,122270,30844,0.0796,0.2091,0.0686,0.2365,0.0265,0.6423,0
63,gpu_hash_prop,0,122270,30844,0.0765,0.2270,0.0481,12.1764,0.0229,12.5720,169
63,gpu_hash_prop,1,122270,30844,0.0807,0.2270,0.0553,14.0299,0.0610,14.4824,169
63,gpu_hash_prop,2,122270,30844,0.0798,0.3214,0.0563,18.7484,0.0385,19.2705,169
63,gpu_hash_prop,3,122270,30844,0.1032,1.2587,0.1034,21.6054,0.1315,23.2320,169
63,gpu_hash_prop,4,122270,30844,0.0770,0.3658,0.0901,19.1508,0.1234,19.8346,169
64,cpu_t1,0,122376,30816,0,4.2029,1.4281,0.1527,0,5.7836,0
64,cpu_t1,1,122376,30816,0,4.1388,1.5252,0.1995,0,5.8635,0
64,cpu_t1,2,122376,30816,0,4.2034,1.4500,0.1555,0,5.8088,0
64,cpu_t1,3,122376,30816,0,4.1561,1.4237,0.1859,0,5.7656,0
64,cpu_t1,4,122376,30816,0,4.0991,1.6874,0.1861,0,5.9725,0
64,cpu_t2,0,122376,30816,0,2.1110,0.7773,0.1543,0,3.0426,0
64,cpu_t2,1,122376,30816,0,2.1737,0.7114,0.1545,0,3.0396,0
64,cpu_t2,2,122376,30816,0,2.1702,0.7212,0.1548,0,3.0463,0
64,cpu_t2,3,122376,30816,0,2.1853,0.8107,0.1981,0,3.1941,0
64,cpu_t2,4,122376,30816,0,2.1976,0.7996,0.1682,0,3.1653,0
64,cpu_t4,0,122376,30816,0,1.2568,0.3711,0.1533,0,1.7812,0
64,cpu_t4,1,122376,30816,0,1.2205,0.4220,0.1565,0,1.7990,0
64,cpu_t4,2,122376,30816,0,1.3977,0.4630,0.1557,0,2.0164,0
64,cpu_t4,3,122376,30816,0,1.1849,0.4215,0.1518,0,1.7582,0
64,cpu_t4,4,122376,30816,0,1.2040,0.3641,0.1489,0,1.7170,0
64,cpu_t8,0,122376,30816,0,1.4611,0.3872,0.2252,0,2.0735,0
64,cpu_t8,1,122376,30816,0,1.0331,0.3710,0.2708,0,1.6750,0
64,cpu_t8,2,122376,30816,0,1.2055,0.4182,0.1989,0,1.8225,0
64,cpu_t8,3,122376,30816,0,1.0600,0.3998,0.2055,0,1.6653,0
64,cpu_t8,4,122376,30816,0,1.0682,0.3898,0.1834,0,1.6414,0
64,cpu_t16,0,122376,30816,0,0.7030,0.1991,0.1870,0,1.0892,0
64,cpu_t16,1,122376,30816,0,1.4536,0.4048,0.1838,0,2.0423,0
64,cpu_t16,2,122376,30816,0,1.6374,0.5085,0.1853,0,2.3312,0
64,cpu_t16,3,122376,30816,0,1.4912,0.3650,0.1875,0,2.0437,0
64,cpu_t16,4,122376,30816,0,1.2881,0.1927,0.1850,0,1.6659,0
64,gpu_thrust_uf,0,122376,30816,0.0825,1.2850,0.0573,0.3420,0.0366,1.8406,0
64,gpu_thrust_uf,1,122376,30816,0.0778,0.8156,0.0983,0.4311,0.0422,1.4924,0
64,gpu_thrust_uf,2,122376,30816,0.0766,0.8494,0.0963,0.4055,0.0452,1.5008,0
64,gpu_thrust_uf,3,122376,30816,0.1100,0.8217,0.0758,0.3420,0.0140,1.4005,0
64,gpu_thrust_uf,4,122376,30816,0.0764,1.6421,0.1085,0.4393,0.0481,2.3409,0
64,gpu_hash_uf,0,122376,30816,0.0778,0.3772,0.0970,0.4219,0.0427,1.0416,0
64,gpu_hash_uf,1,122376,30816,0.0775,0.5232,0.0502,0.3635,0.0379,1.0815,0
64,gpu_hash_uf,2,122376,30816,0.0764,0.5244,0.0970,0.4526,0.0554,1.2340,0
64,gpu_hash_uf,3,122376,30816,0.0776,0.4931,0.0492,0.4198,0.0419,1.1143,0
64,gpu_hash_uf,4,122376,30816,0.0765,0.3351,0.0963,0.4229,0.0291,0.9875,0
64,gpu_hash_prop,0,122376,30816,0.0806,0.4737,0.0971,18.4856,0.0913,19.2523,156
64,gpu_hash_prop,1,122376,30816,0.0807,0.4059,0.0963,19.1222,0.1300,19.8748,156
64,gpu_hash_prop,2,122376,30816,0.0772,0.5392,0.0502,21.3350,0.0908,22.1153,156
64,gpu_hash_prop,3,122376,30816,0.0772,0.4531,0.0501,18.4025,0.1029,19.1125,156
64,gpu_hash_prop,4,122376,30816,0.0996,0.3889,0.0952,12.8063,0.0226,13.4432,156
65,cpu_t1,0,122474,30852,0,4.0992,1.4379,0.1535,0,5.6907,0
65,cpu_t1,1,122474,30852,0,4.0808,1.4010,0.1496,0,5.6314,0
65,cpu_t1,2,122474,30852,0,4.0731,1.4468,0.1519,0,5.6718,0
65,cpu_t1,3,122474,30852,0,4.0394,1.4334,0.1617,0,5.6344,0
65,cpu_t1,4,122474,30852,0,4.0363,1.4449,0.2002,0,5.6815,0
65,cpu_t2,0,122474,30852,0,2.0984,0.7848,0.1521,0,3.0353,0
65,cpu_t2,1,122474,30852,0,2.1700,0.7265,0.1628,0,3.0593,0
65,cpu_t2,2,122474,30852,0,2.0747,0.7571,0.1509,0,2.9828,0
65,cpu_t2,3,122474,30852,0,2.0818,0.7793,0.1841,0,3.0451,0
65,cpu_t2,4,122474,30852,0,2.0600,0.9748,0.1504,0,3.1852,0
65,cpu_t4,0,122474,30852,0,1.2686,0.4159,0.1502,0,1.8348,0
65,cpu_t4,1,122474,30852,0,1.5457,0.3956,0.1503,0,2.0916,0
65,cpu_t4,2,122474,30852,0,1.1814,0.3925,0.1549,0,1.7288,0
65,cpu_t4,3,122474,30852,0,1.2406,0.3815,0.1511,0,1.7731,0
65,cpu_t4,4,122474,30852,0,1.2084,0.3911,0.1506,0,1.7501,0
65,cpu_t8,0,122474,30852,0,1.0184,0.4294,0.1537,0,1.6016,0
65,cpu_t8,1,122474,30852,0,0.9723,0.4071,0.1539,0,1.5333,0
65,cpu_t8,2,122474,30852,0,0.9871,0.3851,0.1515,0,1.5237,0
65,cpu_t8,3,122474,30852,0,0.9607,0.3962,0.1523,0,1.5093,0
65,cpu_t8,4,122474,30852,0,0.9600,0.4050,0.2098,0,1.5747,0
65,cpu_t16,0,122474,30852,0,0.7227,0.2190,0.1936,0,1.1353,0
65,cpu_t16,1,122474,30852,0,0.7258,0.2225,0.1867,0,1.1350,0
65,cpu_t16,2,122474,30852,0,0.7954,0.2786,0.1874,0,1.2614,0
65,cpu_t16,3,122474,30852,0,0.7321,0.2229,0.2016,0,1.1567,0
65,cpu_t16,4,122474,30852,0,0.7364,0.2234,0.1993,0,1.1591,0
65,gpu_thrust_uf,0,122474,30852,0.0820,0.8137,0.0543,0.2949,0.0274,1.3197,0
65,gpu_thrust_uf,1,122474,30852,0.0765,0.7635,0.0543,0.2959,0.0298,1.2483,0
65,gpu_thrust_uf,2,122474,30852,0.0767,1.0471,0.0512,0.2970,0.0213,1.5211,0
65,gpu_thrust_uf,3,122474,30852,0.0893,2.5442,0.0543,0.2970,0.0220,3.0342,0
65,gpu_thrust_uf,4,122474,30852,0.0803,0.7607,0.0582,0.2949,0.0330,1.2556,0
65,gpu_hash_uf,0,122474,30852,0.0805,0.2474,0.0625,0.3195,0.0242,0.7538,0
65,gpu_hash_uf,1,122474,30852,0.0812,0.2367,0.0573,0.2949,0.0244,0.7199,0
65,gpu_hash_uf,2,122474,30852,0.0765,0.2085,0.0502,0.2949,0.0401,0.6952,0
65,gpu_hash_uf,3,122474,30852,0.0776,0.2149,0.0502,0.2949,0.0287,0.6958,0
65,gpu_hash_uf,4,122474,30852,0.0802,0.2134,0.0512,0.2949,0.0233,0.6883,0
65,gpu_hash_prop,0,122474,30852,0.0798,0.2134,0.0829,13.7052,0.0313,14.1348,175
65,gpu_hash_prop,1,122474,30852,0.0805,0.2276,0.0502,13.2762,0.0263,13.6794,175
65,gpu_hash_prop,2,122474,30852,0.0771,0.2818,0.0502,10.7807,0.0303,11.2409,175
65,gpu_hash_prop,3,122474,30852,0.0770,0.4349,0.0502,11.8282,0.0297,12.4425,175
65,gpu_hash_prop,4,122474,30852,0.0778,0.2400,0.0594,13.9551,0.0303,14.3843,175
66,cpu_t1,0,122627,30870,0,4.0581,1.5073,0.1501,0,5.7155,0
66,cpu_t1,1,122627,30870,0,4.0894,1.5488,0.1515,0,5.7897,0
66,cpu_t1,2,122627,30870,0,4.1970,1.4859,0.1507,0,5.8336,0
66,cpu_t1,3,122627,30870,0,4.0254,1.6042,0.1521,0,5.7817,0
66,cpu_t1,4,122627,30870,0,4.4201,2.1464,0.2236,0,6.7902,0
66,cpu_t2,0,122627,30870,0,2.1324,0.7596,0.1491,0,3.0411,0
66,cpu_t2,1,122627,30870,0,2.0250,0.7178,0.1457,0,2.8886,0
66,cpu_t2,2,122627,30870,0,2.2150,0.8825,0.1491,0,3.2465,0
66,cpu_t2,3,122627,30870,0,2.4506,0.7390,0.1477,0,3.3373,0
66,cpu_t2,4,122627,30870,0,2.1384,0.7540,0.1466,0,3.0390,0
66,cpu_t4,0,122627,30870,0,1.2725,0.3823,0.1471,0,1.8018,0
66,cpu_t4,1,122627,30870,0,1.1955,0.3816,0.1470,0,1.7241,0
66,cpu_t4,2,122627,30870,0,1.2912,0.4117,0.1459,0,1.8489,0
66,cpu_t4,3,122627,30870,0,1.5691,0.7694,0.1946,0,2.5331,0
66,cpu_t4,4,122627,30870,0,1.6492,0.7464,0.1816,0,2.5772,0
66,cpu_t8,0,122627,30870,0,1.0399,0.3923,0.1861,0,1.6184,0
66,cpu_t8,1,122627,30870,0,1.0273,0.3962,0.1864,0,1.6099,0
66,cpu_t8,2,122627,30870,0,1.0509,0.3869,0.1842,0,1.6220,0
66,cpu_t8,3,122627,30870,0,1.0673,0.3922,0.1824,0,1.6419,0
66,cpu_t8,4,122627,30870,0,1.0257,0.4002,0.1823,0,1.6083,0
66,cpu_t16,0,122627,30870,0,1.3002,0.2222,0.1884,0,1.7108,0
66,cpu_t16,1,122627,30870,0,0.8025,0.2407,0.2395,0,1.2826,0
66,cpu_t16,2,122627,30870,0,0.8281,0.2247,0.2172,0,1.2700,0
66,cpu_t16,3,122627,30870,0,0.7304,0.2158,0.1880,0,1.1342,0
66,cpu_t16,4,122627,30870,0,0.7420,0.2046,0.1831,0,1.1298,0
66,gpu_thrust_uf,0,122627,30870,0.1231,1.2714,0.0594,0.2058,0.0194,1.7171,0
66,gpu_thrust_uf,1,122627,30870,0.0870,6.1674,0.0553,0.2058,0.0206,6.5619,0
66,gpu_thrust_uf,2,122627,30870,0.0818,0.8354,0.0584,0.2058,0.0289,1.2335,0
66,gpu_thrust_uf,3,122627,30870,0.0822,0.7876,0.0563,0.2048,0.0223,1.1815,0
66,gpu_thrust_uf,4,122627,30870,0.0800,0.8009,0.0992,0.2744,0.0291,1.3094,0
66,gpu_hash_uf,0,122627,30870,0.0812,0.3612,0.0510,0.2468,0.0750,0.8862,0
66,gpu_hash_uf,1,122627,30870,0.1195,0.4391,0.0512,0.2406,0.0274,0.9128,0
66,gpu_hash_uf,2,122627,30870,0.0777,0.3958,0.0973,0.2560,0.0521,0.9087,0
66,gpu_hash_uf,3,122627,30870,0.0777,0.3708,0.0952,0.2785,0.0413,0.8974,0
66,gpu_hash_uf,4,122627,30870,0.0779,0.4448,0.1013,0.2314,0.0515,0.9349,0
66,gpu_hash_prop,0,122627,30870,0.0800,0.4560,0.1147,20.5875,0.0990,21.3630,177
66,gpu_hash_prop,1,122627,30870,0.1006,0.4293,0.0512,22.0846,0.0331,22.7469,177
66,gpu_hash_prop,2,122627,30870,0.0794,0.4161,0.1198,21.9935,0.0309,22.6659,177
66,gpu_hash_prop,3,122627,30870,0.0813,0.4117,0.0973,20.0520,0.0953,20.7597,177
66,gpu_hash_prop,4,122627,30870,0.0776,0.3939,0.0531,19.4621,0.0999,20.1121,177
67,cpu_t1,0,122763,31109,0,3.9775,1.5579,0.1656,0,5.7010,0
67,cpu_t1,1,122763,31109,0,4.0344,1.4566,0.1731,0,5.6640,0
67,cpu_t1,2,122763,31109,0,4.0000,1.4600,0.1620,0,5.6220,0
67,cpu_t1,3,122763,31109,0,3.9944,1.5490,0.1622,0,5.7057,0
67,cpu_t1,4,122763,31109,0,4.0281,1.4691,0.1628,0,5.6600,0
67,cpu_t2,0,122763,31109,0,2.1110,0.7584,0.1678,0,3.0373,0
67,cpu_t2,1,122763,31109,0,2.1062,0.7452,0.1624,0,3.0138,0
67,cpu_t2,2,122763,31109,0,2.1026,0.8262,0.1659,0,3.0947,0
67,cpu_t2,3,122763,31109,0,2.0763,1.2591,0.2048,0,3.5402,0
67,cpu_t2,4,122763,31109,0,2.8253,1.3839,0.1646,0,4.3737,0
67,cpu_t4,0,122763,31109,0,1.2369,0.3913,0.1639,0,1.7921,0
67,cpu_t4,1,122763,31109,0,1.2268,0.4014,0.1652,0,1.7933,0
67,cpu_t4,2,122763,31109,0,1.3987,0.7794,0.1663,0,2.3444,0
67,cpu_t4,3,122763,31109,0,1.4699,0.7892,0.1858,0,2.4449,0
67,cpu_t4,4,122763,31109,0,1.4155,0.4055,0.1630,0,1.9840,0
67,cpu_t8,0,122763,31109,0,1.0457,0.4168,0.2262,0,1.6887,0
67,cpu_t8,1,122763,31109,0,1.0351,0.4269,0.2054,0,1.6673,0
67,cpu_t8,2,122763,31109,0,1.0843,0.4198,0.2027,0,1.7067,0
67,cpu_t8,3,122763,31109,0,1.0436,0.4268,0.2121,0,1.6825,0
67,cpu_t8,4,122763,31109,0,1.0573,0.4265,0.2036,0,1.6874,0
67,cpu_t16,0,122763,31109,0,0.7681,0.2262,0.2079,0,1.2023,0
67,cpu_t16,1,122763,31109,0,0.7132,0.2174,0.2051,0,1.1358,0
67,cpu_t16,2,122763,31109,0,0.7377,0.2144,0.2060,0,1.1580,0
67,cpu_t16,3,122763,31109,0,0.7300,0.2144,0.2119,0,1.1563,0
67,cpu_t16,4,122763,31109,0,0.9604,0.2195,0.2066,0,1.3866,0
67,gpu_thrust_uf,0,122763,31109,0.0828,1.2290,0.0543,0.2099,0.0264,1.6378,0
67,gpu_thrust_uf,1,122763,31109,0.0924,2.8607,0.0563,0.2089,0.0408,3.2910,0
67,gpu_thrust_uf,2,122763,31109,0.0780,0.7558,0.0645,0.2130,0.0306,1.1680,0
67,gpu_thrust_uf,3,122763,31109,0.0804,0.7489,0.0614,0.2130,0.0276,1.1566,0
67,gpu_thrust_uf,4,122763,31109,0.0797,0.7729,0.0614,0.2130,0.0270,1.1793,0
67,gpu_hash_uf,0,122763,31109,0.0799,0.2107,0.0563,0.2068,0.0262,0.6033,0
67,gpu_hash_uf,1,122763,31109,0.0766,0.4056,0.1229,0.2130,0.0265,0.8739,0
67,gpu_hash_uf,2,122763,31109,0.0767,0.3617,0.0532,0.2273,0.0332,0.7787,0
67,gpu_hash_uf,3,122763,31109,0.0769,0.4504,0.0973,0.2631,0.0390,0.9552,0
67,gpu_hash_uf,4,122763,31109,0.0783,0.3874,0.0532,0.2284,0.0274,0.8062,0
67,gpu_hash_prop,0,122763,31109,0.0776,0.2584,0.0563,11.7770,0.0252,12.2153,153
67,gpu_hash_prop,1,122763,31109,0.0775,0.2195,0.0563,12.5430,0.0207,12.9379,153
67,gpu_hash_prop,2,122763,31109,0.0799,0.2441,0.0604,16.1987,0.0853,16.6887,153
67,gpu_hash_prop,3,122763,31109,0.0784,0.5308,0.1096,17.5700,0.0985,18.4145,153
67,gpu_hash_prop,4,122763,31109,0.0883,0.4860,0.1065,17.2687,0.0851,18.0615,153
68,cpu_t1,0,122850,31093,0,4.1109,1.4983,0.1486,0,5.7578,0
68,cpu_t1,1,122850,31093,0,4.0558,1.4914,0.1462,0,5.6934,0
68,cpu_t1,2,122850,31093,0,4.1112,1.5018,0.1973,0,5.8103,0
68,cpu_t1,3,122850,31093,0,4.0629,1.4476,0.1457,0,5.6562,0
68,cpu_t1,4,122850,31093,0,4.0484,1.5309,0.1464,0,5.7258,0
68,cpu_t2,0,122850,31093,0,2.1328,0.7366,0.1453,0,3.0146,0
68,cpu_t2,1,122850,31093,0,2.0912,0.7845,0.1547,0,3.0304,0
68,cpu_t2,2,122850,31093,0,2.0712,0.8399,0.1434,0,3.0546,0
68,cpu_t2,3,122850,31093,0,2.1674,0.7953,0.1450,0,3.1077,0
68,cpu_t2,4,122850,31093,0,2.2307,0.8276,0.1826,0,3.2410,0
68,cpu_t4,0,122850,31093,0,1.2117,0.4288,0.1481,0,1.7885,0
68,cpu_t4,1,122850,31093,0,1.2429,0.3887,0.1450,0,1.7766,0
68,cpu_t4,2,122850,31093,0,1.2002,0.4266,0.1458,0,1.7726,0
68,cpu_t4,3,122850,31093,0,1.2142,0.4211,0.1578,0,1.7931,0
68,cpu_t4,4,122850,31093,0,1.1990,0.5448,0.1790,0,1.9229,0
68,cpu_t8,0,122850,31093,0,1.1129,0.4229,0.1505,0,1.6863,0
68,cpu_t8,1,122850,31093,0,0.9277,0.3999,0.1485,0,1.4761,0
68,cpu_t8,2,122850,31093,0,0.9576,0.3760,0.1471,0,1.4807,0
68,cpu_t8,3,122850,31093,0,0.9226,0.3903,0.1466,0,1.4595,0
68,cpu_t8,4,122850,31093,0,0.9291,0.3914,0.1464,0,1.4670,0
68,cpu_t16,0,122850,31093,0,0.8236,0.2129,0.1894,0,1.2259,0
68,cpu_t16,1,122850,31093,0,0.8395,0.4478,0.1883,0,1.4756,0
68,cpu_t16,2,122850,31093,0,1.3609,0.4584,0.1895,0,2.0088,0
68,cpu_t16,3,122850,31093,0,1.3153,0.4375,0.1965,0,1.9493,0
68,cpu_t16,4,122850,31093,0,1.4257,0.4524,0.1963,0,2.0744,0
68,gpu_thrust_uf,0,122850,31093,0.0882,0.9414,0.0932,0.1905,0.0227,1.3725,0
68,gpu_thrust_uf,1,122850,31093,0.0802,0.7843,0.0625,0.1905,0.0196,1.1622,0
68,gpu_thrust_uf,2,122850,31093,0.0800,0.7812,0.0829,0.1905,0.0220,1.1824,0
68,gpu_thrust_uf,3,122850,31093,0.0770,0.7489,0.1270,0.1905,0.0519,1.2205,0
68,gpu_thrust_uf,4,122850,31093,0.0780,0.8501,0.1004,0.2703,0.0391,1.3649,0
68,gpu_hash_uf,0,122850,31093,0.0782,1.4341,0.1014,0.1864,0.0456,1.8793,0
68,gpu_hash_uf,1,122850,31093,0.0843,0.3647,0.1003,0.2970,0.0436,0.9242,0
68,gpu_hash_uf,2,122850,31093,0.1096,2.4988,0.1001,0.2427,0.0328,3.0122,0
68,gpu_hash_uf,3,122850,31093,0.0780,0.3852,0.0983,0.2877,0.0419,0.9237,0
68,gpu_hash_uf,4,122850,31093,0.0781,0.4113,0.0973,0.2621,0.0421,0.9185,0
68,gpu_hash_prop,0,122850,31093,0.0773,0.4582,0.1012,19.8513,0.0945,20.6044,182
68,gpu_hash_prop,1,122850,31093,0.0779,1.4573,0.0553,27.0756,0.1157,28.8102,182
68,gpu_hash_prop,2,122850,31093,0.2944,0.4290,0.1279,32.9554,0.1120,33.9473,182
68,gpu_hash_prop,3,122850,31093,0.3066,0.4480,0.0625,31.8700,0.0352,32.7624,182
68,gpu_hash_prop,4,122850,31093,0.2958,0.3643,0.0573,23.6728,0.0471,24.4632,182
69,cpu_t1,0,122945,31569,0,4.4560,1.5762,0.1652,0,6.1974,0
69,cpu_t1,1,122945,31569,0,4.1812,1.5042,0.1585,0,5.8439,0
69,cpu_t1,2,122945,31569,0,4.5300,1.5399,0.1636,0,6.2335,0
69,cpu_t1,3,122945,31569,0,4.1967,1.5863,0.1623,0,5.9453,0
69,cpu_t1,4,122945,31569,0,4.2684,1.5519,0.1595,0,5.9798,0
69,cpu_t2,0,122945,31569,0,2.4920,1.0125,0.1884,0,3.6929,0
69,cpu_t2,1,122945,31569,0,2.5089,1.1123,0.1617,0,3.7829,0
69,cpu_t2,2,122945,31569,0,2.5854,1.6569,0.2079,0,4.4502,0
69,cpu_t2,3,122945,31569,0,2.8852,0.8818,0.1595,0,3.9265,0
69,cpu_t2,4,122945,31569,0,2.4515,0.7822,0.1653,0,3.3991,0
69,cpu_t4,0,122945,31569,0,1.5221,0.5617,0.1589,0,2.2428,0
69,cpu_t4,1,122945,31569,0,1.3407,0.3972,0.1828,0,1.9207,0
69,cpu_t4,2,122945,31569,0,1.2156,0.4057,0.1741,0,1.7954,0
69,cpu_t4,3,122945,31569,0,1.2307,0.4364,0.1578,0,1.8249,0
69,cpu_t4,4,122945,31569,0,1.2230,0.3983,0.1637,0,1.7850,0
69,cpu_t8,0,122945,31569,0,1.1729,0.5447,0.1975,0,1.9150,0
69,cpu_t8,1,122945,31569,0,1.0353,0.4106,0.1942,0,1.6400,0
69,cpu_t8,2,122945,31569,0,1.0212,0.4438,0.1745,0,1.6395,0
69,cpu_t8,3,122945,31569,0,1.0932,0.4311,0.1777,0,1.7020,0
69,cpu_t8,4,122945,31569,0,1.3748,0.4156,0.1586,0,1.9490,0
69,cpu_t16,0,122945,31569,0,1.2489,0.2663,0.2011,0,1.7163,0
69,cpu_t16,1,122945,31569,0,0.7342,0.2253,0.1986,0,1.1581,0
69,cpu_t16,2,122945,31569,0,0.7372,0.2384,0.2077,0,1.1833,0
69,cpu_t16,3,122945,31569,0,0.8935,0.2237,0.1967,0,1.3140,0
69,cpu_t16,4,122945,31569,0,0.7405,0.2293,0.2008,0,1.1706,0
69,gpu_thrust_uf,0,122945,31569,0.0833,1.7725,0.0543,0.1874,0.0356,2.1728,0
69,gpu_thrust_uf,1,122945,31569,0.0778,0.8892,0.0532,0.1874,0.0339,1.2671,0
69,gpu_thrust_uf,2,122945,31569,0.0767,0.8476,0.0881,0.1874,0.0167,1.2414,0
69,gpu_thrust_uf,3,122945,31569,0.0898,3.0474,0.0553,0.1874,0.0281,3.4325,0
69,gpu_thrust_uf,4,122945,31569,0.1059,0.8240,0.0963,0.2673,0.0304,1.3498,0
69,gpu_hash_uf,0,122945,31569,0.0780,0.4801,0.0511,0.2365,0.0297,0.9130,0
69,gpu_hash_uf,1,122945,31569,0.0768,0.3900,0.0512,0.2232,0.0401,0.8091,0
69,gpu_hash_uf,2,122945,31569,0.0780,0.3843,0.0541,0.2212,0.0307,0.7946,0
69,gpu_hash_uf,3,122945,31569,0.0768,0.3541,0.0502,0.2447,0.0312,0.7853,0
69,gpu_hash_uf,4,122945,31569,0.0768,0.4973,0.1034,0.2785,0.0303,1.0129,0
69,gpu_hash_prop,0,122945,31569,0.0806,0.4417,0.0543,19.1754,0.0846,19.8590,162
69,gpu_hash_prop,1,122945,31569,0.0774,0.4732,0.1126,18.7372,0.1028,19.5284,162
69,gpu_hash_prop,2,122945,31569,0.0879,0.3709,0.0932,15.7082,0.0455,16.3322,162
69,gpu_hash_prop,3,122945,31569,0.0805,0.2219,0.0584,12.5778,0.0401,13.0016,162
69,gpu_hash_prop,4,122945,31569,0.0784,0.2169,0.0502,9.6307,0.0349,10.0340,162
70,cpu_t1,0,122973,31654,0,4.4082,1.6991,0.1596,0,6.2669,0
70,cpu_t1,1,122973,31654,0,4.2550,1.4730,0.1598,0,5.8878,0
70,cpu_t1,2,122973,31654,0,4.1684,1.5496,0.1725,0,5.8905,0
70,cpu_t1,3,122973,31654,0,4.3939,1.5412,0.1545,0,6.0896,0
70,cpu_t1,4,122973,31654,0,4.1596,1.5067,0.1520,0,5.8183,0
70,cpu_t2,0,122973,31654,0,2.2031,0.7781,0.1544,0,3.1356,0
70,cpu_t2,1,122973,31654,0,2.3187,1.4003,0.1872,0,3.9062,0
70,cpu_t2,2,122973,31654,0,2.7972,1.4973,0.1923,0,4.4868,0
70,cpu_t2,3,122973,31654,0,2.8408,1.5951,0.1993,0,4.6352,0
70,cpu_t2,4,122973,31654,0,2.8954,1.6147,0.1891,0,4.6993,0
70,cpu_t4,0,122973,31654,0,1.6021,0.7576,0.1949,0,2.5546,0
70,cpu_t4,1,122973,31654,0,1.6173,0.7715,0.1926,0,2.5815,0
70,cpu_t4,2,122973,31654,0,1.5830,0.7441,0.1917,0,2.5189,0
70,cpu_t4,3,122973,31654,0,1.6272,0.7421,0.1942,0,2.5634,0
70,cpu_t4,4,122973,31654,0,1.5966,0.7534,0.2091,0,2.5590,0
70,cpu_t8,0,122973,31654,0,1.2750,0.4167,0.2030,0,1.8946,0
70,cpu_t8,1,122973,31654,0,1.0695,0.4035,0.2057,0,1.6786,0
70,cpu_t8,2,122973,31654,0,1.0688,0.4411,0.2095,0,1.7195,0
70,cpu_t8,3,122973,31654,0,1.2743,0.4072,0.2073,0,1.8888,0
70,cpu_t8,4,122973,31654,0,1.0556,0.4229,0.2000,0,1.6785,0
70,cpu_t16,0,122973,31654,0,1.3527,0.3611,0.2452,0,1.9590,0
70,cpu_t16,1,122973,31654,0,1.4035,0.4013,0.2674,0,2.0721,0
70,cpu_t16,2,122973,31654,0,1.6628,0.3865,0.1995,0,2.2487,0
70,cpu_t16,3,122973,31654,0,1.3480,0.4306,0.2008,0,1.9793,0
70,cpu_t16,4,122973,31654,0,1.3338,0.3465,0.2048,0,1.8850,0
70,gpu_thrust_uf,0,122973,31654,0.0838,1.0078,0.0778,0.2632,0.0829,1.5563,0
70,gpu_thrust_uf,1,122973,31654,0.1034,1.5733,0.0584,0.3185,0.0394,2.1328,0
70,gpu_thrust_uf,2,122973,31654,0.0827,2.9476,0.0604,0.2632,0.0263,3.4103,0
70,gpu_thrust_uf,3,122973,31654,0.0808,0.7126,0.0573,0.2632,0.0267,1.1659,0
70,gpu_thrust_uf,4,122973,31654,0.0799,0.7640,0.0584,0.2621,0.0236,1.2142,0
70,gpu_hash_uf,0,122973,31654,0.0779,0.2641,0.0911,0.3410,0.0298,0.8381,0
70,gpu_hash_uf,1,122973,31654,0.0779,0.4406,0.0952,0.3707,0.0301,1.0486,0
70,gpu_hash_uf,2,122973,31654,0.0781,0.3938,0.1188,0.2632,0.0284,0.9116,0
70,gpu_hash_uf,3,122973,31654,0.0966,0.4387,0.0972,0.3645,0.0307,1.0571,0
70,gpu_hash_uf,4,122973,31654,0.0772,0.4655,0.0960,0.3461,0.0325,1.0581,0
70,gpu_hash_prop,0,122973,31654,0.0784,0.2970,0.0584,20.6275,0.0894,21.1772,187
70,gpu_hash_prop,1,122973,31654,0.0776,0.4382,0.0983,23.3421,0.0312,23.4172,187
70,gpu_hash_prop,2,122973,31654,0.0775,0.4516,0.0502,19.3403,0.0314,18.4865,187
70,gpu_hash_prop,3,122973,31654,0.0783,0.3574,0.0512,22.0846,0.0402,20.9554,187
70,gpu_hash_prop,4,122973,31654,0.0808,0.4140,0.1311,21.9894,0.0278,20.9835,187
71,cpu_t1,0,123038,31877,0,3.8956,1.6114,0.1543,0,5.6612,0
71,cpu_t1,1,123038,31877,0,3.8541,1.4148,0.1563,0,5.4252,0
71,cpu_t1,2,123038,31877,0,4.0073,1.4787,0.1568,0,5.6428,0
71,cpu_t1,3,123038,31877,0,3.8520,1.4374,0.1503,0,5.4398,0
71,cpu_t1,4,123038,31877,0,3.8209,1.5961,0.1733,0,5.5903,0
71,cpu_t2,0,123038,31877,0,2.1523,0.7004,0.1709,0,3.0236,0
71,cpu_t2,1,123038,31877,0,1.9774,0.7408,0.1660,0,2.8842,0
71,cpu_t2,2,123038,31877,0,2.2164,1.5250,0.2205,0,3.9620,0
71,cpu_t2,3,123038,31877,0,3.2435,1.5406,0.2111,0,4.9951,0
71,cpu_t2,4,123038,31877,0,2.7072,0.7938,0.1513,0,3.6523,0
71,cpu_t4,0,123038,31877,0,1.2677,0.5847,0.1544,0,2.0068,0
71,cpu_t4,1,123038,31877,0,1.3915,0.3661,0.1525,0,1.9101,0
71,cpu_t4,2,123038,31877,0,1.1163,0.3691,0.1656,0,1.6510,0
71,cpu_t4,3,123038,31877,0,1.3119,0.4794,0.1522,0,1.9436,0
71,cpu_t4,4,123038,31877,0,1.1311,0.3697,0.1617,0,1.6625,0
71,cpu_t8,0,123038,31877,0,1.0908,0.3902,0.1516,0,1.6326,0
71,cpu_t8,1,123038,31877,0,0.9589,0.4062,0.1497,0,1.5148,0
71,cpu_t8,2,123038,31877,0,0.8836,0.3589,0.1573,0,1.3998,0
71,cpu_t8,3,123038,31877,0,0.8718,0.3875,0.1514,0,1.4107,0
71,cpu_t8,4,123038,31877,0,0.9138,0.3791,0.1497,0,1.4427,0
71,cpu_t16,0,123038,31877,0,0.9468,0.2970,0.1909,0,1.4347,0
71,cpu_t16,1,123038,31877,0,0.6812,0.2194,0.1933,0,1.0940,0
71,cpu_t16,2,123038,31877,0,0.7042,0.2169,0.2050,0,1.1262,0
71,cpu_t16,3,123038,31877,0,0.6861,0.2222,0.1997,0,1.1080,0
71,cpu_t16,4,123038,31877,0,0.7182,0.2167,0.1985,0,1.1334,0
71,gpu_thrust_uf,0,123038,31877,0.0857,1.7844,0.0809,0.2642,0.0231,2.1057,0
71,gpu_thrust_uf,1,123038,31877,0.0768,3.1182,0.0522,0.2406,0.0284,3.2796,0
71,gpu_thrust_uf,2,123038,31877,0.0782,0.8221,0.0543,0.2396,0.0269,1.1630,0
71,gpu_thrust_uf,3,123038,31877,0.0823,0.9043,0.1649,0.3570,0.0487,1.4872,0
71,gpu_thrust_uf,4,123038,31877,0.0963,0.9105,0.0768,0.2396,0.0260,1.2810,0
71,gpu_hash_uf,0,123038,31877,0.0808,0.2788,0.0778,0.2632,0.0263,0.6894,0
71,gpu_hash_uf,1,123038,31877,0.1055,0.2672,0.0543,0.2396,0.0260,0.6641,0
71,gpu_hash_uf,2,123038,31877,0.0781,0.2642,0.0799,0.2386,0.0277,0.6608,0
71,gpu_hash_uf,3,123038,31877,0.0783,0.2833,0.0819,0.2396,0.0262,0.6872,0
71,gpu_hash_uf,4,123038,31877,0.0779,0.2844,0.0543,0.2396,0.0267,0.6557,0
71,gpu_hash_prop,0,123038,31877,0.0807,0.2318,0.0553,14.4374,0.0269,13.7531,160
71,gpu_hash_prop,1,123038,31877,0.0785,0.2493,0.0963,12.5972,0.0516,12.1223,160
71,gpu_hash_prop,2,123038,31877,0.0805,0.2063,0.0625,10.0547,0.0321,9.6794,160
71,gpu_hash_prop,3,123038,31877,0.0780,0.2487,0.0543,11.7402,0.0481,11.2843,160
71,gpu_hash_prop,4,123038,31877,0.0781,0.2790,0.0502,12.8256,0.0234,12.2926,160
72,cpu_t1,0,123007,31600,0,3.7724,1.4637,0.1936,0,5.4297,0
72,cpu_t1,1,123007,31600,0,4.0073,1.4546,0.1602,0,5.6221,0
72,cpu_t1,2,123007,31600,0,3.7966,1.3269,0.1338,0,5.2573,0
72,cpu_t1,3,123007,31600,0,3.7541,1.3783,0.1366,0,5.2690,0
72,cpu_t1,4,123007,31600,0,3.7809,1.3932,0.1348,0,5.3088,0
72,cpu_t2,0,123007,31600,0,1.9500,0.7082,0.1613,0,2.8196,0
72,cpu_t2,1,123007,31600,0,1.9974,0.6812,0.1419,0,2.8205,0
72,cpu_t2,2,123007,31600,0,1.9798,0.6937,0.1438,0,2.8173,0
72,cpu_t2,3,123007,31600,0,2.3845,0.7138,0.1366,0,3.2349,0
72,cpu_t2,4,123007,31600,0,2.0714,0.7539,0.1346,0,2.9599,0
72,cpu_t4,0,123007,31600,0,1.1364,0.3697,0.1352,0,1.6413,0
72,cpu_t4,1,123007,31600,0,1.1436,0.3778,0.1352,0,1.6567,0
72,cpu_t4,2,123007,31600,0,1.1008,0.3839,0.1353,0,1.6199,0
72,cpu_t4,3,123007,31600,0,1.1567,0.4784,0.1395,0,1.7746,0
72,cpu_t4,4,123007,31600,0,1.1176,0.3649,0.1375,0,1.6201,0
72,cpu_t8,0,123007,31600,0,1.0198,0.3672,0.2027,0,1.5897,0
72,cpu_t8,1,123007,31600,0,0.9779,0.3509,0.1923,0,1.5211,0
72,cpu_t8,2,123007,31600,0,1.0114,0.3828,0.1953,0,1.5896,0
72,cpu_t8,3,123007,31600,0,0.9290,0.3497,0.1364,0,1.4151,0
72,cpu_t8,4,123007,31600,0,0.9187,0.3916,0.1454,0,1.4557,0
72,cpu_t16,0,123007,31600,0,1.2443,0.3796,0.1726,0,1.7965,0
72,cpu_t16,1,123007,31600,0,1.3075,0.3957,0.2004,0,1.9036,0
72,cpu_t16,2,123007,31600,0,1.1908,0.2938,0.1790,0,1.6636,0
72,cpu_t16,3,123007,31600,0,0.6834,0.2101,0.1823,0,1.0757,0
72,cpu_t16,4,123007,31600,0,0.6998,0.2016,0.1720,0,1.0734,0
72,gpu_thrust_uf,0,123007,31600,0.0796,1.1612,0.0584,0.1782,0.0265,1.4303,0
72,gpu_thrust_uf,1,123007,31600,0.0805,0.7491,0.0532,0.1792,0.0380,1.0499,0
72,gpu_thrust_uf,2,123007,31600,0.0780,0.8245,0.0758,0.1792,0.0357,1.1473,0
72,gpu_thrust_uf,3,123007,31600,0.0779,1.6516,0.0645,0.1792,0.0281,1.8796,0
72,gpu_thrust_uf,4,123007,31600,0.0799,0.8030,0.0594,0.1792,0.0355,1.0950,0
72,gpu_hash_uf,0,123007,31600,0.0775,0.2230,0.0686,0.1802,0.0326,0.5788,0
72,gpu_hash_uf,1,123007,31600,0.0833,0.3131,0.0573,0.1792,0.0276,0.6460,0
72,gpu_hash_uf,2,123007,31600,0.0812,0.2266,0.0594,0.1792,0.0262,0.5552,0
72,gpu_hash_uf,3,123007,31600,0.0767,0.2839,0.0543,0.1802,0.0265,0.6032,0
72,gpu_hash_uf,4,123007,31600,0.0779,0.2801,0.0829,0.1792,0.0263,0.6217,0
72,gpu_hash_prop,0,123007,31600,0.0799,0.2229,0.0532,17.0588,0.0376,16.1754,192
72,gpu_hash_prop,1,123007,31600,0.0783,0.2654,0.0512,12.3341,0.0306,11.8363,192
72,gpu_hash_prop,2,123007,31600,0.0828,2.3620,0.0540,12.3546,0.0293,13.7952,192
72,gpu_hash_prop,3,123007,31600,0.0819,0.2899,0.0573,13.0519,0.0293,12.5297,192
72,gpu_hash_prop,4,123007,31600,0.0812,0.2136,0.0543,14.7231,0.0333,13.9973,192
73,cpu_t1,0,123012,31554,0,3.7736,1.3111,0.1385,0,5.2232,0
73,cpu_t1,1,123012,31554,0,4.3232,1.4699,0.1751,0,5.9683,0
73,cpu_t1,2,123012,31554,0,3.8457,1.3928,0.1394,0,5.3780,0
73,cpu_t1,3,123012,31554,0,3.8013,1.7045,0.2298,0,5.7357,0
73,cpu_t1,4,123012,31554,0,3.8840,1.3298,0.1411,0,5.3550,0
73,cpu_t2,0,123012,31554,0,1.9465,0.6988,0.1391,0,2.7844,0
73,cpu_t2,1,123012,31554,0,1.9736,0.7139,0.1397,0,2.8272,0
73,cpu_t2,2,123012,31554,0,2.0728,0.6697,0.1409,0,2.8835,0
73,cpu_t2,3,123012,31554,0,1.9609,0.7026,0.1750,0,2.8385,0
73,cpu_t2,4,123012,31554,0,1.9709,0.6877,0.1388,0,2.7974,0
73,cpu_t4,0,123012,31554,0,1.2318,0.4340,0.1789,0,1.8447,0
73,cpu_t4,1,123012,31554,0,1.1825,0.3996,0.1414,0,1.7235,0
73,cpu_t4,2,123012,31554,0,1.2905,0.4685,0.1542,0,1.9132,0
73,cpu_t4,3,123012,31554,0,1.3985,0.7561,0.2009,0,2.3555,0
73,cpu_t4,4,123012,31554,0,1.3205,0.5035,0.1400,0,1.9640,0
73,cpu_t8,0,123012,31554,0,0.9876,0.3932,0.1410,0,1.5219,0
73,cpu_t8,1,123012,31554,0,0.9061,0.3885,0.1409,0,1.4355,0
73,cpu_t8,2,123012,31554,0,0.9110,0.3884,0.1394,0,1.4388,0
73,cpu_t8,3,123012,31554,0,0.8916,0.3830,0.1382,0,1.4129,0
73,cpu_t8,4,123012,31554,0,0.8827,0.3989,0.1401,0,1.4216,0
73,cpu_t16,0,123012,31554,0,1.3097,0.3410,0.1731,0,1.8237,0
73,cpu_t16,1,123012,31554,0,1.2752,0.3906,0.1773,0,1.8431,0
73,cpu_t16,2,123012,31554,0,1.0493,0.2120,0.1752,0,1.4364,0
73,cpu_t16,3,123012,31554,0,0.7703,0.2095,0.1917,0,1.1716,0
73,cpu_t16,4,123012,31554,0,0.6823,0.2024,0.1767,0,1.0614,0
73,gpu_thrust_uf,0,123012,31554,0.0847,0.9517,0.0881,0.2529,0.0259,1.3342,0
73,gpu_thrust_uf,1,123012,31554,0.0779,0.7402,0.0543,0.2529,0.0367,1.1091,0
73,gpu_thrust_uf,2,123012,31554,0.0780,1.8756,0.0512,0.2550,0.0292,2.1471,0
73,gpu_thrust_uf,3,123012,31554,0.0832,0.9308,0.0543,0.2540,0.0268,1.2814,0
73,gpu_thrust_uf,4,123012,31554,0.0976,2.8259,0.1075,0.3830,0.0380,3.2442,0
73,gpu_hash_uf,0,123012,31554,0.0783,0.6215,0.1096,0.3164,0.0484,1.1394,0
73,gpu_hash_uf,1,123012,31554,0.0779,0.6585,0.1075,0.3492,0.0367,1.1820,0
73,gpu_hash_uf,2,123012,31554,0.0820,0.6620,0.1638,0.3123,0.0485,1.2267,0
73,gpu_hash_uf,3,123012,31554,0.0807,0.6726,0.1096,0.3123,0.0485,1.1864,0
73,gpu_hash_uf,4,123012,31554,0.0781,0.6640,0.1075,0.3164,0.0295,1.1608,0
73,gpu_hash_prop,0,123012,31554,0.0782,0.2886,0.0553,19.4570,0.1981,18.6025,158
73,gpu_hash_prop,1,123012,31554,0.1437,0.6452,0.0829,22.8988,0.0382,22.1111,158
73,gpu_hash_prop,2,123012,31554,0.0919,2.1131,0.0983,18.5754,0.0244,19.3729,158
73,gpu_hash_prop,3,123012,31554,0.0767,0.1762,0.0348,7.1608,0.0195,6.9282,158
73,gpu_hash_prop,4,123012,31554,0.0794,0.2085,0.0410,12.1549,0.0330,11.6008,158
74,cpu_t1,0,123048,31491,0,3.7101,1.3914,0.1416,0,5.2431,0
74,cpu_t1,1,123048,31491,0,4.4963,1.4886,0.1457,0,6.1307,0
74,cpu_t1,2,123048,31491,0,4.0792,1.3830,0.1377,0,5.5999,0
74,cpu_t1,3,123048,31491,0,3.7248,1.4304,0.1372,0,5.2924,0
74,cpu_t1,4,123048,31491,0,4.3038,1.4423,0.2033,0,5.9494,0
74,cpu_t2,0,123048,31491,0,1.9405,0.6872,0.1513,0,2.7789,0
74,cpu_t2,1,123048,31491,0,2.0004,0.6895,0.1396,0,2.8296,0
74,cpu_t2,2,123048,31491,0,2.2110,0.7919,0.1415,0,3.1444,0
74,cpu_t2,3,123048,31491,0,1.9503,0.7052,0.1409,0,2.7964,0
74,cpu_t2,4,123048,31491,0,2.2121,0.6899,0.1401,0,3.0421,0
74,cpu_t4,0,123048,31491,0,1.1777,0.3650,0.1410,0,1.6837,0
74,cpu_t4,1,123048,31491,0,1.1268,0.3720,0.1428,0,1.6416,0
74,cpu_t4,2,123048,31491,0,1.1526,0.3783,0.1375,0,1.6685,0
74,cpu_t4,3,123048,31491,0,1.1107,0.4027,0.1392,0,1.6526,0
74,cpu_t4,4,123048,31491,0,1.2263,0.3635,0.1414,0,1.7312,0
74,cpu_t8,0,123048,31491,0,0.9377,0.3986,0.1395,0,1.4758,0
74,cpu_t8,1,123048,31491,0,0.8789,0.3844,0.1374,0,1.4007,0
74,cpu_t8,2,123048,31491,0,0.8749,0.3870,0.1418,0,1.4038,0
74,cpu_t8,3,123048,31491,0,0.9577,0.3758,0.1763,0,1.5098,0
74,cpu_t8,4,123048,31491,0,0.9710,0.3865,0.1758,0,1.5333,0
74,cpu_t16,0,123048,31491,0,1.2661,0.3749,0.1734,0,1.8144,0
74,cpu_t16,1,123048,31491,0,1.2239,0.4161,0.1881,0,1.8282,0
74,cpu_t16,2,123048,31491,0,1.1052,0.3165,0.2660,0,1.6877,0
74,cpu_t16,3,123048,31491,0,0.6647,0.2028,0.1761,0,1.0436,0
74,cpu_t16,4,123048,31491,0,0.6760,0.2193,0.1758,0,1.0712,0
74,gpu_thrust_uf,0,123048,31491,0.0788,1.0303,0.0419,0.1741,0.0272,1.2849,0
74,gpu_thrust_uf,1,123048,31491,0.0822,0.7300,0.0379,0.1608,0.0187,0.9881,0
74,gpu_thrust_uf,2,123048,31491,0.0792,1.0092,0.0840,0.1608,0.0180,1.2732,0
74,gpu_thrust_uf,3,123048,31491,0.0772,1.2963,0.0379,0.1618,0.0276,1.5623,0
74,gpu_thrust_uf,4,123048,31491,0.0764,0.8677,0.0379,0.1608,0.0212,1.1037,0
74,gpu_hash_uf,0,123048,31491,0.0791,0.5372,0.0317,0.1608,0.0254,0.7935,0
74,gpu_hash_uf,1,123048,31491,0.0848,1.3460,0.0338,0.1608,0.0201,1.5497,0
74,gpu_hash_uf,2,123048,31491,0.0870,0.9163,0.0348,0.1608,0.0187,1.1489,0
74,gpu_hash_uf,3,123048,31491,0.0809,0.1685,0.0348,0.1608,0.0174,0.4502,0
74,gpu_hash_uf,4,123048,31491,0.0772,0.2279,0.0348,0.1608,0.0271,0.5099,0
74,gpu_hash_prop,0,123048,31491,0.0776,0.2653,0.0594,11.6920,0.0161,11.2295,196
74,gpu_hash_prop,1,123048,31491,0.0813,0.3027,0.0581,12.3648,0.0413,11.9209,196
74,gpu_hash_prop,2,123048,31491,0.1084,0.2413,0.0410,14.0134,0.0398,13.3909,196
74,gpu_hash_prop,3,123048,31491,0.0776,0.2185,0.0625,13.7400,0.0487,13.1174,196
74,gpu_hash_prop,4,123048,31491,0.0777,0.2576,0.0584,22.7133,0.1213,21.5191,196
75,cpu_t1,0,123092,31395,0,4.0854,1.4818,0.1419,0,5.7090,0
75,cpu_t1,1,123092,31395,0,4.1830,1.3964,0.1421,0,5.7214,0
75,cpu_t1,2,123092,31395,0,3.7442,1.4048,0.1407,0,5.2897,0
75,cpu_t1,3,123092,31395,0,4.0129,1.5091,0.2966,0,5.8186,0
75,cpu_t1,4,123092,31395,0,3.8413,1.3879,0.1514,0,5.3806,0
75,cpu_t2,0,123092,31395,0,2.2988,1.2396,0.2835,0,3.8219,0
75,cpu_t2,1,123092,31395,0,1.9472,0.7616,0.1410,0,2.8497,0
75,cpu_t2,2,123092,31395,0,2.0093,0.7102,0.1399,0,2.8595,0
75,cpu_t2,3,123092,31395,0,1.9488,0.7279,0.1389,0,2.8155,0
75,cpu_t2,4,123092,31395,0,1.9744,0.7110,0.1393,0,2.8247,0
75,cpu_t4,0,123092,31395,0,1.2424,0.5715,0.1486,0,1.9624,0
75,cpu_t4,1,123092,31395,0,1.1184,0.3856,0.1417,0,1.6457,0
75,cpu_t4,2,123092,31395,0,1.1472,0.3883,0.1410,0,1.6765,0
75,cpu_t4,3,123092,31395,0,1.1160,0.3692,0.1398,0,1.6250,0
75,cpu_t4,4,123092,31395,0,1.0970,0.3724,0.1448,0,1.6142,0
75,cpu_t8,0,123092,31395,0,0.7196,0.1916,0.1425,0,1.0537,0
75,cpu_t8,1,123092,31395,0,0.7499,0.2141,0.1416,0,1.1056,0
75,cpu_t8,2,123092,31395,0,0.7559,0.2012,0.1429,0,1.1000,0
75,cpu_t8,3,123092,31395,0,0.7400,0.1940,0.1407,0,1.0747,0
75,cpu_t8,4,123092,31395,0,0.7310,0.1933,0.1373,0,1.0616,0
75,cpu_t16,0,123092,31395,0,1.2862,0.2494,0.1973,0,1.7329,0
75,cpu_t16,1,123092,31395,0,0.7077,0.2287,0.1776,0,1.1139,0
75,cpu_t16,2,123092,31395,0,0.7137,0.2075,0.1856,0,1.1069,0
75,cpu_t16,3,123092,31395,0,0.7143,0.2103,0.1845,0,1.1092,0
75,cpu_t16,4,123092,31395,0,0.7559,0.2066,0.1864,0,1.1489,0
75,gpu_thrust_uf,0,123092,31395,0.0801,0.9224,0.0911,0.2601,0.0908,1.3734,0
75,gpu_thrust_uf,1,123092,31395,0.0991,1.3751,0.0819,0.1208,0.0256,1.6083,0
75,gpu_thrust_uf,2,123092,31395,0.0820,0.8030,0.0369,0.1208,0.0223,1.0186,0
75,gpu_thrust_uf,3,123092,31395,0.0787,2.1082,0.0317,0.1208,0.0276,2.2143,0
75,gpu_thrust_uf,4,123092,31395,0.0890,1.2726,0.0604,0.1546,0.0209,1.5045,0
75,gpu_hash_uf,0,123092,31395,0.0802,0.2304,0.0614,0.1505,0.0180,0.5167,0
75,gpu_hash_uf,1,123092,31395,0.0796,0.2067,0.0399,0.1198,0.0183,0.4526,0
75,gpu_hash_uf,2,123092,31395,0.0800,0.2386,0.0402,0.1206,0.0182,0.4789,0
75,gpu_hash_uf,3,123092,31395,0.0773,0.2080,0.0379,0.1198,0.0185,0.4493,0
75,gpu_hash_uf,4,123092,31395,0.0796,0.2017,0.0604,0.1526,0.0266,0.5016,0
75,gpu_hash_prop,0,123092,31395,0.0880,0.2706,0.0584,10.6619,0.0355,10.3084,176
75,gpu_hash_prop,1,123092,31395,0.0798,0.3329,0.0869,12.5975,0.0221,12.1668,176
75,gpu_hash_prop,2,123092,31395,0.0792,0.2051,0.0348,13.6755,0.0235,12.9952,176
75,gpu_hash_prop,3,123092,31395,0.0778,0.2542,0.0369,13.2577,0.0422,12.6716,176
75,gpu_hash_prop,4,123092,31395,0.0777,0.2524,0.0410,10.1151,0.0387,9.7648,176
76,cpu_t1,0,122965,31258,0,4.3896,1.5661,0.1422,0,6.0978,0
76,cpu_t1,1,122965,31258,0,3.7406,1.3637,0.1329,0,5.2372,0
76,cpu_t1,2,122965,31258,0,3.7418,1.4025,0.1345,0,5.2788,0
76,cpu_t1,3,122965,31258,0,3.9775,1.4925,0.1353,0,5.6053,0
76,cpu_t1,4,122965,31258,0,3.8358,1.3901,0.1327,0,5.3587,0
76,cpu_t2,0,122965,31258,0,2.2833,0.7916,0.1335,0,3.2084,0
76,cpu_t2,1,122965,31258,0,2.0018,0.6766,0.1334,0,2.8118,0
76,cpu_t2,2,122965,31258,0,1.9836,0.7309,0.1333,0,2.8478,0
76,cpu_t2,3,122965,31258,0,1.9446,0.7022,0.1344,0,2.7812,0
76,cpu_t2,4,122965,31258,0,1.9433,0.7124,0.1310,0,2.7867,0
76,cpu_t4,0,122965,31258,0,1.5349,0.3865,0.1611,0,2.0824,0
76,cpu_t4,1,122965,31258,0,1.4315,0.7648,0.1350,0,2.3313,0
76,cpu_t4,2,122965,31258,0,1.4006,0.7927,0.1339,0,2.3273,0
76,cpu_t4,3,122965,31258,0,1.3953,0.7888,0.1328,0,2.3170,0
76,cpu_t4,4,122965,31258,0,1.4265,0.7662,0.1430,0,2.3357,0
76,cpu_t8,0,122965,31258,0,0.9418,0.4157,0.1351,0,1.4926,0
76,cpu_t8,1,122965,31258,0,1.0943,0.5062,0.1634,0,1.7639,0
76,cpu_t8,2,122965,31258,0,0.9519,0.3514,0.1661,0,1.4694,0
76,cpu_t8,3,122965,31258,0,0.9796,0.4100,0.1706,0,1.5603,0
76,cpu_t8,4,122965,31258,0,1.0183,0.4305,0.1664,0,1.6152,0
76,cpu_t16,0,122965,31258,0,0.8378,0.2054,0.1730,0,1.2162,0
76,cpu_t16,1,122965,31258,0,1.5879,0.3610,0.1629,0,2.1119,0
76,cpu_t16,2,122965,31258,0,1.2803,0.4148,0.1699,0,1.8650,0
76,cpu_t16,3,122965,31258,0,1.2453,0.3420,0.1689,0,1.7562,0
76,cpu_t16,4,122965,31258,0,1.0617,0.2373,0.1713,0,1.4703,0
76,gpu_thrust_uf,0,122965,31258,0.0792,0.8782,0.1055,0.1413,0.0326,1.1792,0
76,gpu_thrust_uf,1,122965,31258,0.0785,0.8529,0.0901,0.3628,0.1158,1.4199,0
76,gpu_thrust_uf,2,122965,31258,0.0773,0.7924,0.0788,0.1311,0.0196,1.0514,0
76,gpu_thrust_uf,3,122965,31258,0.0772,0.8325,0.0891,0.1303,0.0200,1.0877,0
76,gpu_thrust_uf,4,122965,31258,0.0772,0.7692,0.0594,0.1702,0.0253,1.0438,0
76,gpu_hash_uf,0,122965,31258,0.1746,0.6006,0.0410,0.1321,0.0188,0.9269,0
76,gpu_hash_uf,1,122965,31258,0.0805,0.1944,0.0451,0.1311,0.0181,0.4595,0
76,gpu_hash_uf,2,122965,31258,0.0995,0.2226,0.0676,0.1300,0.0188,0.5186,0
76,gpu_hash_uf,3,122965,31258,0.0772,0.2100,0.2099,0.1321,0.0290,0.6345,0
76,gpu_hash_uf,4,122965,31258,0.0932,1.9843,0.0317,0.1311,0.0236,2.1222,0
76,gpu_hash_prop,0,122965,31258,0.0911,0.7063,0.1004,23.7107,0.1166,22.9392,179
76,gpu_hash_prop,1,122965,31258,0.2152,0.9074,0.0942,25.6983,0.1165,25.0468,179
76,gpu_hash_prop,2,122965,31258,0.0793,0.6006,0.1055,23.1199,0.1119,22.2576,179
76,gpu_hash_prop,3,122965,31258,0.0803,0.5479,0.0819,25.7116,0.1060,24.5847,179
76,gpu_hash_prop,4,122965,31258,0.0787,0.5671,0.0903,22.4336,0.0229,21.4926,179
77,cpu_t1,0,123029,31296,0,4.3149,1.5019,0.1941,0,6.0109,0
77,cpu_t1,1,123029,31296,0,3.8978,1.4069,0.1557,0,5.4604,0
77,cpu_t1,2,123029,31296,0,3.7183,1.4429,0.1546,0,5.3159,0
77,cpu_t1,3,123029,31296,0,4.2365,1.7532,0.1668,0,6.1565,0
77,cpu_t1,4,123029,31296,0,3.7305,1.4172,0.1578,0,5.3056,0
77,cpu_t2,0,123029,31296,0,2.1181,0.8508,0.1538,0,3.1227,0
77,cpu_t2,1,123029,31296,0,2.1609,1.4072,0.1910,0,3.7591,0
77,cpu_t2,2,123029,31296,0,2.6052,1.4482,0.1937,0,4.2471,0
77,cpu_t2,3,123029,31296,0,2.6491,1.5040,0.2264,0,4.3794,0
77,cpu_t2,4,123029,31296,0,2.6310,1.5380,0.1990,0,4.3679,0
77,cpu_t4,0,123029,31296,0,1.1031,0.3648,0.1790,0,1.6468,0
77,cpu_t4,1,123029,31296,0,1.1425,0.3577,0.1570,0,1.6571,0
77,cpu_t4,2,123029,31296,0,1.3154,0.3560,0.1556,0,1.8269,0
77,cpu_t4,3,123029,31296,0,1.1680,0.3632,0.1568,0,1.6880,0
77,cpu_t4,4,123029,31296,0,1.1120,0.3670,0.1566,0,1.6356,0
77,cpu_t8,0,123029,31296,0,0.9446,0.3723,0.2139,0,1.5308,0
77,cpu_t8,1,123029,31296,0,0.9798,0.3738,0.1975,0,1.5511,0
77,cpu_t8,2,123029,31296,0,1.0595,0.4698,0.1873,0,1.7166,0
77,cpu_t8,3,123029,31296,0,0.9270,0.3758,0.1556,0,1.4584,0
77,cpu_t8,4,123029,31296,0,0.9051,0.3834,0.1761,0,1.4646,0
77,cpu_t16,0,123029,31296,0,0.7081,0.2139,0.1953,0,1.1172,0
77,cpu_t16,1,123029,31296,0,0.6982,0.2061,0.1908,0,1.0951,0
77,cpu_t16,2,123029,31296,0,0.6996,0.1901,0.1929,0,1.0826,0
77,cpu_t16,3,123029,31296,0,0.6982,0.1938,0.1918,0,1.0838,0
77,cpu_t16,4,123029,31296,0,0.6834,0.1908,0.1990,0,1.0732,0
77,gpu_thrust_uf,0,123029,31296,0.0790,2.1260,0.8212,0.1321,0.0282,3.0074,0
77,gpu_thrust_uf,1,123029,31296,0.1286,0.9503,0.0840,0.1526,0.0192,1.2655,0
77,gpu_thrust_uf,2,123029,31296,0.0941,0.7710,0.0829,0.1536,0.0197,1.0618,0
77,gpu_thrust_uf,3,123029,31296,0.0772,0.7767,0.0666,0.1495,0.0194,1.0326,0
77,gpu_thrust_uf,4,123029,31296,0.0805,0.7743,0.0594,0.1772,0.0196,1.0518,0
77,gpu_hash_uf,0,123029,31296,0.0809,0.1909,0.0369,0.1300,0.0218,0.4439,0
77,gpu_hash_uf,1,123029,31296,0.0788,0.2632,0.0870,0.1679,0.0270,0.6039,0
77,gpu_hash_uf,2,123029,31296,0.0784,0.2413,0.0369,0.1311,0.0199,0.5054,0
77,gpu_hash_uf,3,123029,31296,0.0802,0.2565,0.0860,0.1505,0.0200,0.5733,0
77,gpu_hash_uf,4,123029,31296,0.0805,0.2483,0.0635,0.1761,0.0200,0.5751,0
77,gpu_hash_prop,0,123029,31296,0.0997,0.6356,0.0922,12.6403,0.0243,12.5142,179
77,gpu_hash_prop,1,123029,31296,0.0793,0.1979,0.0348,7.3554,0.0212,7.1359,179
77,gpu_hash_prop,2,123029,31296,0.0785,0.1799,0.0348,14.9217,0.0467,14.1456,179
77,gpu_hash_prop,3,123029,31296,0.0777,0.2531,0.0799,9.3071,0.0190,9.0356,179
77,gpu_hash_prop,4,123029,31296,0.0786,0.1822,0.0329,8.0270,0.0203,7.7405,179
78,cpu_t1,0,123006,31455,0,3.8039,1.4105,0.1446,0,5.3590,0
78,cpu_t1,1,123006,31455,0,4.2390,1.5671,0.1485,0,5.9546,0
78,cpu_t1,2,123006,31455,0,3.8269,1.3580,0.1464,0,5.3314,0
78,cpu_t1,3,123006,31455,0,4.0146,1.4305,0.1488,0,5.5939,0
78,cpu_t1,4,123006,31455,0,3.7812,1.3279,0.1458,0,5.2550,0
78,cpu_t2,0,123006,31455,0,1.9550,0.6666,0.1415,0,2.7631,0
78,cpu_t2,1,123006,31455,0,2.0292,0.6630,0.1653,0,2.8575,0
78,cpu_t2,2,123006,31455,0,2.3407,0.6842,0.1428,0,3.1677,0
78,cpu_t2,3,123006,31455,0,1.9703,0.7193,0.1497,0,2.8392,0
78,cpu_t2,4,123006,31455,0,1.9560,0.6838,0.1470,0,2.7868,0
78,cpu_t4,0,123006,31455,0,1.1382,0.3451,0.1403,0,1.6236,0
78,cpu_t4,1,123006,31455,0,1.1259,0.3513,0.1501,0,1.6273,0
78,cpu_t4,2,123006,31455,0,1.2219,0.6933,0.1406,0,2.0559,0
78,cpu_t4,3,123006,31455,0,1.1149,0.3480,0.1408,0,1.6037,0
78,cpu_t4,4,123006,31455,0,1.1628,0.3522,0.1403,0,1.6553,0
78,cpu_t8,0,123006,31455,0,0.9039,0.3850,0.1723,0,1.4613,0
78,cpu_t8,1,123006,31455,0,0.9226,0.3519,0.1739,0,1.4485,0
78,cpu_t8,2,123006,31455,0,0.9293,0.3447,0.1736,0,1.4477,0
78,cpu_t8,3,123006,31455,0,0.9491,0.3346,0.1423,0,1.4260,0
78,cpu_t8,4,123006,31455,0,0.8846,0.3600,0.1405,0,1.3850,0
78,cpu_t16,0,123006,31455,0,0.7571,0.2011,0.1884,0,1.1466,0
78,cpu_t16,1,123006,31455,0,0.7162,0.1949,0.1795,0,1.0905,0
78,cpu_t16,2,123006,31455,0,0.7167,0.2518,0.1882,0,1.1567,0
78,cpu_t16,3,123006,31455,0,0.7019,0.2158,0.1846,0,1.1022,0
78,cpu_t16,4,123006,31455,0,0.7476,0.2050,0.1774,0,1.1299,0
78,gpu_thrust_uf,0,123006,31455,0.0872,1.6760,0.0420,0.1303,0.0333,1.8749,0
78,gpu_thrust_uf,1,123006,31455,0.0766,0.9790,0.1034,0.1937,0.0970,1.3948,0
78,gpu_thrust_uf,2,123006,31455,0.0772,1.0319,0.0317,0.1290,0.0295,1.2350,0
78,gpu_thrust_uf,3,123006,31455,0.0802,2.2087,0.0819,0.1874,0.0941,2.5119,0
78,gpu_thrust_uf,4,123006,31455,0.0788,0.8958,0.1085,0.1516,0.0288,1.1961,0
78,gpu_hash_uf,0,123006,31455,0.0804,0.2422,0.0410,0.1280,0.0220,0.4906,0
78,gpu_hash_uf,1,123006,31455,0.0787,0.2428,0.0397,0.1280,0.0285,0.5084,0
78,gpu_hash_uf,2,123006,31455,0.0772,0.2364,0.0901,0.1505,0.0183,0.5578,0
78,gpu_hash_uf,3,123006,31455,0.0772,0.2374,0.0870,0.1280,0.0339,0.5438,0
78,gpu_hash_uf,4,123006,31455,0.0772,0.2774,0.0410,0.1280,0.0378,0.5434,0
78,gpu_hash_prop,0,123006,31455,0.1033,0.2552,0.0594,13.1226,0.0307,12.5909,183
78,gpu_hash_prop,1,123006,31455,0.0805,0.2521,0.0584,11.3797,0.0469,10.9541,183
78,gpu_hash_prop,2,123006,31455,0.0793,0.2684,0.0338,11.7012,0.0297,11.2289,183
78,gpu_hash_prop,3,123006,31455,0.1000,0.2516,0.0369,13.6397,0.0443,13.0432,183
78,gpu_hash_prop,4,123006,31455,0.0804,0.2503,0.0725,13.7441,0.0217,13.1359,183
79,cpu_t1,0,123026,31284,0,3.7603,1.3319,0.1492,0,5.2414,0
79,cpu_t1,1,123026,31284,0,3.7938,1.3563,0.1428,0,5.2930,0
79,cpu_t1,2,123026,31284,0,3.7900,1.3442,0.1423,0,5.2765,0
79,cpu_t1,3,123026,31284,0,3.7453,1.3822,0.1442,0,5.2717,0
79,cpu_t1,4,123026,31284,0,3.7115,1.4394,0.1417,0,5.2926,0
79,cpu_t2,0,123026,31284,0,2.5872,1.4676,0.1854,0,4.2401,0
79,cpu_t2,1,123026,31284,0,2.6318,1.5047,0.1889,0,4.3254,0
79,cpu_t2,2,123026,31284,0,2.6145,0.7603,0.1425,0,3.5173,0
79,cpu_t2,3,123026,31284,0,2.0703,0.7667,0.1449,0,2.9819,0
79,cpu_t2,4,123026,31284,0,1.9027,0.7390,0.1500,0,2.7918,0
79,cpu_t4,0,123026,31284,0,1.1482,0.3764,0.1516,0,1.6762,0
79,cpu_t4,1,123026,31284,0,1.1407,0.3878,0.1464,0,1.6749,0
79,cpu_t4,2,123026,31284,0,1.1649,0.4054,0.1406,0,1.7109,0
79,cpu_t4,3,123026,31284,0,1.4328,0.4734,0.1453,0,2.0515,0
79,cpu_t4,4,123026,31284,0,1.1376,0.4057,0.1406,0,1.6839,0
79,cpu_t8,0,123026,31284,0,0.9505,0.4007,0.1861,0,1.5373,0
79,cpu_t8,1,123026,31284,0,0.9581,0.4029,0.1850,0,1.5460,0
79,cpu_t8,2,123026,31284,0,0.9959,0.4037,0.1865,0,1.5861,0
79,cpu_t8,3,123026,31284,0,0.9611,0.3869,0.1773,0,1.5252,0
79,cpu_t8,4,123026,31284,0,0.9572,0.4144,0.1941,0,1.5657,0
79,cpu_t16,0,123026,31284,0,0.6660,0.2181,0.1776,0,1.0617,0
79,cpu_t16,1,123026,31284,0,1.2505,0.4083,0.1878,0,1.8466,0
79,cpu_t16,2,123026,31284,0,1.3116,0.4452,0.1908,0,1.9475,0
79,cpu_t16,3,123026,31284,0,1.3040,0.3958,0.1874,0,1.8872,0
79,cpu_t16,4,123026,31284,0,1.2500,0.2237,0.1942,0,1.6679,0
79,gpu_thrust_uf,0,123026,31284,0.0817,1.0457,0.0345,0.1538,0.0232,1.2743,0
79,gpu_thrust_uf,1,123026,31284,0.0800,0.7822,0.0635,0.1843,0.0308,1.0799,0
79,gpu_thrust_uf,2,123026,31284,0.0774,0.7306,0.0819,0.1884,0.0215,1.0412,0
79,gpu_thrust_uf,3,123026,31284,0.0772,0.7501,0.0308,0.1945,0.1176,1.1062,0
79,gpu_thrust_uf,4,123026,31284,0.0788,0.8158,0.0369,0.1444,0.0345,1.0486,0
79,gpu_hash_uf,0,123026,31284,0.0847,0.8110,0.0379,0.1556,0.0264,1.0623,0
79,gpu_hash_uf,1,123026,31284,0.0773,0.2322,0.0348,0.1556,0.0318,0.5308,0
79,gpu_hash_uf,2,123026,31284,0.0775,0.2207,0.0346,0.1536,0.0233,0.4986,0
79,gpu_hash_uf,3,123026,31284,0.0791,0.2092,0.0369,0.1546,0.0241,0.4893,0
79,gpu_hash_uf,4,123026,31284,0.0786,0.1940,0.0348,0.1536,0.0200,0.4727,0
79,gpu_hash_prop,0,123026,31284,0.0818,0.3296,0.5571,12.9526,0.0192,12.9270,189
79,gpu_hash_prop,1,123026,31284,0.1092,0.2476,0.0348,14.6627,0.0312,13.9859,189
79,gpu_hash_prop,2,123026,31284,0.1018,0.2449,0.0625,12.9004,0.0359,12.3796,189
79,gpu_hash_prop,3,123026,31284,0.1017,0.2548,0.0645,17.8401,0.0201,16.9475,189
79,gpu_hash_prop,4,123026,31284,0.0773,0.2014,0.0369,13.9110,0.0319,13.2198,189
80,cpu_t1,0,123176,31397,0,3.7483,1.4445,0.1477,0,5.3405,0
80,cpu_t1,1,123176,31397,0,3.7252,1.4422,0.1560,0,5.3235,0
80,cpu_t1,2,123176,31397,0,4.1314,1.4865,0.1691,0,5.7871,0
80,cpu_t1,3,123176,31397,0,3.7822,1.4799,0.1520,0,5.4142,0
80,cpu_t1,4,123176,31397,0,3.8513,1.7023,0.1844,0,5.7380,0
80,cpu_t2,0,123176,31397,0,2.0627,0.8109,0.1683,0,3.0418,0
80,cpu_t2,1,123176,31397,0,1.9560,0.7741,0.1447,0,2.8749,0
80,cpu_t2,2,123176,31397,0,2.0211,0.7771,0.1632,0,2.9614,0
80,cpu_t2,3,123176,31397,0,2.0640,0.8549,0.1464,0,3.0654,0
80,cpu_t2,4,123176,31397,0,2.0072,0.7708,0.1512,0,2.9293,0
80,cpu_t4,0,123176,31397,0,1.1206,0.3772,0.1848,0,1.6826,0
80,cpu_t4,1,123176,31397,0,1.1377,0.3524,0.1442,0,1.6344,0
80,cpu_t4,2,123176,31397,0,1.0940,0.3807,0.1483,0,1.6230,0
80,cpu_t4,3,123176,31397,0,1.1205,0.3896,0.1475,0,1.6576,0
80,cpu_t4,4,123176,31397,0,1.0907,0.3481,0.1852,0,1.6240,0
80,cpu_t8,0,123176,31397,0,0.8729,0.2467,0.1462,0,1.2658,0
80,cpu_t8,1,123176,31397,0,0.9013,0.3392,0.1458,0,1.3863,0
80,cpu_t8,2,123176,31397,0,0.9939,0.3777,0.1802,0,1.5518,0
80,cpu_t8,3,123176,31397,0,0.9494,0.3393,0.1626,0,1.4513,0
80,cpu_t8,4,123176,31397,0,0.9238,0.3486,0.1461,0,1.4185,0
80,cpu_t16,0,123176,31397,0,1.6251,0.3873,0.1890,0,2.2014,0
80,cpu_t16,1,123176,31397,0,1.2793,0.3582,0.1884,0,1.8259,0
80,cpu_t16,2,123176,31397,0,1.2424,0.4626,0.1871,0,1.8921,0
80,cpu_t16,3,123176,31397,0,1.2492,0.4312,0.1903,0,1.8707,0
80,cpu_t16,4,123176,31397,0,1.2995,0.4232,0.1867,0,1.9094,0
80,gpu_thrust_uf,0,123176,31397,0.1012,1.2096,0.0318,0.1422,0.0266,1.4332,0
80,gpu_thrust_uf,1,123176,31397,0.0786,1.3746,0.1003,0.1485,0.0390,1.6428,0
80,gpu_thrust_uf,2,123176,31397,0.0773,0.9546,0.0317,0.1423,0.0219,1.1621,0
80,gpu_thrust_uf,3,123176,31397,0.1036,1.0606,0.0369,0.1423,0.0231,1.2917,0
80,gpu_thrust_uf,4,123176,31397,0.0796,0.7746,0.0369,0.1423,0.0235,1.0075,0
80,gpu_hash_uf,0,123176,31397,0.0826,1.9786,0.0315,0.1413,0.0225,2.1311,0
80,gpu_hash_uf,1,123176,31397,0.0776,0.2570,0.0809,0.1741,0.0326,0.6001,0
80,gpu_hash_uf,2,123176,31397,0.0777,0.2663,0.0831,0.1627,0.0189,0.5894,0
80,gpu_hash_uf,3,123176,31397,0.0773,0.2633,0.0850,0.1659,0.0251,0.5939,0
80,gpu_hash_uf,4,123176,31397,0.0773,0.2443,0.0406,0.1423,0.0223,0.5133,0
80,gpu_hash_prop,0,123176,31397,0.0808,0.2209,0.0614,11.6951,0.0241,11.2022,191
80,gpu_hash_prop,1,123176,31397,0.0788,0.2542,0.0379,13.1527,0.0220,12.5565,191
80,gpu_hash_prop,2,123176,31397,0.0793,0.4883,0.0338,23.0932,0.0322,21.9938,191
80,gpu_hash_prop,3,123176,31397,0.0776,0.3400,0.0348,17.9077,0.0863,17.0979,191
80,gpu_hash_prop,4,123176,31397,0.0767,0.3780,0.0315,22.0631,0.0387,20.9262,191
81,cpu_t1,0,123136,31508,0,3.7143,1.4119,0.1528,0,5.2790,0
81,cpu_t1,1,123136,31508,0,4.2845,1.4078,0.1581,0,5.8504,0
81,cpu_t1,2,123136,31508,0,3.7411,1.3852,0.1527,0,5.2790,0
81,cpu_t1,3,123136,31508,0,3.7570,1.4500,0.1538,0,5.3608,0
81,cpu_t1,4,123136,31508,0,3.8280,1.4219,0.1539,0,5.4038,0
81,cpu_t2,0,123136,31508,0,1.9881,0.8601,0.1565,0,3.0047,0
81,cpu_t2,1,123136,31508,0,2.3354,0.7657,0.1803,0,3.2813,0
81,cpu_t2,2,123136,31508,0,2.2379,0.7372,0.1972,0,3.1723,0
81,cpu_t2,3,123136,31508,0,2.1077,0.7081,0.1543,0,2.9702,0
81,cpu_t2,4,123136,31508,0,1.9621,0.7625,0.1537,0,2.8784,0
81,cpu_t4,0,123136,31508,0,1.3638,0.6829,0.1937,0,2.2404,0
81,cpu_t4,1,123136,31508,0,1.3937,0.5667,0.1549,0,2.1153,0
81,cpu_t4,2,123136,31508,0,1.5964,0.7278,0.1532,0,2.4774,0
81,cpu_t4,3,123136,31508,0,1.4886,0.7750,0.1569,0,2.4205,0
81,cpu_t4,4,123136,31508,0,1.3977,0.3711,0.1513,0,1.9201,0
81,cpu_t8,0,123136,31508,0,0.9927,0.3684,0.1861,0,1.5472,0
81,cpu_t8,1,123136,31508,0,1.0029,0.3675,0.1855,0,1.5559,0
81,cpu_t8,2,123136,31508,0,0.9760,0.3379,0.1532,0,1.4670,0
81,cpu_t8,3,123136,31508,0,0.9713,0.3845,0.1913,0,1.5471,0
81,cpu_t8,4,123136,31508,0,0.9629,0.3679,0.1881,0,1.5189,0
81,cpu_t16,0,123136,31508,0,1.3516,0.4932,0.1918,0,2.0367,0
81,cpu_t16,1,123136,31508,0,1.7478,0.3857,0.1922,0,2.3257,0
81,cpu_t16,2,123136,31508,0,1.4206,0.5859,0.2016,0,2.2081,0
81,cpu_t16,3,123136,31508,0,1.7259,0.4896,0.2560,0,2.4715,0
81,cpu_t16,4,123136,31508,0,1.4326,0.4840,0.1984,0,2.1151,0
81,gpu_thrust_uf,0,123136,31508,0.0799,1.1014,0.0419,0.1505,0.0286,1.3360,0
81,gpu_thrust_uf,1,123136,31508,0.0845,1.8359,0.0317,0.1516,0.0364,2.0197,0
81,gpu_thrust_uf,2,123136,31508,0.0957,1.4081,0.0696,0.1505,0.0356,1.6564,0
81,gpu_thrust_uf,3,123136,31508,0.0791,0.8061,0.0379,0.1506,0.0306,1.0497,0
81,gpu_thrust_uf,4,123136,31508,0.0789,0.7889,0.0790,0.1955,0.0315,1.1107,0
81,gpu_hash_uf,0,123136,31508,0.0802,0.7458,0.0399,0.1516,0.0339,1.0014,0
81,gpu_hash_uf,1,123136,31508,0.0788,0.2688,0.0328,0.1495,0.0301,0.5456,0
81,gpu_hash_uf,2,123136,31508,0.0796,0.2975,0.0748,0.2058,0.0301,0.6590,0
81,gpu_hash_uf,3,123136,31508,0.0773,0.2525,0.0809,0.1505,0.0268,0.5689,0
81,gpu_hash_uf,4,123136,31508,0.0772,0.2436,0.0911,0.1505,0.0299,0.5709,0
81,gpu_hash_prop,0,123136,31508,0.0821,0.2648,0.0594,11.8600,0.0214,11.3899,194
81,gpu_hash_prop,1,123136,31508,0.0827,0.2683,0.0345,16.7670,0.0450,15.9447,194
81,gpu_hash_prop,2,123136,31508,0.0998,0.2432,0.0614,14.6156,0.0489,13.9692,194
81,gpu_hash_prop,3,123136,31508,0.0800,0.2079,0.0564,18.5435,0.0292,17.5322,194
81,gpu_hash_prop,4,123136,31508,0.0807,0.3639,0.0348,20.8660,0.0281,19.8126,194
82,cpu_t1,0,123152,31338,0,3.9180,1.4746,0.1504,0,5.5430,0
82,cpu_t1,1,123152,31338,0,3.8405,1.4931,0.1439,0,5.4775,0
82,cpu_t1,2,123152,31338,0,4.3427,1.6496,0.1690,0,6.1612,0
82,cpu_t1,3,123152,31338,0,3.9388,1.3799,0.1442,0,5.4629,0
82,cpu_t1,4,123152,31338,0,3.8805,1.3776,0.1427,0,5.4009,0
82,cpu_t2,0,123152,31338,0,1.9710,0.7786,0.1444,0,2.8940,0
82,cpu_t2,1,123152,31338,0,1.9341,0.7255,0.1448,0,2.8044,0
82,cpu_t2,2,123152,31338,0,1.9934,0.7277,0.1428,0,2.8639,0
82,cpu_t2,3,123152,31338,0,2.0162,0.7256,0.1433,0,2.8851,0
82,cpu_t2,4,123152,31338,0,1.9698,0.7390,0.1706,0,2.8794,0
82,cpu_t4,0,123152,31338,0,1.1294,0.3592,0.1427,0,1.6314,0
82,cpu_t4,1,123152,31338,0,1.2473,0.3660,0.1407,0,1.7540,0
82,cpu_t4,2,123152,31338,0,1.0952,0.3791,0.1417,0,1.6160,0
82,cpu_t4,3,123152,31338,0,1.1894,0.7285,0.1879,0,2.1058,0
82,cpu_t4,4,123152,31338,0,1.4703,0.7716,0.1946,0,2.4365,0
82,cpu_t8,0,123152,31338,0,0.9440,0.3770,0.1446,0,1.4656,0
82,cpu_t8,1,123152,31338,0,0.9259,0.4255,0.1793,0,1.5307,0
82,cpu_t8,2,123152,31338,0,0.9458,0.3822,0.1841,0,1.5121,0
82,cpu_t8,3,123152,31338,0,0.9437,0.3900,0.1817,0,1.5153,0
82,cpu_t8,4,123152,31338,0,1.0261,0.3898,0.1965,0,1.6124,0
82,cpu_t16,0,123152,31338,0,0.6656,0.2447,0.1810,0,1.0913,0
82,cpu_t16,1,123152,31338,0,0.7349,0.2041,0.1803,0,1.1193,0
82,cpu_t16,2,123152,31338,0,0.7645,0.2036,0.1789,0,1.1470,0
82,cpu_t16,3,123152,31338,0,0.6666,0.2814,0.1756,0,1.1236,0
82,cpu_t16,4,123152,31338,0,0.6697,0.2048,0.1874,0,1.0619,0
82,gpu_thrust_uf,0,123152,31338,0.0815,0.8799,0.0348,0.1506,0.0315,1.1240,0
82,gpu_thrust_uf,1,123152,31338,0.0819,0.6706,0.0379,0.1434,0.0280,0.9288,0
82,gpu_thrust_uf,2,123152,31338,0.0765,0.9616,0.0317,0.1436,0.0311,1.1767,0
82,gpu_thrust_uf,3,123152,31338,0.0904,1.4836,0.0317,0.1444,0.0280,1.6712,0
82,gpu_thrust_uf,4,123152,31338,0.0884,1.3619,0.0932,0.2684,0.0865,1.7843,0
82,gpu_hash_uf,0,123152,31338,0.0786,0.4952,0.0348,0.1804,0.0361,0.7839,0
82,gpu_hash_uf,1,123152,31338,0.0764,0.4757,0.0338,0.2089,0.0257,0.7866,0
82,gpu_hash_uf,2,123152,31338,0.0774,0.5114,0.0346,0.2058,0.0274,0.8131,0
82,gpu_hash_uf,3,123152,31338,0.0789,0.5204,0.1390,0.2150,0.0298,0.9337,0
82,gpu_hash_uf,4,123152,31338,0.0764,0.4832,0.0317,0.2150,0.0317,0.8017,0
82,gpu_hash_prop,0,123152,31338,0.0803,0.1958,0.0410,15.2731,0.1123,14.5634,195
82,gpu_hash_prop,1,123152,31338,0.0836,0.4677,0.0338,20.5957,0.1054,19.7344,195
82,gpu_hash_prop,2,123152,31338,0.0779,0.3862,0.0348,16.4547,0.0461,15.7593,195
82,gpu_hash_prop,3,123152,31338,0.0802,0.2573,0.0748,15.0900,0.0276,14.4011,195
82,gpu_hash_prop,4,123152,31338,0.0807,0.2499,0.0788,14.5633,0.0545,13.9312,195
83,cpu_t1,0,123109,31150,0,3.7947,1.3299,0.1429,0,5.2675,0
83,cpu_t1,1,123109,31150,0,3.7984,1.3356,0.1377,0,5.2716,0
83,cpu_t1,2,123109,31150,0,3.7539,1.2819,0.1389,0,5.1747,0
83,cpu_t1,3,123109,31150,0,3.7756,1.3188,0.1374,0,5.2319,0
83,cpu_t1,4,123109,31150,0,3.7648,1.3374,0.1382,0,5.2403,0
83,cpu_t2,0,123109,31150,0,2.0276,0.6625,0.1371,0,2.8273,0
83,cpu_t2,1,123109,31150,0,1.9845,0.6657,0.1444,0,2.7946,0
83,cpu_t2,2,123109,31150,0,1.9828,0.6687,0.1370,0,2.7885,0
83,cpu_t2,3,123109,31150,0,1.9348,0.6970,0.1373,0,2.7690,0
83,cpu_t2,4,123109,31150,0,1.9459,0.7350,0.1367,0,2.8176,0
83,cpu_t4,0,123109,31150,0,1.4277,0.7131,0.1381,0,2.2789,0
83,cpu_t4,1,123109,31150,0,1.4112,0.7154,0.1492,0,2.2758,0
83,cpu_t4,2,123109,31150,0,1.4101,0.7251,0.1440,0,2.2791,0
83,cpu_t4,3,123109,31150,0,1.4196,0.6834,0.1392,0,2.2422,0
83,cpu_t4,4,123109,31150,0,1.3064,0.4229,0.1917,0,1.9209,0
83,cpu_t8,0,123109,31150,0,0.8985,0.3452,0.1384,0,1.3820,0
83,cpu_t8,1,123109,31150,0,0.9297,0.4774,0.1400,0,1.5471,0
83,cpu_t8,2,123109,31150,0,0.9825,0.3797,0.1385,0,1.5008,0
83,cpu_t8,3,123109,31150,0,0.9012,0.3805,0.1370,0,1.4187,0
83,cpu_t8,4,123109,31150,0,0.9295,0.3793,0.1375,0,1.4464,0
83,cpu_t16,0,123109,31150,0,1.0781,0.3209,0.1784,0,1.5774,0
83,cpu_t16,1,123109,31150,0,0.6982,0.2119,0.1861,0,1.0962,0
83,cpu_t16,2,123109,31150,0,1.9780,0.3558,0.1726,0,2.5063,0
83,cpu_t16,3,123109,31150,0,1.2302,0.3457,0.1725,0,1.7483,0
83,cpu_t16,4,123109,31150,0,1.2446,0.2932,0.1754,0,1.7132,0
83,gpu_thrust_uf,0,123109,31150,0.0808,0.8649,0.0407,0.1659,0.0323,1.1301,0
83,gpu_thrust_uf,1,123109,31150,0.0789,0.7403,0.0799,0.1546,0.0317,1.0416,0
83,gpu_thrust_uf,2,123109,31150,0.0772,0.7293,0.0625,0.2028,0.0448,1.0581,0
83,gpu_thrust_uf,3,123109,31150,0.0773,0.7543,0.0635,0.1884,0.0298,1.0575,0
83,gpu_thrust_uf,4,123109,31150,0.0772,0.7661,0.0655,0.1597,0.0288,1.0397,0
83,gpu_hash_uf,0,123109,31150,0.0800,0.2904,0.0727,0.1751,0.0289,0.6153,0
83,gpu_hash_uf,1,123109,31150,0.0774,0.2444,0.0614,0.1536,0.0294,0.5468,0
83,gpu_hash_uf,2,123109,31150,0.0776,0.2509,0.0360,0.1545,0.0282,0.5293,0
83,gpu_hash_uf,3,123109,31150,0.0836,0.8940,0.0358,0.1556,0.0328,1.1385,0
83,gpu_hash_uf,4,123109,31150,0.0777,0.2240,0.0338,0.1538,0.0267,0.5091,0
83,gpu_hash_prop,0,123109,31150,0.0792,0.6091,0.0317,15.0508,0.0343,14.6518,195
83,gpu_hash_prop,1,123109,31150,0.0816,0.4754,0.0860,23.5540,0.0255,22.4467,195
83,gpu_hash_prop,2,123109,31150,0.0801,0.2333,0.0604,13.8506,0.0421,13.2233,195
83,gpu_hash_prop,3,123109,31150,0.0804,0.2083,0.0603,11.7140,0.0223,11.2040,195
83,gpu_hash_prop,4,123109,31150,0.0807,0.1928,0.0369,7.9155,0.0277,7.6625,195
84,cpu_t1,0,123053,31190,0,4.4269,1.4884,0.1354,0,6.0507,0
84,cpu_t1,1,123053,31190,0,3.9039,1.4581,0.1340,0,5.4960,0
84,cpu_t1,2,123053,31190,0,3.9662,1.3316,0.1334,0,5.4312,0
84,cpu_t1,3,123053,31190,0,3.9061,1.3892,0.1347,0,5.4299,0
84,cpu_t1,4,123053,31190,0,3.9267,1.3360,0.1340,0,5.3967,0
84,cpu_t2,0,123053,31190,0,2.0008,0.7851,0.1386,0,2.9245,0
84,cpu_t2,1,123053,31190,0,1.9740,0.7818,0.1374,0,2.8932,0
84,cpu_t2,2,123053,31190,0,1.9906,0.8553,0.1332,0,2.9791,0
84,cpu_t2,3,123053,31190,0,2.0473,1.5082,0.1704,0,3.7259,0
84,cpu_t2,4,123053,31190,0,2.6250,1.4448,0.1694,0,4.2393,0
84,cpu_t4,0,123053,31190,0,1.4760,0.6979,0.1688,0,2.3427,0
84,cpu_t4,1,123053,31190,0,1.4800,0.6821,0.1600,0,2.3221,0
84,cpu_t4,2,123053,31190,0,1.3329,0.7951,0.1357,0,2.2637,0
84,cpu_t4,3,123053,31190,0,1.4338,0.7402,0.1779,0,2.3518,0
84,cpu_t4,4,123053,31190,0,1.5088,0.7661,0.1774,0,2.4522,0
84,cpu_t8,0,123053,31190,0,0.9792,0.3840,0.1746,0,1.5379,0
84,cpu_t8,1,123053,31190,0,0.9471,0.3694,0.1698,0,1.4862,0
84,cpu_t8,2,123053,31190,0,0.9400,0.3707,0.1906,0,1.5013,0
84,cpu_t8,3,123053,31190,0,0.9416,0.3885,0.1723,0,1.5024,0
84,cpu_t8,4,123053,31190,0,0.9906,0.2513,0.1550,0,1.3969,0
84,cpu_t16,0,123053,31190,0,0.6759,0.1987,0.1716,0,1.0462,0
84,cpu_t16,1,123053,31190,0,0.6753,0.2080,0.1711,0,1.0544,0
84,cpu_t16,2,123053,31190,0,0.6839,0.2543,0.1782,0,1.1164,0
84,cpu_t16,3,123053,31190,0,0.6917,0.2079,0.1917,0,1.0912,0
84,cpu_t16,4,123053,31190,0,0.6817,0.2075,0.1802,0,1.0695,0
84,gpu_thrust_uf,0,123053,31190,0.0790,1.0339,0.0440,0.2284,0.0386,1.3516,0
84,gpu_thrust_uf,1,123053,31190,0.1031,0.9858,0.0604,0.2191,0.0316,1.3286,0
84,gpu_thrust_uf,2,123053,31190,0.0775,1.7360,0.0317,0.1782,0.0252,1.9202,0
84,gpu_thrust_uf,3,123053,31190,0.0848,1.1420,0.0614,0.2232,0.0331,1.4980,0
84,gpu_thrust_uf,4,123053,31190,0.0774,0.8165,0.0614,0.2172,0.0311,1.1404,0
84,gpu_hash_uf,0,123053,31190,0.0803,0.2815,0.0399,0.1782,0.0305,0.5810,0
84,gpu_hash_uf,1,123053,31190,0.1027,0.2477,0.0366,0.1781,0.0301,0.5799,0
84,gpu_hash_uf,2,123053,31190,0.0772,0.2473,0.0379,0.1772,0.0300,0.5498,0
84,gpu_hash_uf,3,123053,31190,0.0808,0.2156,0.0614,0.2232,0.0299,0.5876,0
84,gpu_hash_uf,4,123053,31190,0.0772,0.2579,0.0370,0.1770,0.0298,0.5583,0
84,gpu_hash_prop,0,123053,31190,0.0803,0.2268,0.0571,14.8859,0.0290,14.1582,193
84,gpu_hash_prop,1,123053,31190,0.0814,0.2428,0.0829,18.0984,0.0627,17.2290,193
84,gpu_hash_prop,2,123053,31190,0.0872,0.6102,0.1239,18.2920,0.0226,17.7364,193
84,gpu_hash_prop,3,123053,31190,0.0810,0.2504,0.0338,19.8810,0.0242,18.7867,193
84,gpu_hash_prop,4,123053,31190,0.0766,0.2193,0.0369,14.6876,0.0304,13.9484,193
85,cpu_t1,0,123124,31028,0,3.9164,1.4532,0.1738,0,5.5434,0
85,cpu_t1,1,123124,31028,0,3.9432,1.4390,0.1650,0,5.5472,0
85,cpu_t1,2,123124,31028,0,3.9070,1.4520,0.1682,0,5.5271,0
85,cpu_t1,3,123124,31028,0,3.9602,1.4446,0.1662,0,5.5711,0
85,cpu_t1,4,123124,31028,0,3.9541,1.4019,0.1707,0,5.5267,0
85,cpu_t2,0,123124,31028,0,1.9237,0.7514,0.1684,0,2.8435,0
85,cpu_t2,1,123124,31028,0,2.4860,0.7603,0.1905,0,3.4368,0
85,cpu_t2,2,123124,31028,0,1.9936,0.6907,0.1671,0,2.8514,0
85,cpu_t2,3,123124,31028,0,1.9569,0.7037,0.1665,0,2.8271,0
85,cpu_t2,4,123124,31028,0,1.9137,0.7313,0.1646,0,2.8097,0
85,cpu_t4,0,123124,31028,0,1.0953,0.3549,0.1788,0,1.6289,0
85,cpu_t4,1,123124,31028,0,1.1379,0.3621,0.1708,0,1.6708,0
85,cpu_t4,2,123124,31028,0,1.3483,0.3811,0.1679,0,1.8973,0
85,cpu_t4,3,123124,31028,0,1.2117,0.3830,0.1846,0,1.7793,0
85,cpu_t4,4,123124,31028,0,1.1731,0.3780,0.1653,0,1.7165,0
85,cpu_t8,0,123124,31028,0,0.7553,0.1995,0.1656,0,1.1204,0
85,cpu_t8,1,123124,31028,0,0.7239,0.2063,0.1809,0,1.1111,0
85,cpu_t8,2,123124,31028,0,0.7358,0.1957,0.2118,0,1.1432,0
85,cpu_t8,3,123124,31028,0,0.7695,0.2227,0.1685,0,1.1608,0
85,cpu_t8,4,123124,31028,0,0.7484,0.2011,0.1753,0,1.1248,0
85,cpu_t16,0,123124,31028,0,0.7555,0.1999,0.2113,0,1.1667,0
85,cpu_t16,1,123124,31028,0,0.6928,0.2577,0.2179,0,1.1684,0
85,cpu_t16,2,123124,31028,0,0.6947,0.2082,0.2172,0,1.1202,0
85,cpu_t16,3,123124,31028,0,0.7706,0.2198,0.2185,0,1.2089,0
85,cpu_t16,4,123124,31028,0,0.6783,0.2161,0.2180,0,1.1124,0
85,gpu_thrust_uf,0,123124,31028,0.0793,0.8875,0.0369,0.1618,0.0356,1.1517,0
85,gpu_thrust_uf,1,123124,31028,0.0849,1.1464,0.1106,0.2662,0.0324,1.5743,0
85,gpu_thrust_uf,2,123124,31028,0.0788,2.5820,0.0317,0.1495,0.0328,2.7181,0
85,gpu_thrust_uf,3,123124,31028,0.1095,0.8115,0.0410,0.1495,0.0310,1.0864,0
85,gpu_thrust_uf,4,123124,31028,0.0772,0.8615,0.0829,0.3155,0.1857,1.4342,0
85,gpu_hash_uf,0,123124,31028,0.0900,0.5737,0.0870,0.1710,0.0180,0.8969,0
85,gpu_hash_uf,1,123124,31028,0.0791,0.1941,0.0338,0.1485,0.0303,0.4740,0
85,gpu_hash_uf,2,123124,31028,0.0784,0.1742,0.0369,0.1495,0.0302,0.4583,0
85,gpu_hash_uf,3,123124,31028,0.0790,0.4596,0.1546,0.2673,0.0492,0.9786,0
85,gpu_hash_uf,4,123124,31028,0.0793,0.6592,0.1239,0.2632,0.0302,1.1221,0
85,gpu_hash_prop,0,123124,31028,0.0776,0.4790,0.1014,21.0483,0.1146,20.2180,196
85,gpu_hash_prop,1,123124,31028,0.0776,0.5429,0.0345,18.4340,0.1217,17.8044,196
85,gpu_hash_prop,2,123124,31028,0.0800,0.5236,0.0603,18.2180,0.0274,17.5293,196
85,gpu_hash_prop,3,123124,31028,0.0776,0.2009,0.0317,23.5438,0.0249,22.1266,196
85,gpu_hash_prop,4,123124,31028,0.0796,0.2059,0.0338,11.6081,0.0196,11.0765,196
86,cpu_t1,0,123033,30800,0,4.4191,1.3910,0.1402,0,5.9503,0
86,cpu_t1,1,123033,30800,0,4.4042,1.3109,0.1411,0,5.8562,0
86,cpu_t1,2,123033,30800,0,3.9673,1.3368,0.1428,0,5.4469,0
86,cpu_t1,3,123033,30800,0,3.9415,1.3368,0.1385,0,5.4167,0
86,cpu_t1,4,123033,30800,0,3.8965,1.3913,0.1378,0,5.4256,0
86,cpu_t2,0,123033,30800,0,2.2361,0.7043,0.1397,0,3.0801,0
86,cpu_t2,1,123033,30800,0,2.1580,0.7582,0.1382,0,3.0544,0
86,cpu_t2,2,123033,30800,0,1.9205,0.7119,0.1359,0,2.7682,0
86,cpu_t2,3,123033,30800,0,1.9777,0.7050,0.1354,0,2.8181,0
86,cpu_t2,4,123033,30800,0,2.0882,0.7923,0.1757,0,3.0562,0
86,cpu_t4,0,123033,30800,0,1.3467,0.3558,0.1405,0,1.8431,0
86,cpu_t4,1,123033,30800,0,1.1392,0.3635,0.1420,0,1.6446,0
86,cpu_t4,2,123033,30800,0,1.1775,0.3533,0.1430,0,1.6737,0
86,cpu_t4,3,123033,30800,0,1.1253,0.3683,0.1501,0,1.6437,0
86,cpu_t4,4,123033,30800,0,1.1503,0.3760,0.1383,0,1.6646,0
86,cpu_t8,0,123033,30800,0,0.9283,0.3681,0.1431,0,1.4396,0
86,cpu_t8,1,123033,30800,0,0.9214,0.3821,0.1399,0,1.4433,0
86,cpu_t8,2,123033,30800,0,1.0745,0.3313,0.1421,0,1.5479,0
86,cpu_t8,3,123033,30800,0,0.8904,0.2584,0.1512,0,1.2999,0
86,cpu_t8,4,123033,30800,0,0.9063,0.3758,0.1398,0,1.4220,0
86,cpu_t16,0,123033,30800,0,0.6807,0.2081,0.1883,0,1.0770,0
86,cpu_t16,1,123033,30800,0,0.7199,0.2014,0.1763,0,1.0976,0
86,cpu_t16,2,123033,30800,0,0.6734,0.1949,0.1739,0,1.0422,0
86,cpu_t16,3,123033,30800,0,0.6808,0.2054,0.1857,0,1.0718,0
86,cpu_t16,4,123033,30800,0,0.7741,0.2366,0.1782,0,1.1889,0
86,gpu_thrust_uf,0,123033,30800,0.0826,0.9202,0.0440,0.1628,0.0347,1.1853,0
86,gpu_thrust_uf,1,123033,30800,0.0821,0.8101,0.2294,0.1556,0.0286,1.2424,0
86,gpu_thrust_uf,2,123033,30800,0.0815,1.0035,0.0973,0.2171,0.0379,1.3881,0
86,gpu_thrust_uf,3,123033,30800,0.0787,1.6721,0.0369,0.1567,0.0298,1.8557,0
86,gpu_thrust_uf,4,123033,30800,0.0911,1.0302,0.0778,0.1556,0.0284,1.3081,0
86,gpu_hash_uf,0,123033,30800,0.0773,0.1680,0.0338,0.1556,0.0366,0.4558,0
86,gpu_hash_uf,1,123033,30800,0.0774,0.2231,0.0768,0.1976,0.0290,0.5811,0
86,gpu_hash_uf,2,123033,30800,0.0785,0.2356,0.0584,0.1690,0.0283,0.5522,0
86,gpu_hash_uf,3,123033,30800,0.0777,0.2121,0.0348,0.1546,0.0187,0.4863,0
86,gpu_hash_uf,4,123033,30800,0.0812,0.2532,0.0614,0.1987,0.0180,0.5875,0
86,gpu_hash_prop,0,123033,30800,0.0797,0.2622,0.0369,11.8026,0.0229,11.3153,197
86,gpu_hash_prop,1,123033,30800,0.0813,0.3722,0.0625,12.3372,0.0212,11.9368,197
86,gpu_hash_prop,2,123033,30800,0.0883,0.2425,0.0338,12.6159,0.0248,12.0606,197
86,gpu_hash_prop,3,123033,30800,0.0796,0.2606,0.0379,14.4558,0.0342,13.7798,197
86,gpu_hash_prop,4,123033,30800,0.0778,0.2047,0.0348,14.2807,0.0283,13.5601,197
87,cpu_t1,0,122955,30659,0,3.9422,1.3640,0.1516,0,5.4578,0
87,cpu_t1,1,122955,30659,0,3.9304,1.4112,0.1568,0,5.4983,0
87,cpu_t1,2,122955,30659,0,4.2624,1.3902,0.1555,0,5.8081,0
87,cpu_t1,3,122955,30659,0,3.9924,1.4152,0.1510,0,5.5585,0
87,cpu_t1,4,122955,30659,0,4.2134,1.5596,0.1642,0,5.9371,0
87,cpu_t2,0,122955,30659,0,1.9695,0.7451,0.1507,0,2.8653,0
87,cpu_t2,1,122955,30659,0,1.9699,0.7207,0.1506,0,2.8413,0
87,cpu_t2,2,122955,30659,0,2.0301,0.7419,0.1498,0,2.9218,0
87,cpu_t2,3,122955,30659,0,2.5198,1.0150,0.1544,0,3.6892,0
87,cpu_t2,4,122955,30659,0,2.0204,1.0192,0.1558,0,3.1954,0
87,cpu_t4,0,122955,30659,0,1.2813,0.3782,0.1514,0,1.8109,0
87,cpu_t4,1,122955,30659,0,1.1051,0.4095,0.1543,0,1.6689,0
87,cpu_t4,2,122955,30659,0,1.1322,0.4044,0.1509,0,1.6875,0
87,cpu_t4,3,122955,30659,0,1.1182,0.3946,0.1854,0,1.6982,0
87,cpu_t4,4,122955,30659,0,1.1958,0.4601,0.1536,0,1.8095,0
87,cpu_t8,0,122955,30659,0,0.9787,0.4385,0.1520,0,1.5692,0
87,cpu_t8,1,122955,30659,0,0.9732,0.3831,0.1971,0,1.5533,0
87,cpu_t8,2,122955,30659,0,0.9882,0.3891,0.1949,0,1.5721,0
87,cpu_t8,3,122955,30659,0,0.9758,0.4064,0.1959,0,1.5781,0
87,cpu_t8,4,122955,30659,0,0.9763,0.3936,0.2039,0,1.5738,0
87,cpu_t16,0,122955,30659,0,1.2789,0.3756,0.1969,0,1.8514,0
87,cpu_t16,1,122955,30659,0,1.2819,0.2012,0.2018,0,1.6848,0
87,cpu_t16,2,122955,30659,0,0.6644,0.2019,0.1924,0,1.0587,0
87,cpu_t16,3,122955,30659,0,0.6674,0.2493,0.1918,0,1.1085,0
87,cpu_t16,4,122955,30659,0,0.6735,0.2101,0.2002,0,1.0838,0
87,gpu_thrust_uf,0,122955,30659,0.0819,0.8132,0.0430,0.1577,0.0297,1.0840,0
87,gpu_thrust_uf,1,122955,30659,0.0868,0.7598,0.0850,0.1956,0.0274,1.1126,0
87,gpu_thrust_uf,2,122955,30659,0.1018,0.7473,0.0867,0.1710,0.0189,1.0784,0
87,gpu_thrust_uf,3,122955,30659,0.0776,1.4026,0.0655,0.1897,0.0254,1.6535,0
87,gpu_thrust_uf,4,122955,30659,0.0773,2.0316,0.0307,0.1466,0.0185,2.1583,0
87,gpu_hash_uf,0,122955,30659,0.0773,0.7976,0.1229,0.2570,0.0793,1.2628,0
87,gpu_hash_uf,1,122955,30659,0.0789,0.6409,0.1161,0.2629,0.0985,1.1588,0
87,gpu_hash_uf,2,122955,30659,0.0765,0.6834,0.1106,0.2724,0.1197,1.1923,0
87,gpu_hash_uf,3,122955,30659,0.0780,0.6923,0.1260,0.2509,0.0974,1.2031,0
87,gpu_hash_uf,4,122955,30659,0.0765,0.5864,0.1256,0.2673,0.0285,1.0475,0
87,gpu_hash_prop,0,122955,30659,0.0776,0.2497,0.0727,13.4431,0.0188,12.8644,199
87,gpu_hash_prop,1,122955,30659,0.0810,0.2668,0.0584,13.6090,0.0184,13.0086,199
87,gpu_hash_prop,2,122955,30659,0.1018,0.2577,0.0625,19.1427,0.1070,18.2293,199
87,gpu_hash_prop,3,122955,30659,0.0794,0.4118,0.0338,17.9999,0.0366,17.2090,199
87,gpu_hash_prop,4,122955,30659,0.0775,0.3036,0.0625,13.9428,0.0410,13.3716,199
88,cpu_t1,0,122978,30714,0,3.7627,1.3832,0.1371,0,5.2830,0
88,cpu_t1,1,122978,30714,0,3.7420,1.3451,0.1355,0,5.2226,0
88,cpu_t1,2,122978,30714,0,3.7224,1.4138,0.1338,0,5.2700,0
88,cpu_t1,3,122978,30714,0,3.6976,1.3917,0.1337,0,5.2230,0
88,cpu_t1,4,122978,30714,0,3.7148,1.4423,0.1337,0,5.2908,0
88,cpu_t2,0,122978,30714,0,1.9576,0.7070,0.1362,0,2.8009,0
88,cpu_t2,1,122978,30714,0,1.9329,0.6960,0.1413,0,2.7703,0
88,cpu_t2,2,122978,30714,0,1.9944,0.7624,0.1338,0,2.8907,0
88,cpu_t2,3,122978,30714,0,2.6545,1.4964,0.1700,0,4.3209,0
88,cpu_t2,4,122978,30714,0,2.6534,0.7064,0.1413,0,3.5012,0
88,cpu_t4,0,122978,30714,0,1.1628,0.3812,0.1342,0,1.6781,0
88,cpu_t4,1,122978,30714,0,1.1133,0.4004,0.1620,0,1.6757,0
88,cpu_t4,2,122978,30714,0,1.1503,0.3898,0.1348,0,1.6749,0
88,cpu_t4,3,122978,30714,0,1.2052,0.4353,0.1673,0,1.8078,0
88,cpu_t4,4,122978,30714,0,1.4583,0.7338,0.1779,0,2.3700,0
88,cpu_t8,0,122978,30714,0,0.9562,0.4005,0.1768,0,1.5335,0
88,cpu_t8,1,122978,30714,0,0.9663,0.3920,0.1677,0,1.5260,0
88,cpu_t8,2,122978,30714,0,0.9673,0.3854,0.1670,0,1.5197,0
88,cpu_t8,3,122978,30714,0,0.9712,0.3753,0.1694,0,1.5159,0
88,cpu_t8,4,122978,30714,0,0.9915,0.3853,0.1653,0,1.5421,0
88,cpu_t16,0,122978,30714,0,0.6701,0.1940,0.1664,0,1.0305,0
88,cpu_t16,1,122978,30714,0,1.8781,0.3211,0.1870,0,2.3862,0
88,cpu_t16,2,122978,30714,0,1.2063,0.4445,0.1678,0,1.8186,0
88,cpu_t16,3,122978,30714,0,1.2140,0.3244,0.1733,0,1.7116,0
88,cpu_t16,4,122978,30714,0,0.8025,0.2037,0.1742,0,1.1804,0
88,gpu_thrust_uf,0,122978,30714,0.0803,0.8683,0.0410,0.1690,0.0313,1.1534,0
88,gpu_thrust_uf,1,122978,30714,0.0917,0.7660,0.0369,0.1568,0.0282,1.0352,0
88,gpu_thrust_uf,2,122978,30714,0.0791,0.6518,0.0379,0.1577,0.0334,0.9118,0
88,gpu_thrust_uf,3,122978,30714,0.0772,0.6625,0.0369,0.1823,0.0287,0.9424,0
88,gpu_thrust_uf,4,122978,30714,0.0789,0.7734,0.0338,0.1567,0.0273,1.0128,0
88,gpu_hash_uf,0,122978,30714,0.0772,0.2534,0.0809,0.1720,0.0681,0.6226,0
88,gpu_hash_uf,1,122978,30714,0.0806,1.0071,0.0317,0.1568,0.0246,1.2267,0
88,gpu_hash_uf,2,122978,30714,0.0836,0.2216,0.0543,0.1567,0.0361,0.5405,0
88,gpu_hash_uf,3,122978,30714,0.0811,0.2436,0.0514,0.1575,0.0370,0.5569,0
88,gpu_hash_uf,4,122978,30714,0.0787,0.2069,0.0369,0.1567,0.0253,0.4897,0
88,gpu_hash_prop,0,122978,30714,0.0778,0.3471,0.0358,17.2698,0.0276,16.4571,201
88,gpu_hash_prop,1,122978,30714,0.0972,1.9841,0.0818,23.5059,0.1581,23.9232,201
88,gpu_hash_prop,2,122978,30714,0.0806,0.4240,0.0307,21.6189,0.1004,20.6291,201
88,gpu_hash_prop,3,122978,30714,0.0774,0.4087,0.0788,22.6088,0.0816,21.5488,201
88,gpu_hash_prop,4,122978,30714,0.1047,0.3471,0.0345,20.7759,0.1262,19.8185,201
89,cpu_t1,0,122919,30447,0,3.7246,1.3626,0.1368,0,5.2240,0
89,cpu_t1,1,122919,30447,0,3.7721,1.3658,0.1357,0,5.2736,0
89,cpu_t1,2,122919,30447,0,3.7067,1.3749,0.1568,0,5.2384,0
89,cpu_t1,3,122919,30447,0,3.7004,1.3668,0.1344,0,5.2016,0
89,cpu_t1,4,122919,30447,0,3.7534,1.3866,0.1348,0,5.2748,0
89,cpu_t2,0,122919,30447,0,1.9614,0.7210,0.1410,0,2.8234,0
89,cpu_t2,1,122919,30447,0,1.9490,0.7793,0.1350,0,2.8633,0
89,cpu_t2,2,122919,30447,0,2.2447,1.1887,0.1691,0,3.6024,0
89,cpu_t2,3,122919,30447,0,2.0122,0.6986,0.1381,0,2.8490,0
89,cpu_t2,4,122919,30447,0,2.0550,0.6915,0.1370,0,2.8835,0
89,cpu_t4,0,122919,30447,0,1.1277,0.3708,0.1357,0,1.6342,0
89,cpu_t4,1,122919,30447,0,1.1218,0.3572,0.1521,0,1.6312,0
89,cpu_t4,2,122919,30447,0,1.1513,0.3643,0.1435,0,1.6591,0
89,cpu_t4,3,122919,30447,0,1.2903,0.4087,0.1367,0,1.8357,0
89,cpu_t4,4,122919,30447,0,1.2245,0.3708,0.1372,0,1.7324,0
89,cpu_t8,0,122919,30447,0,0.9595,0.3872,0.1846,0,1.5313,0
89,cpu_t8,1,122919,30447,0,0.8884,0.3838,0.1691,0,1.4412,0
89,cpu_t8,2,122919,30447,0,0.8924,0.3680,0.1382,0,1.3986,0
89,cpu_t8,3,122919,30447,0,0.9203,0.3912,0.1354,0,1.4470,0
89,cpu_t8,4,122919,30447,0,0.8702,0.3851,0.1351,0,1.3904,0
89,cpu_t16,0,122919,30447,0,0.6583,0.1995,0.1752,0,1.0330,0
89,cpu_t16,1,122919,30447,0,0.6788,0.3707,0.1733,0,1.2228,0
89,cpu_t16,2,122919,30447,0,1.4034,0.4037,0.1783,0,1.9855,0
89,cpu_t16,3,122919,30447,0,1.2172,0.3940,0.1780,0,1.7892,0
89,cpu_t16,4,122919,30447,0,1.2323,0.3859,0.1832,0,1.8013,0
89,gpu_thrust_uf,0,122919,30447,0.0828,0.8855,0.0389,0.1679,0.0323,1.1502,0
89,gpu_thrust_uf,1,122919,30447,0.0801,0.8276,0.0338,0.9226,0.0207,1.7827,0
89,gpu_thrust_uf,2,122919,30447,0.1555,1.3624,0.0369,0.1638,0.0329,1.6524,0
89,gpu_thrust_uf,3,122919,30447,0.0775,0.6866,0.0594,0.1864,0.0280,0.9829,0
89,gpu_thrust_uf,4,122919,30447,0.0818,0.7797,0.0614,0.1966,0.0321,1.0953,0
89,gpu_hash_uf,0,122919,30447,0.0772,1.0625,0.0307,0.1638,0.0221,1.2741,0
89,gpu_hash_uf,1,122919,30447,0.0785,0.2137,0.0328,0.1629,0.0254,0.5025,0
89,gpu_hash_uf,2,122919,30447,0.0790,0.1981,0.0328,0.1628,0.0262,0.4850,0
89,gpu_hash_uf,3,122919,30447,0.0788,0.2154,0.0338,0.1630,0.0357,0.5107,0
89,gpu_hash_uf,4,122919,30447,0.0772,0.3656,0.0369,0.1628,0.0221,0.6433,0
89,gpu_hash_prop,0,122919,30447,0.0791,0.2534,0.0364,20.5363,0.0460,19.4101,203
89,gpu_hash_prop,1,122919,30447,0.0812,0.2574,0.0594,12.5932,0.0214,12.0588,203
89,gpu_hash_prop,2,122919,30447,0.0788,0.2848,0.0374,14.3872,0.0328,13.7370,203
89,gpu_hash_prop,3,122919,30447,0.0786,0.2564,0.0369,12.3373,0.0285,11.8165,203
89,gpu_hash_prop,4,122919,30447,0.0772,0.2659,0.0614,21.4170,0.0929,20.3047,203
90,cpu_t1,0,122987,30617,0,3.8426,1.3737,0.1349,0,5.3512,0
90,cpu_t1,1,122987,30617,0,3.7647,1.3475,0.1316,0,5.2439,0
90,cpu_t1,2,122987,30617,0,3.7601,1.3563,0.1314,0,5.2478,0
90,cpu_t1,3,122987,30617,0,3.7637,1.2983,0.1310,0,5.1930,0
90,cpu_t1,4,122987,30617,0,3.7800,1.3406,0.1303,0,5.2510,0
90,cpu_t2,0,122987,30617,0,2.3855,0.7314,0.1345,0,3.2514,0
90,cpu_t2,1,122987,30617,0,1.9802,0.8825,0.1376,0,3.0003,0
90,cpu_t2,2,122987,30617,0,2.2952,0.7566,0.1290,0,3.1807,0
90,cpu_t2,3,122987,30617,0,2.0693,0.7738,0.1344,0,2.9775,0
90,cpu_t2,4,122987,30617,0,1.9894,0.6874,0.1320,0,2.8088,0
90,cpu_t4,0,122987,30617,0,1.1202,0.3557,0.1319,0,1.6078,0
90,cpu_t4,1,122987,30617,0,1.1188,0.3484,0.1883,0,1.6555,0
90,cpu_t4,2,122987,30617,0,1.1901,0.3565,0.1313,0,1.6779,0
90,cpu_t4,3,122987,30617,0,1.1153,0.3570,0.1310,0,1.6033,0
90,cpu_t4,4,122987,30617,0,1.1733,0.3545,0.1468,0,1.6745,0
90,cpu_t8,0,122987,30617,0,0.9305,0.3616,0.1666,0,1.4588,0
90,cpu_t8,1,122987,30617,0,0.9519,0.3706,0.1325,0,1.4550,0
90,cpu_t8,2,122987,30617,0,0.8877,0.3725,0.1306,0,1.3908,0
90,cpu_t8,3,122987,30617,0,1.0144,0.3930,0.1686,0,1.5760,0
90,cpu_t8,4,122987,30617,0,0.9624,0.3928,0.1718,0,1.5270,0
90,cpu_t16,0,122987,30617,0,1.0514,0.2067,0.1914,0,1.4494,0
90,cpu_t16,1,122987,30617,0,0.7806,0.2098,0.1751,0,1.1654,0
90,cpu_t16,2,122987,30617,0,1.2578,0.4032,0.1833,0,1.8443,0
90,cpu_t16,3,122987,30617,0,1.2993,0.3566,0.1733,0,1.8292,0
90,cpu_t16,4,122987,30617,0,1.2695,0.4204,0.1860,0,1.8759,0
90,gpu_thrust_uf,0,122987,30617,0.0881,0.9143,0.0920,0.3287,0.0335,1.3823,0
90,gpu_thrust_uf,1,122987,30617,0.0947,0.8844,0.0748,0.2191,0.0271,1.2328,0
90,gpu_thrust_uf,2,122987,30617,0.0779,0.7838,0.0717,0.2191,0.0271,1.1151,0
90,gpu_thrust_uf,3,122987,30617,0.0783,0.8162,0.0768,0.2191,0.0269,1.1501,0
90,gpu_thrust_uf,4,122987,30617,0.0779,0.7779,0.0440,0.2744,0.0360,1.1438,0
90,gpu_hash_uf,0,122987,30617,0.0891,0.2741,0.0512,0.2191,0.0241,0.6289,0
90,gpu_hash_uf,1,122987,30617,0.0779,0.7820,0.0451,0.2202,0.0272,1.0888,0
90,gpu_hash_uf,2,122987,30617,0.0986,0.6662,0.0522,0.2191,0.0378,1.0161,0
90,gpu_hash_uf,3,122987,30617,0.0781,0.2251,0.0440,0.2181,0.0276,0.5757,0
90,gpu_hash_uf,4,122987,30617,0.0780,0.2775,0.2990,0.2202,0.0325,0.8632,0
90,gpu_hash_prop,0,122987,30617,0.0816,0.2387,0.0440,16.9974,0.0273,16.1688,205
90,gpu_hash_prop,1,122987,30617,0.1179,1.0507,0.0829,13.3591,0.0483,13.5987,205
90,gpu_hash_prop,2,122987,30617,0.0782,0.2797,0.0686,13.8230,0.0506,13.2588,205
90,gpu_hash_prop,3,122987,30617,0.1465,1.3026,0.0962,24.6705,0.0615,24.3523,205
90,gpu_hash_prop,4,122987,30617,0.0776,0.4212,0.0727,21.9249,0.1147,20.9535,205
91,cpu_t1,0,123040,30495,0,3.7283,1.3874,0.1307,0,5.2464,0
91,cpu_t1,1,123040,30495,0,3.7759,1.3062,0.1285,0,5.2107,0
91,cpu_t1,2,123040,30495,0,3.7399,1.3507,0.1321,0,5.2227,0
91,cpu_t1,3,123040,30495,0,3.7106,1.5226,0.1855,0,5.4186,0
91,cpu_t1,4,123040,30495,0,4.0192,1.4171,0.1287,0,5.5650,0
91,cpu_t2,0,123040,30495,0,1.9753,0.6793,0.1292,0,2.7838,0
91,cpu_t2,1,123040,30495,0,1.9165,0.7397,0.1488,0,2.8051,0
91,cpu_t2,2,123040,30495,0,2.1037,0.6869,0.1315,0,2.9221,0
91,cpu_t2,3,123040,30495,0,2.2023,0.7815,0.1300,0,3.1138,0
91,cpu_t2,4,123040,30495,0,1.9744,0.7110,0.1289,0,2.8143,0
91,cpu_t4,0,123040,30495,0,1.3620,0.3947,0.1469,0,1.9035,0
91,cpu_t4,1,123040,30495,0,1.1319,0.4487,0.1288,0,1.7094,0
91,cpu_t4,2,123040,30495,0,1.3638,0.4507,0.1477,0,1.9622,0
91,cpu_t4,3,123040,30495,0,1.2232,0.3710,0.1288,0,1.7230,0
91,cpu_t4,4,123040,30495,0,1.2056,0.3974,0.1826,0,1.7857,0
91,cpu_t8,0,123040,30495,0,0.7237,0.1991,0.1295,0,1.0523,0
91,cpu_t8,1,123040,30495,0,0.7896,0.2120,0.1715,0,1.1731,0
91,cpu_t8,2,123040,30495,0,0.7525,0.2016,0.1325,0,1.0866,0
91,cpu_t8,3,123040,30495,0,0.7051,0.1906,0.1324,0,1.0281,0
91,cpu_t8,4,123040,30495,0,0.7763,0.2045,0.1299,0,1.1108,0
91,cpu_t16,0,123040,30495,0,1.2570,0.4458,0.1772,0,1.8800,0
91,cpu_t16,1,123040,30495,0,1.2939,0.4109,0.1760,0,1.8808,0
91,cpu_t16,2,123040,30495,0,0.7862,0.2288,0.1754,0,1.1905,0
91,cpu_t16,3,123040,30495,0,0.6727,0.2062,0.1743,0,1.0532,0
91,cpu_t16,4,123040,30495,0,0.6991,0.2037,0.1756,0,1.0784,0
91,gpu_thrust_uf,0,123040,30495,0.0782,0.9829,0.0840,0.2304,0.0487,1.3519,0
91,gpu_thrust_uf,1,123040,30495,0.0818,0.7588,0.0758,0.2294,0.0279,1.1206,0
91,gpu_thrust_uf,2,123040,30495,0.1132,0.8336,0.0768,0.2427,0.0653,1.2648,0
91,gpu_thrust_uf,3,123040,30495,0.0782,1.4468,0.0492,0.2304,0.0512,1.7448,0
91,gpu_thrust_uf,4,123040,30495,0.0781,0.8278,0.0532,0.2294,0.0364,1.1636,0
91,gpu_hash_uf,0,123040,30495,0.0814,0.2280,0.0451,0.2294,0.0293,0.6014,0
91,gpu_hash_uf,1,123040,30495,0.0779,0.5160,0.0489,0.3062,0.0277,0.9303,0
91,gpu_hash_uf,2,123040,30495,0.0959,0.4485,0.0491,0.2416,0.0287,0.8301,0
91,gpu_hash_uf,3,123040,30495,0.0781,0.4231,0.0450,0.2662,0.0285,0.8046,0
91,gpu_hash_uf,4,123040,30495,0.0771,0.4314,0.0451,0.2826,0.0288,0.8254,0
91,gpu_hash_prop,0,123040,30495,0.0804,0.4771,0.0952,18.9194,0.0274,18.1735,194
91,gpu_hash_prop,1,123040,30495,0.0802,0.2817,0.0522,14.8122,0.0273,14.1417,194
91,gpu_hash_prop,2,123040,30495,0.0802,0.2465,0.1096,14.7784,0.0300,14.1291,194
91,gpu_hash_prop,3,123040,30495,0.0810,0.2532,0.0492,14.4684,0.0282,13.7895,194
91,gpu_hash_prop,4,123040,30495,0.0811,0.2756,0.0748,15.3641,0.0305,14.6714,194
92,cpu_t1,0,123020,30415,0,3.9907,1.4709,0.1531,0,5.6147,0
92,cpu_t1,1,123020,30415,0,4.1243,1.7978,0.1467,0,6.0688,0
92,cpu_t1,2,123020,30415,0,3.9081,1.4041,0.1425,0,5.4547,0
92,cpu_t1,3,123020,30415,0,3.8971,1.3881,0.1411,0,5.4263,0
92,cpu_t1,4,123020,30415,0,3.9534,1.4648,0.1400,0,5.5582,0
92,cpu_t2,0,123020,30415,0,1.9825,0.6877,0.1399,0,2.8100,0
92,cpu_t2,1,123020,30415,0,1.9684,0.7041,0.1485,0,2.8210,0
92,cpu_t2,2,123020,30415,0,1.9552,0.7352,0.2023,0,2.8927,0
92,cpu_t2,3,123020,30415,0,3.1441,1.6077,0.1716,0,4.9234,0
92,cpu_t2,4,123020,30415,0,2.6583,1.5441,0.1874,0,4.3899,0
92,cpu_t4,0,123020,30415,0,1.5689,0.7429,0.1724,0,2.4843,0
92,cpu_t4,1,123020,30415,0,1.5718,1.0595,0.2038,0,2.8351,0
92,cpu_t4,2,123020,30415,0,1.5834,0.7031,0.1786,0,2.4651,0
92,cpu_t4,3,123020,30415,0,1.5489,0.7719,0.1733,0,2.4940,0
92,cpu_t4,4,123020,30415,0,1.4962,0.4930,0.1418,0,2.1309,0
92,cpu_t8,0,123020,30415,0,0.8702,0.3876,0.1606,0,1.4184,0
92,cpu_t8,1,123020,30415,0,0.9414,0.3720,0.1367,0,1.4501,0
92,cpu_t8,2,123020,30415,0,0.9112,0.3756,0.1406,0,1.4275,0
92,cpu_t8,3,123020,30415,0,0.9474,0.4949,0.1712,0,1.6135,0
92,cpu_t8,4,123020,30415,0,0.9868,0.3852,0.1749,0,1.5469,0
92,cpu_t16,0,123020,30415,0,1.2465,0.3881,0.1870,0,1.8217,0
92,cpu_t16,1,123020,30415,0,1.2516,1.4235,0.1774,0,2.8525,0
92,cpu_t16,2,123020,30415,0,2.6623,0.5972,0.1764,0,3.4358,0
92,cpu_t16,3,123020,30415,0,1.8549,0.3847,0.1745,0,2.4142,0
92,cpu_t16,4,123020,30415,0,1.4292,0.3871,0.1765,0,1.9928,0
92,gpu_thrust_uf,0,123020,30415,0.0806,0.9759,0.0737,0.2284,0.0353,1.3260,0
92,gpu_thrust_uf,1,123020,30415,0.0779,0.8480,0.0492,0.2284,0.0499,1.1960,0
92,gpu_thrust_uf,2,123020,30415,0.0780,0.7868,0.0666,0.2284,0.0370,1.1371,0
92,gpu_thrust_uf,3,123020,30415,0.0814,1.7089,0.0492,0.2284,0.0316,1.9690,0
92,gpu_thrust_uf,4,123020,30415,0.0833,0.8214,0.0512,0.2294,0.0326,1.1617,0
92,gpu_hash_uf,0,123020,30415,0.0802,0.3011,0.0492,0.2284,0.0252,0.6544,0
92,gpu_hash_uf,1,123020,30415,0.0802,0.2652,0.0492,0.2273,0.0254,0.6227,0
92,gpu_hash_uf,2,123020,30415,0.0779,0.2734,0.0686,0.3011,0.0289,0.7185,0
92,gpu_hash_uf,3,123020,30415,0.0768,0.4768,0.0969,0.3430,0.0302,0.9735,0
92,gpu_hash_uf,4,123020,30415,0.0780,0.4811,0.0459,0.2519,0.0272,0.8465,0
92,gpu_hash_prop,0,123020,30415,0.0784,1.2350,0.0960,23.9155,0.0614,23.5248,195
92,gpu_hash_prop,1,123020,30415,0.0782,0.4057,0.0929,18.9420,0.1108,18.1922,195
92,gpu_hash_prop,2,123020,30415,0.0776,0.3987,0.0502,23.2256,0.0976,22.0992,195
92,gpu_hash_prop,3,123020,30415,0.0776,0.5082,0.0502,23.8019,0.0382,22.6792,195
92,gpu_hash_prop,4,123020,30415,0.0783,0.5633,0.0471,21.9095,0.1232,21.0549,195
93,cpu_t1,0,123127,30229,0,3.8085,1.5527,0.1494,0,5.5106,0
93,cpu_t1,1,123127,30229,0,3.7938,1.3932,0.1555,0,5.3425,0
93,cpu_t1,2,123127,30229,0,3.8509,1.3435,0.1358,0,5.3303,0
93,cpu_t1,3,123127,30229,0,3.8046,1.4995,0.1374,0,5.4415,0
93,cpu_t1,4,123127,30229,0,3.8727,1.4129,0.1362,0,5.4218,0
93,cpu_t2,0,123127,30229,0,2.1347,0.7365,0.1367,0,3.0079,0
93,cpu_t2,1,123127,30229,0,2.3844,1.0348,0.1364,0,3.5557,0
93,cpu_t2,2,123127,30229,0,2.1441,0.7131,0.1370,0,2.9943,0
93,cpu_t2,3,123127,30229,0,1.9749,0.6962,0.1376,0,2.8087,0
93,cpu_t2,4,123127,30229,0,1.9786,0.7668,0.1326,0,2.8780,0
93,cpu_t4,0,123127,30229,0,1.1724,0.4612,0.1362,0,1.7698,0
93,cpu_t4,1,123127,30229,0,1.2408,0.6783,0.1570,0,2.0761,0
93,cpu_t4,2,123127,30229,0,1.3652,0.3592,0.1714,0,1.8958,0
93,cpu_t4,3,123127,30229,0,1.2845,0.3826,0.1640,0,1.8311,0
93,cpu_t4,4,123127,30229,0,1.1116,0.3729,0.1334,0,1.6179,0
93,cpu_t8,0,123127,30229,0,1.0520,0.3658,0.1351,0,1.5529,0
93,cpu_t8,1,123127,30229,0,0.9217,0.3578,0.1387,0,1.4183,0
93,cpu_t8,2,123127,30229,0,0.8910,0.3503,0.1533,0,1.3946,0
93,cpu_t8,3,123127,30229,0,0.8981,0.3583,0.1708,0,1.4272,0
93,cpu_t8,4,123127,30229,0,1.0067,0.4368,0.1724,0,1.6160,0
93,cpu_t16,0,123127,30229,0,1.2698,0.4241,0.1719,0,1.8659,0
93,cpu_t16,1,123127,30229,0,1.2196,0.2070,0.1800,0,1.6065,0
93,cpu_t16,2,123127,30229,0,0.7290,0.2060,0.1770,0,1.1121,0
93,cpu_t16,3,123127,30229,0,0.7425,0.2015,0.1794,0,1.1233,0
93,cpu_t16,4,123127,30229,0,0.7428,0.2113,0.1871,0,1.1413,0
93,gpu_thrust_uf,0,123127,30229,0.0783,0.9461,0.0604,0.2386,0.0308,1.2876,0
93,gpu_thrust_uf,1,123127,30229,0.0823,0.8484,0.0748,0.2693,0.0261,1.2350,0
93,gpu_thrust_uf,2,123127,30229,0.0781,0.8907,0.0543,0.2396,0.0292,1.2231,0
93,gpu_thrust_uf,3,123127,30229,0.0842,1.4729,0.0809,0.2396,0.0267,1.7994,0
93,gpu_thrust_uf,4,123127,30229,0.0808,0.8731,0.0502,0.2406,0.0245,1.1989,0
93,gpu_hash_uf,0,123127,30229,0.0783,0.4494,0.0891,0.3338,0.0298,0.9294,0
93,gpu_hash_uf,1,123127,30229,0.0772,0.4844,0.0938,0.3082,0.0318,0.9501,0
93,gpu_hash_uf,2,123127,30229,0.0770,0.4810,0.0471,0.2386,0.0282,0.8346,0
93,gpu_hash_uf,3,123127,30229,0.0771,0.4377,0.0901,0.3318,0.0427,0.9329,0
93,gpu_hash_uf,4,123127,30229,0.0772,0.3710,0.0922,0.3226,0.0297,0.8517,0
93,gpu_hash_prop,0,123127,30229,0.1340,1.0035,0.0930,21.0966,0.1059,20.7952,173
93,gpu_hash_prop,1,123127,30229,0.0783,0.5037,0.0983,18.6543,0.1004,18.0124,173
93,gpu_hash_prop,2,123127,30229,0.0778,0.4736,0.0480,18.3316,0.0340,17.5788,173
93,gpu_hash_prop,3,123127,30229,0.0778,0.2328,0.0522,17.8524,0.0300,16.9086,173
93,gpu_hash_prop,4,123127,30229,0.0812,0.4239,0.0478,19.6178,0.0286,19.5754,173
94,cpu_t1,0,123140,30237,0,4.2110,1.6431,0.1639,0,6.0179,0
94,cpu_t1,1,123140,30237,0,4.1272,1.4980,0.1535,0,5.7787,0
94,cpu_t1,2,123140,30237,0,4.0998,1.5259,0.1481,0,5.7737,0
94,cpu_t1,3,123140,30237,0,4.4521,1.5394,0.1508,0,6.1423,0
94,cpu_t1,4,123140,30237,0,4.3311,1.4471,0.1502,0,5.9283,0
94,cpu_t2,0,123140,30237,0,2.1989,0.8663,0.1504,0,3.2157,0
94,cpu_t2,1,123140,30237,0,2.4901,0.8095,0.1559,0,3.4555,0
94,cpu_t2,2,123140,30237,0,2.3292,0.7030,0.1724,0,3.2046,0
94,cpu_t2,3,123140,30237,0,2.3351,0.7776,0.1512,0,3.2639,0
94,cpu_t2,4,123140,30237,0,2.1447,1.1816,0.1568,0,3.4831,0
94,cpu_t4,0,123140,30237,0,1.6618,0.6960,0.1843,0,2.5422,0
94,cpu_t4,1,123140,30237,0,1.7408,0.7611,0.2195,0,2.7213,0
94,cpu_t4,2,123140,30237,0,1.5097,0.7091,0.2317,0,2.4504,0
94,cpu_t4,3,123140,30237,0,2.1868,0.7078,0.2218,0,3.1164,0
94,cpu_t4,4,123140,30237,0,1.8628,0.7701,0.1589,0,2.7918,0
94,cpu_t8,0,123140,30237,0,5.4792,0.7159,0.2134,0,6.4086,0
94,cpu_t8,1,123140,30237,0,1.3324,0.8292,0.2010,0,2.3626,0
94,cpu_t8,2,123140,30237,0,2.1579,0.3917,0.2059,0,2.7555,0
94,cpu_t8,3,123140,30237,0,1.2722,0.3877,0.1882,0,1.8481,0
94,cpu_t8,4,123140,30237,0,3.0576,0.4120,0.1885,0,3.6581,0
94,cpu_t16,0,123140,30237,0,29.6758,0.9217,0.1996,0,30.7970,0
94,cpu_t16,1,123140,30237,0,3.2422,1.6802,0.2271,0,5.1495,0
94,cpu_t16,2,123140,30237,0,4.3427,0.4222,0.2018,0,4.9667,0
94,cpu_t16,3,123140,30237,0,2.1704,0.4782,0.2156,0,2.8641,0
94,cpu_t16,4,123140,30237,0,4.0958,0.4345,0.1973,0,4.7275,0
94,gpu_thrust_uf,0,123140,30237,0.0926,2.0002,0.0563,0.2970,0.0365,2.5241,0
94,gpu_thrust_uf,1,123140,30237,0.0781,0.9110,0.0727,0.2734,0.0225,1.3919,0
94,gpu_thrust_uf,2,123140,30237,0.0783,1.0879,0.1341,0.4219,0.0482,1.8213,0
94,gpu_thrust_uf,3,123140,30237,0.0780,0.8857,0.0563,0.2744,0.0323,1.3642,0
94,gpu_thrust_uf,4,123140,30237,0.0809,0.8037,0.0573,0.2734,0.0270,1.2713,0
94,gpu_hash_uf,0,123140,30237,0.0791,0.8521,0.0573,0.2744,0.0311,1.3254,0
94,gpu_hash_uf,1,123140,30237,0.0783,0.2588,0.0573,0.2734,0.0269,0.7318,0
94,gpu_hash_uf,2,123140,30237,0.0807,0.2113,0.0522,0.2744,0.0351,0.6812,0
94,gpu_hash_uf,3,123140,30237,0.0936,0.3343,0.0614,0.2744,0.0236,0.8270,0
94,gpu_hash_uf,4,123140,30237,0.0859,2.0046,0.0573,0.2744,0.0195,2.4926,0
94,gpu_hash_prop,0,123140,30237,0.0845,0.2339,0.0532,16.1137,0.1868,16.7697,175
94,gpu_hash_prop,1,123140,30237,0.1357,2.4392,0.0502,16.3041,0.0429,19.0159,175
94,gpu_hash_prop,2,123140,30237,0.0890,0.6173,0.1382,18.1033,0.1390,19.1509,175
94,gpu_hash_prop,3,123140,30237,0.0778,0.6697,0.1055,16.6298,0.0305,17.5429,175
94,gpu_hash_prop,4,123140,30237,0.0785,0.2502,0.0625,16.2652,0.0229,16.7067,175
95,cpu_t1,0,123162,30189,0,4.3570,1.7253,0.2359,0,6.3182,0
95,cpu_t1,1,123162,30189,0,7.4043,1.7801,0.2054,0,9.3898,0
95,cpu_t1,2,123162,30189,0,4.3150,1.5514,0.2306,0,6.0970,0
95,cpu_t1,3,123162,30189,0,4.8740,1.4335,0.1923,0,6.4997,0
95,cpu_t1,4,123162,30189,0,4.5817,1.4600,0.1818,0,6.2235,0
95,cpu_t2,0,123162,30189,0,2.2278,0.7904,0.3317,0,3.3498,0
95,cpu_t2,1,123162,30189,0,2.2539,0.7277,0.2495,0,3.2311,0
95,cpu_t2,2,123162,30189,0,2.6270,0.7144,0.1800,0,3.5213,0
95,cpu_t2,3,123162,30189,0,2.6169,0.9392,0.1826,0,3.7387,0
95,cpu_t2,4,123162,30189,0,2.7873,1.4602,0.2198,0,4.4673,0
95,cpu_t4,0,123162,30189,0,1.4843,0.4902,0.2553,0,2.2298,0
95,cpu_t4,1,123162,30189,0,1.6798,0.4849,0.2549,0,2.4196,0
95,cpu_t4,2,123162,30189,0,1.6274,0.4768,0.1885,0,2.2927,0
95,cpu_t4,3,123162,30189,0,1.3090,0.7151,0.1829,0,2.2071,0
95,cpu_t4,4,123162,30189,0,1.4105,0.6994,0.2627,0,2.3726,0
95,cpu_t8,0,123162,30189,0,3.1124,1.0969,0.2185,0,4.4279,0
95,cpu_t8,1,123162,30189,0,1.3502,0.4278,0.2455,0,2.0235,0
95,cpu_t8,2,123162,30189,0,1.3439,0.4665,0.2135,0,2.0240,0
95,cpu_t8,3,123162,30189,0,1.2982,0.4362,0.2154,0,1.9498,0
95,cpu_t8,4,123162,30189,0,0.9818,0.3837,0.2337,0,1.5991,0
95,cpu_t16,0,123162,30189,0,1.6861,0.5330,0.2205,0,2.4396,0
95,cpu_t16,1,123162,30189,0,8.2956,0.7449,0.2395,0,9.2800,0
95,cpu_t16,2,123162,30189,0,4.3511,0.5369,0.2355,0,5.1234,0
95,cpu_t16,3,123162,30189,0,1.3410,0.4237,0.2303,0,1.9950,0
95,cpu_t16,4,123162,30189,0,8.3607,0.4134,0.2176,0,8.9917,0
95,gpu_thrust_uf,0,123162,30189,0.0780,0.9118,0.0625,0.2714,0.0741,1.4378,0
95,gpu_thrust_uf,1,123162,30189,0.0855,0.8958,0.0584,0.2458,0.0572,1.3848,0
95,gpu_thrust_uf,2,123162,30189,0.0828,0.9223,0.0583,0.2447,0.0249,1.3689,0
95,gpu_thrust_uf,3,123162,30189,0.0815,0.9512,0.0573,0.2458,0.0404,1.4040,0
95,gpu_thrust_uf,4,123162,30189,0.0815,1.9999,0.0594,0.2468,0.0509,2.4705,0
95,gpu_hash_uf,0,123162,30189,0.0811,0.2767,0.0788,0.3082,0.0371,0.8133,0
95,gpu_hash_uf,1,123162,30189,0.0781,0.2544,0.0563,0.2458,0.0303,0.7008,0
95,gpu_hash_uf,2,123162,30189,0.0813,0.2152,0.0543,0.2447,0.0246,0.6535,0
95,gpu_hash_uf,3,123162,30189,0.0825,0.2128,0.0543,0.2447,0.0220,0.6569,0
95,gpu_hash_uf,4,123162,30189,0.0840,0.2107,0.0502,0.2458,0.0183,0.6373,0
95,gpu_hash_prop,0,123162,30189,0.0792,1.7729,0.0512,13.5014,0.0313,15.4763,174
95,gpu_hash_prop,1,123162,30189,0.0791,1.9510,0.0502,11.8998,0.0336,14.0538,174
95,gpu_hash_prop,2,123162,30189,0.0780,0.2390,0.3185,15.8054,0.0348,16.4996,174
95,gpu_hash_prop,3,123162,30189,0.0795,0.2616,0.0532,15.7266,0.1450,16.3342,174
95,gpu_hash_prop,4,123162,30189,0.1375,2.1604,0.0532,11.4606,0.0403,13.8821,174
96,cpu_t1,0,123253,30179,0,4.1244,1.4135,0.1566,0,5.6945,0
96,cpu_t1,1,123253,30179,0,4.0577,1.3812,0.1570,0,5.5959,0
96,cpu_t1,2,123253,30179,0,4.0435,1.3521,0.1656,0,5.5613,0
96,cpu_t1,3,123253,30179,0,4.1006,1.3789,0.1537,0,5.6333,0
96,cpu_t1,4,123253,30179,0,4.5088,1.4938,0.1559,0,6.1584,0
96,cpu_t2,0,123253,30179,0,2.1546,0.7657,0.1511,0,3.0713,0
96,cpu_t2,1,123253,30179,0,2.4078,1.0724,0.2103,0,3.6905,0
96,cpu_t2,2,123253,30179,0,3.2652,1.5185,0.1904,0,4.9742,0
96,cpu_t2,3,123253,30179,0,2.1907,0.7318,0.1533,0,3.0759,0
96,cpu_t2,4,123253,30179,0,2.1298,0.7429,0.1519,0,3.0246,0
96,cpu_t4,0,123253,30179,0,1.2173,0.3810,0.1532,0,1.7514,0
96,cpu_t4,1,123253,30179,0,1.4128,0.6022,0.2202,0,2.2352,0
96,cpu_t4,2,123253,30179,0,1.5453,0.5579,0.2197,0,2.3229,0
96,cpu_t4,3,123253,30179,0,1.4898,0.3754,0.1520,0,2.0173,0
96,cpu_t4,4,123253,30179,0,1.2206,0.3794,0.1507,0,1.7508,0
96,cpu_t8,0,123253,30179,0,1.1913,0.3920,0.1883,0,1.7716,0
96,cpu_t8,1,123253,30179,0,1.0757,0.3936,0.1908,0,1.6601,0
96,cpu_t8,2,123253,30179,0,1.0847,0.3892,0.2086,0,1.6826,0
96,cpu_t8,3,123253,30179,0,1.0883,1.0693,0.2027,0,2.3603,0
96,cpu_t8,4,123253,30179,0,1.1411,0.3893,0.2066,0,1.7370,0
96,cpu_t16,0,123253,30179,0,1.2986,0.3766,0.1868,0,1.8621,0
96,cpu_t16,1,123253,30179,0,1.3501,0.3756,0.1913,0,1.9170,0
96,cpu_t16,2,123253,30179,0,1.5155,0.3080,0.1885,0,2.0120,0
96,cpu_t16,3,123253,30179,0,1.4162,0.3088,0.1953,0,1.9204,0
96,cpu_t16,4,123253,30179,0,1.3877,0.3195,0.2235,0,1.9307,0
96,gpu_thrust_uf,0,123253,30179,0.0782,0.8654,0.0512,0.2335,0.0357,1.3050,0
96,gpu_thrust_uf,1,123253,30179,0.0780,0.8705,0.0850,0.2335,0.0284,1.3243,0
96,gpu_thrust_uf,2,123253,30179,0.0783,0.8504,0.0809,0.2335,0.0254,1.2960,0
96,gpu_thrust_uf,3,123253,30179,0.0798,0.7382,0.0553,0.2335,0.0328,1.1656,0
96,gpu_thrust_uf,4,123253,30179,0.0780,0.9605,0.0850,0.2335,0.0255,1.4124,0
96,gpu_hash_uf,0,123253,30179,0.0870,1.3489,0.0553,0.2335,0.0343,1.7909,0
96,gpu_hash_uf,1,123253,30179,0.0816,0.2183,0.0543,0.2335,0.0181,0.6374,0
96,gpu_hash_uf,2,123253,30179,0.0827,2.1858,0.0737,0.2335,0.0291,2.6363,0
96,gpu_hash_uf,3,123253,30179,0.0803,0.2250,0.0584,0.2335,0.0192,0.6420,0
96,gpu_hash_uf,4,123253,30179,0.0781,0.2677,0.1044,0.2335,0.0516,0.7628,0
96,gpu_hash_prop,0,123253,30179,0.0784,0.2884,0.1638,14.9299,0.0242,15.5105,179
96,gpu_hash_prop,1,123253,30179,0.0807,0.2425,0.0512,11.4657,0.0259,11.8867,179
96,gpu_hash_prop,2,123253,30179,0.0804,0.2865,0.0788,12.3372,0.0304,12.8379,179
96,gpu_hash_prop,3,123253,30179,0.0813,0.2878,0.0788,13.7380,0.0243,14.2325,179
96,gpu_hash_prop,4,123253,30179,0.0805,0.2744,0.0594,13.8895,0.0285,14.3573,179
97,cpu_t1,0,123259,30004,0,4.0517,1.4773,0.1771,0,5.7061,0
97,cpu_t1,1,123259,30004,0,4.0150,1.4482,0.1542,0,5.6174,0
97,cpu_t1,2,123259,30004,0,4.0370,1.4403,0.1543,0,5.6316,0
97,cpu_t1,3,123259,30004,0,4.0052,1.5464,0.1537,0,5.7053,0
97,cpu_t1,4,123259,30004,0,3.9935,1.5149,0.1539,0,5.6622,0
97,cpu_t2,0,123259,30004,0,2.2768,0.7603,0.1581,0,3.1952,0
97,cpu_t2,1,123259,30004,0,2.0964,0.8054,0.1563,0,3.0581,0
97,cpu_t2,2,123259,30004,0,2.1149,0.7887,0.1520,0,3.0556,0
97,cpu_t2,3,123259,30004,0,2.1893,0.8140,0.1586,0,3.1618,0
97,cpu_t2,4,123259,30004,0,2.6768,0.7558,0.1552,0,3.5878,0
97,cpu_t4,0,123259,30004,0,1.2274,0.3801,0.1534,0,1.7609,0
97,cpu_t4,1,123259,30004,0,1.2214,0.4567,0.1550,0,1.8330,0
97,cpu_t4,2,123259,30004,0,1.4640,0.5496,0.1535,0,2.1671,0
97,cpu_t4,3,123259,30004,0,1.4668,0.5383,0.1531,0,2.1582,0
97,cpu_t4,4,123259,30004,0,1.4795,0.5481,0.1521,0,2.1797,0
97,cpu_t8,0,123259,30004,0,1.0354,0.3952,0.1573,0,1.5879,0
97,cpu_t8,1,123259,30004,0,0.9850,0.3761,0.1785,0,1.5396,0
97,cpu_t8,2,123259,30004,0,1.0741,0.3938,0.1919,0,1.6598,0
97,cpu_t8,3,123259,30004,0,1.0692,0.4235,0.1927,0,1.6853,0
97,cpu_t8,4,123259,30004,0,1.0507,0.3786,0.1988,0,1.6281,0
97,cpu_t16,0,123259,30004,0,1.4429,0.4076,0.1982,0,2.0487,0
97,cpu_t16,1,123259,30004,0,1.3925,0.3897,0.1922,0,1.9745,0
97,cpu_t16,2,123259,30004,0,1.4325,0.8318,0.3090,0,2.5734,0
97,cpu_t16,3,123259,30004,0,1.6935,0.5307,0.1921,0,2.4163,0
97,cpu_t16,4,123259,30004,0,1.6403,0.4029,0.2129,0,2.2560,0
97,gpu_thrust_uf,0,123259,30004,0.0816,1.0017,0.0563,0.2120,0.0381,1.4275,0
97,gpu_thrust_uf,1,123259,30004,0.0827,0.6942,0.0563,0.2120,0.0369,1.1234,0
97,gpu_thrust_uf,2,123259,30004,0.0980,1.0829,0.0983,0.3031,0.0393,1.6842,0
97,gpu_thrust_uf,3,123259,30004,0.0781,0.9743,0.0829,0.2130,0.0235,1.4043,0
97,gpu_thrust_uf,4,123259,30004,0.1019,0.8779,0.0870,0.2120,0.0272,1.3450,0
97,gpu_hash_uf,0,123259,30004,0.1044,0.3604,0.3686,0.2130,0.0233,1.0989,0
97,gpu_hash_uf,1,123259,30004,0.0783,0.9852,0.0901,0.2130,0.0270,1.4217,0
97,gpu_hash_uf,2,123259,30004,0.0803,2.5830,0.0532,0.2130,0.0380,2.9930,0
97,gpu_hash_uf,3,123259,30004,0.0784,0.2328,0.0563,0.2120,0.0359,0.6509,0
97,gpu_hash_uf,4,123259,30004,0.0797,0.2268,0.0563,0.2130,0.0288,0.6430,0
97,gpu_hash_prop,0,123259,30004,0.0785,0.2792,0.0604,16.5468,0.0238,17.0113,204
97,gpu_hash_prop,1,123259,30004,0.0803,0.2152,0.0594,13.5373,0.0155,13.9288,204
97,gpu_hash_prop,2,123259,30004,0.0771,0.2348,0.0614,15.2709,0.0281,15.6964,204
97,gpu_hash_prop,3,123259,30004,0.0824,2.2090,0.0614,13.8977,0.0211,16.2964,204
97,gpu_hash_prop,4,123259,30004,0.0787,0.2557,0.0584,12.9710,0.0268,13.4126,204
98,cpu_t1,0,123174,29879,0,4.3755,2.4033,0.2106,0,6.9893,0
98,cpu_t1,1,123174,29879,0,4.2714,1.4412,0.1486,0,5.8612,0
98,cpu_t1,2,123174,29879,0,4.0197,1.5012,0.1488,0,5.6697,0
98,cpu_t1,3,123174,29879,0,4.5426,1.6935,0.1656,0,6.4017,0
98,cpu_t1,4,123174,29879,0,4.0691,1.4367,0.1484,0,5.6542,0
98,cpu_t2,0,123174,29879,0,2.3453,0.7116,0.1629,0,3.2198,0
98,cpu_t2,1,123174,29879,0,2.6588,0.7090,0.1565,0,3.5243,0
98,cpu_t2,2,123174,29879,0,2.1061,0.7111,0.1492,0,2.9664,0
98,cpu_t2,3,123174,29879,0,2.0877,0.7159,0.1953,0,2.9989,0
98,cpu_t2,4,123174,29879,0,2.1381,0.7051,0.1494,0,2.9926,0
98,cpu_t4,0,123174,29879,0,1.2304,0.3807,0.1513,0,1.7625,0
98,cpu_t4,1,123174,29879,0,1.2821,0.3910,0.1582,0,1.8312,0
98,cpu_t4,2,123174,29879,0,1.2544,0.3859,0.1483,0,1.7885,0
98,cpu_t4,3,123174,29879,0,1.2028,0.3661,0.1645,0,1.7333,0
98,cpu_t4,4,123174,29879,0,1.2346,0.3705,0.1597,0,1.7648,0
98,cpu_t8,0,123174,29879,0,0.9322,0.1949,0.1495,0,1.2766,0
98,cpu_t8,1,123174,29879,0,0.9333,0.3740,0.1500,0,1.4573,0
98,cpu_t8,2,123174,29879,0,0.9720,0.3630,0.1893,0,1.5243,0
98,cpu_t8,3,123174,29879,0,0.9578,0.3723,0.1483,0,1.4784,0
98,cpu_t8,4,123174,29879,0,0.9567,0.3691,0.1589,0,1.4847,0
98,cpu_t16,0,123174,29879,0,0.7199,0.2313,0.1866,0,1.1378,0
98,cpu_t16,1,123174,29879,0,0.7348,0.2176,0.1956,0,1.1480,0
98,cpu_t16,2,123174,29879,0,0.7524,0.3209,0.1878,0,1.2611,0
98,cpu_t16,3,123174,29879,0,1.3984,0.3530,0.1872,0,1.9386,0
98,cpu_t16,4,123174,29879,0,1.3496,0.3573,0.1853,0,1.8922,0
98,gpu_thrust_uf,0,123174,29879,0.0804,1.5141,0.0573,0.2488,0.0365,1.9858,0
98,gpu_thrust_uf,1,123174,29879,0.0784,0.8870,0.1034,0.3267,0.0548,1.4806,0
98,gpu_thrust_uf,2,123174,29879,0.0772,0.8640,0.1001,0.3072,0.0421,1.4191,0
98,gpu_thrust_uf,3,123174,29879,0.0849,0.8331,0.0809,0.2488,0.0238,1.2990,0
98,gpu_thrust_uf,4,123174,29879,0.0780,0.8637,0.0850,0.2488,0.0264,1.3271,0
98,gpu_hash_uf,0,123174,29879,0.0807,0.2913,0.0829,0.2499,0.0222,0.7453,0
98,gpu_hash_uf,1,123174,29879,0.0770,0.2533,0.0799,0.2468,0.0274,0.7091,0
98,gpu_hash_uf,2,123174,29879,0.0859,1.2152,0.0573,0.2509,0.0363,1.6841,0
98,gpu_hash_uf,3,123174,29879,0.1027,0.2968,0.0840,0.2478,0.0320,0.7992,0
98,gpu_hash_uf,4,123174,29879,0.0955,2.1870,0.0819,0.2488,0.0223,2.6670,0
98,gpu_hash_prop,0,123174,29879,0.0806,0.2929,0.0840,20.2445,0.0694,20.7899,180
98,gpu_hash_prop,1,123174,29879,0.3782,0.4511,0.0963,25.3553,0.1287,26.4370,180
98,gpu_hash_prop,2,123174,29879,0.2954,2.4223,0.0594,30.0544,0.0295,32.8844,180
98,gpu_hash_prop,3,123174,29879,0.2966,0.3093,0.0655,32.7230,0.1053,33.5249,180
98,gpu_hash_prop,4,123174,29879,0.2985,2.5376,0.0594,19.5564,0.0379,22.5213,180
99,cpu_t1,0,123181,29833,0,4.1256,1.3694,0.1461,0,5.6410,0
99,cpu_t1,1,123181,29833,0,4.2870,1.5252,0.1514,0,5.9635,0
99,cpu_t1,2,123181,29833,0,4.1551,1.6512,0.1459,0,5.9522,0
99,cpu_t1,3,123181,29833,0,4.2015,1.4078,0.1440,0,5.7533,0
99,cpu_t1,4,123181,29833,0,4.0482,1.3594,0.1429,0,5.5506,0
99,cpu_t2,0,123181,29833,0,2.1277,0.7288,0.1446,0,3.0012,0
99,cpu_t2,1,123181,29833,0,2.0738,0.7797,0.1455,0,2.9990,0
99,cpu_t2,2,123181,29833,0,2.0950,0.7551,0.1423,0,2.9924,0
99,cpu_t2,3,123181,29833,0,2.2977,0.9806,0.1465,0,3.4249,0
99,cpu_t2,4,123181,29833,0,2.0946,0.7287,0.1427,0,2.9660,0
99,cpu_t4,0,123181,29833,0,1.5663,0.7679,0.1873,0,2.5215,0
99,cpu_t4,1,123181,29833,0,1.6036,0.5997,0.1453,0,2.3486,0
99,cpu_t4,2,123181,29833,0,1.2099,0.3903,0.1450,0,1.7452,0
99,cpu_t4,3,123181,29833,0,1.2516,0.3857,0.1425,0,1.7798,0
99,cpu_t4,4,123181,29833,0,1.2174,0.3684,0.1410,0,1.7269,0
99,cpu_t8,0,123181,29833,0,1.0501,0.3829,0.1893,0,1.6223,0
99,cpu_t8,1,123181,29833,0,1.0824,0.4148,0.1891,0,1.6862,0
99,cpu_t8,2,123181,29833,0,1.2572,0.4691,0.1791,0,1.9054,0
99,cpu_t8,3,123181,29833,0,1.0781,0.3638,0.1752,0,1.6171,0
99,cpu_t8,4,123181,29833,0,1.1003,0.5644,0.1447,0,1.8094,0
99,cpu_t16,0,123181,29833,0,0.7387,0.1912,0.1798,0,1.1097,0
99,cpu_t16,1,123181,29833,0,0.8006,0.1895,0.1778,0,1.1679,0
99,cpu_t16,2,123181,29833,0,0.7822,0.2016,0.1778,0,1.1616,0
99,cpu_t16,3,123181,29833,0,0.8120,0.2860,0.2216,0,1.3195,0
99,cpu_t16,4,123181,29833,0,0.7768,0.1980,0.1817,0,1.1566,0
99,gpu_thrust_uf,0,123181,29833,0.0814,0.9325,0.0573,0.2079,0.0279,1.3458,0
99,gpu_thrust_uf,1,123181,29833,0.0780,1.7237,0.0543,0.2355,0.0195,2.1499,0
99,gpu_thrust_uf,2,123181,29833,0.0800,2.8158,0.0512,0.2079,0.0266,3.2092,0
99,gpu_thrust_uf,3,123181,29833,0.0783,0.9196,0.0543,0.2069,0.0323,1.3234,0
99,gpu_thrust_uf,4,123181,29833,0.0780,0.8957,0.0584,0.2068,0.0319,1.2967,0
99,gpu_hash_uf,0,123181,29833,0.0812,0.2661,0.0573,0.2079,0.0255,0.6575,0
99,gpu_hash_uf,1,123181,29833,0.1072,0.2759,0.0573,0.2068,0.0274,0.6959,0
99,gpu_hash_uf,2,123181,29833,0.0804,0.2920,0.0502,0.2068,0.0273,0.6785,0
99,gpu_hash_uf,3,123181,29833,0.0816,0.3196,0.0799,0.2068,0.0327,0.7454,0
99,gpu_hash_uf,4,123181,29833,0.0820,0.2871,0.0809,0.2324,0.0217,0.7368,0
99,gpu_hash_prop,0,123181,29833,0.0784,0.3089,0.0573,13.6520,0.0234,14.1429,182
99,gpu_hash_prop,1,123181,29833,0.0776,0.2400,0.0502,14.4937,0.0309,14.9181,182
99,gpu_hash_prop,2,123181,29833,0.0802,0.2623,0.0532,11.8764,0.0225,12.3155,182
99,gpu_hash_prop,3,123181,29833,0.0812,0.2967,0.0573,12.5338,0.0261,13.0214,182
99,gpu_hash_prop,4,123181,29833,0.0805,0.2897,0.0584,13.7308,0.0295,14.2096,182
100,cpu_t1,0,123118,29870,0,4.0731,1.4077,0.1485,0,5.6294,0
100,cpu_t1,1,123118,29870,0,4.1439,1.4573,0.1493,0,5.7505,0
100,cpu_t1,2,123118,29870,0,4.1526,1.4784,0.1509,0,5.7820,0
100,cpu_t1,3,123118,29870,0,4.1130,1.5200,0.1509,0,5.7839,0
100,cpu_t1,4,123118,29870,0,4.2984,1.5002,0.1583,0,5.9569,0
100,cpu_t2,0,123118,29870,0,2.0675,0.7251,0.1466,0,2.9393,0
100,cpu_t2,1,123118,29870,0,2.0758,0.7793,0.1457,0,3.0008,0
100,cpu_t2,2,123118,29870,0,2.4856,0.7771,0.1971,0,3.4597,0
100,cpu_t2,3,123118,29870,0,2.3156,0.7771,0.1510,0,3.2437,0
100,cpu_t2,4,123118,29870,0,2.0627,0.8126,0.1570,0,3.0322,0
100,cpu_t4,0,123118,29870,0,1.2443,0.4210,0.1481,0,1.8135,0
100,cpu_t4,1,123118,29870,0,1.2261,0.4107,0.1523,0,1.7891,0
100,cpu_t4,2,123118,29870,0,1.7195,0.7580,0.2258,0,2.7033,0
100,cpu_t4,3,123118,29870,0,1.7111,0.5280,0.1496,0,2.3887,0
100,cpu_t4,4,123118,29870,0,1.4327,0.7665,0.1805,0,2.3796,0
100,cpu_t8,0,123118,29870,0,1.0782,0.4116,0.2175,0,1.7073,0
100,cpu_t8,1,123118,29870,0,1.0370,0.3039,0.1492,0,1.4901,0
100,cpu_t8,2,123118,29870,0,0.9789,0.4303,0.1945,0,1.6038,0
100,cpu_t8,3,123118,29870,0,1.0145,0.4075,0.1882,0,1.6102,0
100,cpu_t8,4,123118,29870,0,1.5544,0.4212,0.2067,0,2.1824,0
100,cpu_t16,0,123118,29870,0,1.4823,0.4133,0.1893,0,2.0849,0
100,cpu_t16,1,123118,29870,0,2.1620,0.5668,0.3342,0,3.0630,0
100,cpu_t16,2,123118,29870,0,1.4115,0.3799,0.1868,0,1.9782,0
100,cpu_t16,3,123118,29870,0,1.3771,0.4254,0.1865,0,1.9890,0
100,cpu_t16,4,123118,29870,0,1.3321,0.4277,0.1945,0,1.9543,0
100,gpu_thrust_uf,0,123118,29870,0.0811,1.0180,0.0573,0.2345,0.0413,1.4693,0
100,gpu_thrust_uf,1,123118,29870,0.0879,2.7154,0.0512,0.2335,0.0782,3.1984,0
100,gpu_thrust_uf,2,123118,29870,0.0798,0.8648,0.0532,0.2335,0.0592,1.3197,0
100,gpu_thrust_uf,3,123118,29870,0.0780,0.8443,0.0543,0.2324,0.0316,1.2734,0
100,gpu_thrust_uf,4,123118,29870,0.0780,0.9475,0.0584,0.2335,0.0403,1.3970,0
100,gpu_hash_uf,0,123118,29870,0.0834,0.2205,0.0543,0.2171,0.0308,0.6388,0
100,gpu_hash_uf,1,123118,29870,0.0820,0.2190,0.0788,0.2580,0.0391,0.7089,0
100,gpu_hash_uf,2,123118,29870,0.0781,0.2870,0.1014,0.2324,0.0258,0.7545,0
100,gpu_hash_uf,3,123118,29870,0.0785,0.2731,0.0563,0.2324,0.0210,0.6896,0
100,gpu_hash_uf,4,123118,29870,0.0799,0.2649,0.0901,0.2427,0.0227,0.7215,0
100,gpu_hash_prop,0,123118,29870,0.0777,0.3785,0.0952,22.9222,0.0765,23.5735,184
100,gpu_hash_prop,1,123118,29870,0.1001,0.3743,0.0952,20.4800,0.0948,21.1717,184
100,gpu_hash_prop,2,123118,29870,0.1347,0.3802,0.0502,12.8768,0.0311,13.5046,184
100,gpu_hash_prop,3,123118,29870,0.0825,0.3092,0.0634,9.4505,0.0231,9.9522,184
100,gpu_hash_prop,4,123118,29870,0.0768,0.2043,0.0502,17.3455,0.0214,17.7181,184
101,cpu_t1,0,123014,29829,0,4.0749,1.4346,0.1493,0,5.6588,0
101,cpu_t1,1,123014,29829,0,4.1218,1.4395,0.1454,0,5.7067,0
101,cpu_t1,2,123014,29829,0,4.0905,1.6525,0.1466,0,5.8896,0
101,cpu_t1,3,123014,29829,0,4.1371,1.3363,0.1466,0,5.6199,0
101,cpu_t1,4,123014,29829,0,4.1097,1.3888,0.1486,0,5.6472,0
101,cpu_t2,0,123014,29829,0,2.1592,0.7203,0.1457,0,3.0252,0
101,cpu_t2,1,123014,29829,0,2.0561,0.8444,0.1828,0,3.0833,0
101,cpu_t2,2,123014,29829,0,2.3735,0.7733,0.1542,0,3.3010,0
101,cpu_t2,3,123014,29829,0,2.0400,0.6915,0.1458,0,2.8773,0
101,cpu_t2,4,123014,29829,0,2.0270,0.7049,0.1472,0,2.8791,0
101,cpu_t4,0,123014,29829,0,1.2570,0.3818,0.1517,0,1.7905,0
101,cpu_t4,1,123014,29829,0,1.2273,0.6432,0.1767,0,2.0472,0
101,cpu_t4,2,123014,29829,0,1.4820,0.7530,0.1515,0,2.3865,0
101,cpu_t4,3,123014,29829,0,1.4345,0.7476,0.1466,0,2.3286,0
101,cpu_t4,4,123014,29829,0,1.4411,0.7365,0.1459,0,2.3235,0
101,cpu_t8,0,123014,29829,0,1.0011,0.3412,0.1545,0,1.4968,0
101,cpu_t8,1,123014,29829,0,0.9638,0.3319,0.1455,0,1.4412,0
101,cpu_t8,2,123014,29829,0,1.4606,0.3236,0.1478,0,1.9319,0
101,cpu_t8,3,123014,29829,0,1.0574,0.3720,0.1481,0,1.5775,0
101,cpu_t8,4,123014,29829,0,0.9935,0.4035,0.1464,0,1.5434,0
101,cpu_t16,0,123014,29829,0,1.0641,0.2016,0.1838,0,1.4494,0
101,cpu_t16,1,123014,29829,0,0.8017,0.1966,0.1819,0,1.1802,0
101,cpu_t16,2,123014,29829,0,0.7444,0.2070,0.1818,0,1.1332,0
101,cpu_t16,3,123014,29829,0,0.7437,0.1974,0.1804,0,1.1215,0
101,cpu_t16,4,123014,29829,0,0.7559,0.2019,0.1807,0,1.1384,0
101,gpu_thrust_uf,0,123014,29829,0.0828,0.9051,0.0543,0.2058,0.0287,1.3142,0
101,gpu_thrust_uf,1,123014,29829,0.1180,1.0754,0.1014,0.2775,0.0264,1.6345,0
101,gpu_thrust_uf,2,123014,29829,0.0961,2.7073,0.0553,0.2068,0.0281,3.1461,0
101,gpu_thrust_uf,3,123014,29829,0.0782,0.8821,0.0963,0.2806,0.0585,1.4224,0
101,gpu_thrust_uf,4,123014,29829,0.0780,0.9668,0.0840,0.2058,0.0261,1.3892,0
101,gpu_hash_uf,0,123014,29829,0.0805,0.2977,0.1014,0.2058,0.0261,0.7321,0
101,gpu_hash_uf,1,123014,29829,0.0769,0.2743,0.0788,0.2058,0.0242,0.6854,0
101,gpu_hash_uf,2,123014,29829,0.0769,0.2827,0.0584,0.2048,0.0253,0.6747,0
101,gpu_hash_uf,3,123014,29829,0.1060,0.2466,0.0819,0.2058,0.0259,0.6898,0
101,gpu_hash_uf,4,123014,29829,0.0779,0.2748,0.0573,0.2058,0.0236,0.6647,0
101,gpu_hash_prop,0,123014,29829,0.0782,0.2692,0.0788,16.9298,0.1039,17.4820,185
101,gpu_hash_prop,1,123014,29829,0.0972,0.4814,0.0942,20.5302,0.0886,21.3248,185
101,gpu_hash_prop,2,123014,29829,0.0784,3.3542,0.0512,20.3950,0.0303,23.9366,185
101,gpu_hash_prop,3,123014,29829,0.1012,0.5347,0.0502,15.0272,0.0310,15.7703,185
101,gpu_hash_prop,4,123014,29829,0.0783,0.2250,0.0543,14.3156,0.0534,14.7493,185
102,cpu_t1,0,122964,29844,0,4.2026,1.4815,0.1737,0,5.8578,0
102,cpu_t1,1,122964,29844,0,4.0914,1.5089,0.1478,0,5.7481,0
102,cpu_t1,2,122964,29844,0,4.1383,1.6709,0.1704,0,5.9795,0
102,cpu_t1,3,122964,29844,0,4.1028,1.6081,0.1472,0,5.8581,0
102,cpu_t1,4,122964,29844,0,4.1338,1.4875,0.1466,0,5.7679,0
102,cpu_t2,0,122964,29844,0,2.4543,1.5224,0.1861,0,4.1629,0
102,cpu_t2,1,122964,29844,0,2.7109,0.7331,0.1479,0,3.5919,0
102,cpu_t2,2,122964,29844,0,2.1203,0.7904,0.1461,0,3.0568,0
102,cpu_t2,3,122964,29844,0,2.0856,0.7662,0.1504,0,3.0021,0
102,cpu_t2,4,122964,29844,0,2.0718,0.7653,0.1490,0,2.9861,0
102,cpu_t4,0,122964,29844,0,1.2483,0.5078,0.1860,0,1.9421,0
102,cpu_t4,1,122964,29844,0,1.5390,0.8047,0.1903,0,2.5341,0
102,cpu_t4,2,122964,29844,0,1.5832,0.7616,0.1916,0,2.5363,0
102,cpu_t4,3,122964,29844,0,1.5491,0.7915,0.2001,0,2.5408,0
102,cpu_t4,4,122964,29844,0,1.6613,0.8096,0.1912,0,2.6621,0
102,cpu_t8,0,122964,29844,0,1.2014,0.4760,0.1914,0,1.8689,0
102,cpu_t8,1,122964,29844,0,1.1258,0.3986,0.2340,0,1.7584,0
102,cpu_t8,2,122964,29844,0,0.9465,0.3969,0.1483,0,1.4917,0
102,cpu_t8,3,122964,29844,0,0.9610,0.4350,0.1468,0,1.5428,0
102,cpu_t8,4,122964,29844,0,0.9650,0.4207,0.1463,0,1.5320,0
102,cpu_t16,0,122964,29844,0,1.4396,0.4663,0.1846,0,2.0904,0
102,cpu_t16,1,122964,29844,0,1.3962,0.4623,0.1913,0,2.0498,0
102,cpu_t16,2,122964,29844,0,1.4361,0.3540,0.1932,0,1.9834,0
102,cpu_t16,3,122964,29844,0,1.2512,0.4150,0.1928,0,1.8591,0
102,cpu_t16,4,122964,29844,0,1.2879,0.4191,0.1919,0,1.8988,0
102,gpu_thrust_uf,0,122964,29844,0.1156,1.1326,0.1055,0.2365,0.0299,1.6575,0
102,gpu_thrust_uf,1,122964,29844,0.1021,0.8891,0.0962,0.2959,0.0542,1.4785,0
102,gpu_thrust_uf,2,122964,29844,0.0779,1.6279,0.0543,0.2652,0.0240,2.0797,0
102,gpu_thrust_uf,3,122964,29844,0.0799,0.9024,0.0983,0.2652,0.0533,1.4294,0
102,gpu_thrust_uf,4,122964,29844,0.0770,0.8678,0.1229,0.2355,0.0538,1.3853,0
102,gpu_hash_uf,0,122964,29844,0.0781,0.5664,0.0819,0.2458,0.0420,1.0390,0
102,gpu_hash_uf,1,122964,29844,0.0815,0.3478,0.0500,0.2929,0.0574,0.8586,0
102,gpu_hash_uf,2,122964,29844,0.0782,0.5382,0.0922,0.3092,0.0455,1.0913,0
102,gpu_hash_uf,3,122964,29844,0.0853,0.4884,0.0963,0.3533,0.0619,1.1140,0
102,gpu_hash_uf,4,122964,29844,0.0822,0.3929,0.0502,0.2406,0.0380,0.8355,0
102,gpu_hash_prop,0,122964,29844,0.0881,0.3339,0.0553,23.0287,0.0308,23.5591,187
102,gpu_hash_prop,1,122964,29844,0.0781,0.3823,0.0502,21.0811,0.0927,21.7078,187
102,gpu_hash_prop,2,122964,29844,0.1004,0.3548,0.0973,22.6297,0.0791,23.2954,187
102,gpu_hash_prop,3,122964,29844,0.0780,0.4142,0.0993,23.3156,0.0363,23.9723,187
102,gpu_hash_prop,4,122964,29844,0.1020,0.5161,0.0502,19.5809,0.1057,20.3811,187
103,cpu_t1,0,122876,29875,0,4.0795,1.7310,0.1710,0,5.9814,0
103,cpu_t1,1,122876,29875,0,4.2187,1.4824,0.1481,0,5.8492,0
103,cpu_t1,2,122876,29875,0,4.1541,1.4675,0.1841,0,5.8058,0
103,cpu_t1,3,122876,29875,0,4.5359,1.4857,0.1508,0,6.1724,0
103,cpu_t1,4,122876,29875,0,3.9766,1.4318,0.1576,0,5.5660,0
103,cpu_t2,0,122876,29875,0,2.0752,0.9406,0.1506,0,3.1664,0
103,cpu_t2,1,122876,29875,0,2.0791,0.8552,0.1480,0,3.0822,0
103,cpu_t2,2,122876,29875,0,2.3808,0.8937,0.1477,0,3.4223,0
103,cpu_t2,3,122876,29875,0,2.3371,0.7606,0.1455,0,3.2433,0
103,cpu_t2,4,122876,29875,0,2.0849,0.7258,0.1453,0,2.9561,0
103,cpu_t4,0,122876,29875,0,1.4203,0.3964,0.1522,0,1.9689,0
103,cpu_t4,1,122876,29875,0,1.2438,0.5040,0.1797,0,1.9275,0
103,cpu_t4,2,122876,29875,0,1.5017,0.4335,0.1529,0,2.0881,0
103,cpu_t4,3,122876,29875,0,1.2175,0.3933,0.1481,0,1.7589,0
103,cpu_t4,4,122876,29875,0,1.3069,0.5539,0.1495,0,2.0103,0
103,cpu_t8,0,122876,29875,0,0.9458,0.4115,0.1488,0,1.5061,0
103,cpu_t8,1,122876,29875,0,0.9876,0.3683,0.1495,0,1.5054,0
103,cpu_t8,2,122876,29875,0,0.9676,0.3728,0.1464,0,1.4868,0
103,cpu_t8,3,122876,29875,0,0.9396,0.3772,0.1475,0,1.4643,0
103,cpu_t8,4,122876,29875,0,0.7964,0.2674,0.2228,0,1.2866,0
103,cpu_t16,0,122876,29875,0,0.7420,0.2120,0.1902,0,1.1442,0
103,cpu_t16,1,122876,29875,0,0.7728,0.2121,0.1890,0,1.1739,0
103,cpu_t16,2,122876,29875,0,1.3227,0.4422,0.1877,0,1.9526,0
103,cpu_t16,3,122876,29875,0,1.4703,0.4489,0.1908,0,2.1100,0
103,cpu_t16,4,122876,29875,0,1.2812,0.3869,0.1940,0,1.8621,0
103,gpu_thrust_uf,0,122876,29875,0.1164,1.2521,0.0584,0.2857,0.0328,1.7810,0
103,gpu_thrust_uf,1,122876,29875,0.0780,0.7603,0.0543,0.2857,0.0260,1.2341,0
103,gpu_thrust_uf,2,122876,29875,0.0972,2.3581,0.0942,0.3860,0.0356,3.0274,0
103,gpu_thrust_uf,3,122876,29875,0.0864,1.0244,0.0809,0.2857,0.0224,1.5286,0
103,gpu_thrust_uf,4,122876,29875,0.0780,0.9345,0.0809,0.2847,0.0197,1.4232,0
103,gpu_hash_uf,0,122876,29875,0.0783,0.2524,0.0573,0.2847,0.0220,0.7168,0
103,gpu_hash_uf,1,122876,29875,0.0797,0.2093,0.0543,0.6103,0.0563,1.0348,0
103,gpu_hash_uf,2,122876,29875,0.0827,0.9620,0.0543,0.2857,0.0315,1.4437,0
103,gpu_hash_uf,3,122876,29875,0.0780,0.3364,0.0502,0.2847,0.0317,0.8119,0
103,gpu_hash_uf,4,122876,29875,0.0778,0.2286,0.0543,0.2857,0.0305,0.7085,0
103,gpu_hash_prop,0,122876,29875,0.0774,0.2220,0.0543,13.3253,0.0186,13.7506,187
103,gpu_hash_prop,1,122876,29875,0.0782,0.7923,0.0717,15.0538,0.0315,16.0661,187
103,gpu_hash_prop,2,122876,29875,0.0813,0.2156,0.0543,14.3145,0.0254,14.7137,187
103,gpu_hash_prop,3,122876,29875,0.0782,0.2303,0.0532,14.0851,0.0202,14.4881,187
103,gpu_hash_prop,4,122876,29875,0.0784,0.2310,0.0543,14.2111,0.0262,14.6205,187
104,cpu_t1,0,122718,29882,0,4.0256,1.5714,0.1541,0,5.7511,0
104,cpu_t1,1,122718,29882,0,3.9777,1.5923,0.1870,0,5.7570,0
104,cpu_t1,2,122718,29882,0,4.2463,1.3586,0.1492,0,5.7542,0
104,cpu_t1,3,122718,29882,0,3.9794,1.3570,0.1515,0,5.4879,0
104,cpu_t1,4,122718,29882,0,3.9492,1.3864,0.1599,0,5.4955,0
104,cpu_t2,0,122718,29882,0,2.1735,0.7412,0.1514,0,3.0661,0
104,cpu_t2,1,122718,29882,0,2.2763,0.6934,0.1496,0,3.1193,0
104,cpu_t2,2,122718,29882,0,2.1587,0.7177,0.1872,0,3.0635,0
104,cpu_t2,3,122718,29882,0,2.1393,0.6950,0.1642,0,2.9986,0
104,cpu_t2,4,122718,29882,0,2.7398,1.4655,0.1966,0,4.4020,0
104,cpu_t4,0,122718,29882,0,1.6227,0.7440,0.1858,0,2.5525,0
104,cpu_t4,1,122718,29882,0,1.6810,0.7221,0.1869,0,2.5901,0
104,cpu_t4,2,122718,29882,0,1.8371,0.6123,0.1520,0,2.6014,0
104,cpu_t4,3,122718,29882,0,1.1938,0.3760,0.1493,0,1.7190,0
104,cpu_t4,4,122718,29882,0,1.2806,0.7430,0.1509,0,2.1745,0
104,cpu_t8,0,122718,29882,0,1.1516,0.4692,0.1940,0,1.8148,0
104,cpu_t8,1,122718,29882,0,1.0252,0.4231,0.1993,0,1.6476,0
104,cpu_t8,2,122718,29882,0,1.0548,0.4286,0.1930,0,1.6763,0
104,cpu_t8,3,122718,29882,0,1.0582,0.4175,0.2104,0,1.6861,0
104,cpu_t8,4,122718,29882,0,1.1558,0.4428,0.1960,0,1.7946,0
104,cpu_t16,0,122718,29882,0,0.8593,0.4924,0.1857,0,1.5374,0
104,cpu_t16,1,122718,29882,0,1.3895,0.3249,0.1835,0,1.8978,0
104,cpu_t16,2,122718,29882,0,1.2936,0.3688,0.1892,0,1.8516,0
104,cpu_t16,3,122718,29882,0,1.3751,0.3833,0.1854,0,1.9437,0
104,cpu_t16,4,122718,29882,0,0.9176,0.2962,0.2284,0,1.4422,0
104,gpu_thrust_uf,0,122718,29882,0.0849,0.9409,0.0532,0.2212,0.0289,1.3664,0
104,gpu_thrust_uf,1,122718,29882,0.0816,0.8967,0.0666,0.2836,0.0380,1.4242,0
104,gpu_thrust_uf,2,122718,29882,0.0833,0.8821,0.0799,0.2191,0.0257,1.3187,0
104,gpu_thrust_uf,3,122718,29882,0.0780,0.8797,0.0655,0.2785,0.0396,1.3873,0
104,gpu_thrust_uf,4,122718,29882,0.1308,0.7562,0.0573,0.2212,0.0232,1.2181,0
104,gpu_hash_uf,0,122718,29882,0.0769,0.2078,0.0532,0.2202,0.0243,0.6060,0
104,gpu_hash_uf,1,122718,29882,0.0772,0.2132,0.0543,0.2202,0.0226,0.6157,0
104,gpu_hash_uf,2,122718,29882,0.0824,0.2529,0.0532,0.2202,0.0242,0.6652,0
104,gpu_hash_uf,3,122718,29882,0.0966,2.4667,0.0512,0.2202,0.0224,2.8890,0
104,gpu_hash_uf,4,122718,29882,0.0882,0.3822,0.0573,0.2202,0.0216,0.8020,0
104,gpu_hash_prop,0,122718,29882,0.0782,0.6979,0.0932,19.3935,0.0380,20.3327,198
104,gpu_hash_prop,1,122718,29882,0.0782,0.2236,0.0584,15.8916,0.0280,16.3044,198
104,gpu_hash_prop,2,122718,29882,0.0782,0.2745,0.0532,16.1546,0.0209,16.6112,198
104,gpu_hash_prop,3,122718,29882,0.0798,0.2079,0.0543,14.6616,0.0244,15.0468,198
104,gpu_hash_prop,4,122718,29882,0.0802,0.2180,0.0543,18.5500,0.1061,19.0275,198
105,cpu_t1,0,122543,30083,0,4.4162,1.7832,0.1970,0,6.3964,0
105,cpu_t1,1,122543,30083,0,4.3306,1.3909,0.1617,0,5.8832,0
105,cpu_t1,2,122543,30083,0,4.0374,1.4899,0.1567,0,5.6840,0
105,cpu_t1,3,122543,30083,0,4.8885,1.9727,0.3308,0,7.1920,0
105,cpu_t1,4,122543,30083,0,4.4934,1.3774,0.1664,0,6.0372,0
105,cpu_t2,0,122543,30083,0,2.0577,0.6977,0.1559,0,2.9113,0
105,cpu_t2,1,122543,30083,0,2.4605,0.6909,0.1541,0,3.3055,0
105,cpu_t2,2,122543,30083,0,2.8543,0.7180,0.1556,0,3.7279,0
105,cpu_t2,3,122543,30083,0,2.6286,0.9816,0.1587,0,3.7689,0
105,cpu_t2,4,122543,30083,0,2.1163,0.6972,0.1652,0,2.9788,0
105,cpu_t4,0,122543,30083,0,1.3453,0.3733,0.1553,0,1.8738,0
105,cpu_t4,1,122543,30083,0,1.2254,0.4317,0.1566,0,1.8137,0
105,cpu_t4,2,122543,30083,0,1.4490,0.9455,0.1876,0,2.5820,0
105,cpu_t4,3,122543,30083,0,1.5637,0.7263,0.2470,0,2.5370,0
105,cpu_t4,4,122543,30083,0,1.2430,0.4908,0.1684,0,1.9022,0
105,cpu_t8,0,122543,30083,0,1.0169,0.3662,0.1665,0,1.5496,0
105,cpu_t8,1,122543,30083,0,1.0150,0.3905,0.2023,0,1.6078,0
105,cpu_t8,2,122543,30083,0,1.0311,0.4002,0.1931,0,1.6244,0
105,cpu_t8,3,122543,30083,0,1.3086,0.3753,0.1903,0,1.8743,0
105,cpu_t8,4,122543,30083,0,1.0511,0.3578,0.2069,0,1.6158,0
105,cpu_t16,0,122543,30083,0,1.3251,0.3920,0.1940,0,1.9112,0
105,cpu_t16,1,122543,30083,0,1.3814,0.4170,0.1944,0,1.9929,0
105,cpu_t16,2,122543,30083,0,1.7905,0.5076,0.1946,0,2.4927,0
105,cpu_t16,3,122543,30083,0,1.3827,0.4541,0.2328,0,2.0695,0
105,cpu_t16,4,122543,30083,0,1.4261,0.5215,0.1937,0,2.1414,0
105,gpu_thrust_uf,0,122543,30083,0.1159,1.2724,0.1669,0.4383,0.2044,2.2659,0
105,gpu_thrust_uf,1,122543,30083,0.0806,1.1498,0.0809,0.1772,0.0236,1.5441,0
105,gpu_thrust_uf,2,122543,30083,0.0777,0.8713,0.0573,0.2079,0.0251,1.2670,0
105,gpu_thrust_uf,3,122543,30083,0.0800,0.9275,0.0584,0.1772,0.0267,1.2956,0
105,gpu_thrust_uf,4,122543,30083,0.0820,1.0306,0.0829,0.1772,0.0285,1.4330,0
105,gpu_hash_uf,0,122543,30083,0.0780,1.9848,0.0512,0.1792,0.0320,2.3852,0
105,gpu_hash_uf,1,122543,30083,0.0911,1.2957,0.1406,0.3530,0.0388,1.9776,0
105,gpu_hash_uf,2,122543,30083,0.0916,0.3901,0.0829,0.1772,0.0256,0.7968,0
105,gpu_hash_uf,3,122543,30083,0.1051,0.2137,0.0502,0.1864,0.0302,0.6114,0
105,gpu_hash_uf,4,122543,30083,0.0777,0.2413,0.0543,0.1772,0.0228,0.5994,0
105,gpu_hash_prop,0,122543,30083,0.0810,0.2867,0.0512,13.0949,0.0306,13.5628,158
105,gpu_hash_prop,1,122543,30083,0.0772,0.2316,0.0666,8.6979,0.0280,9.1249,158
105,gpu_hash_prop,2,122543,30083,0.0796,0.2894,0.0543,12.9075,0.0515,13.4026,158
105,gpu_hash_prop,3,122543,30083,0.0798,0.2802,0.0799,13.3806,0.0210,13.8660,158
105,gpu_hash_prop,4,122543,30083,0.0801,0.2824,0.0573,14.1312,0.1537,14.7258,158
106,cpu_t1,0,122669,30150,0,4.0677,1.4583,0.1539,0,5.6800,0
106,cpu_t1,1,122669,30150,0,3.9927,1.4991,0.1526,0,5.6444,0
106,cpu_t1,2,122669,30150,0,3.9952,1.5466,0.1574,0,5.6992,0
106,cpu_t1,3,122669,30150,0,4.0078,1.5379,0.1532,0,5.6988,0
106,cpu_t1,4,122669,30150,0,3.9809,1.5270,0.1631,0,5.6710,0
106,cpu_t2,0,122669,30150,0,2.0593,0.7719,0.1528,0,2.9840,0
106,cpu_t2,1,122669,30150,0,2.0700,0.7225,0.1523,0,2.9447,0
106,cpu_t2,2,122669,30150,0,2.0967,0.7626,0.1503,0,3.0096,0
106,cpu_t2,3,122669,30150,0,2.0619,0.7779,0.1496,0,2.9894,0
106,cpu_t2,4,122669,30150,0,2.0472,0.8638,0.1502,0,3.0613,0
106,cpu_t4,0,122669,30150,0,1.2166,0.5147,0.1546,0,1.8860,0
106,cpu_t4,1,122669,30150,0,1.1983,0.4023,0.1538,0,1.7543,0
106,cpu_t4,2,122669,30150,0,1.1823,0.4030,0.1668,0,1.7521,0
106,cpu_t4,3,122669,30150,0,1.2811,0.7883,0.1898,0,2.2593,0
106,cpu_t4,4,122669,30150,0,1.6247,0.7895,0.1919,0,2.6061,0
106,cpu_t8,0,122669,30150,0,1.0519,0.4311,0.2010,0,1.6840,0
106,cpu_t8,1,122669,30150,0,1.0748,0.4074,0.1931,0,1.6753,0
106,cpu_t8,2,122669,30150,0,1.0630,0.4188,0.2053,0,1.6871,0
106,cpu_t8,3,122669,30150,0,1.0023,0.4135,0.1559,0,1.5716,0
106,cpu_t8,4,122669,30150,0,0.9458,0.4383,0.1644,0,1.5485,0
106,cpu_t16,0,122669,30150,0,0.8127,0.3175,0.2022,0,1.3324,0
106,cpu_t16,1,122669,30150,0,0.7369,0.2194,0.2026,0,1.1590,0
106,cpu_t16,2,122669,30150,0,0.9249,0.2176,0.2149,0,1.3573,0
106,cpu_t16,3,122669,30150,0,0.8155,0.2198,0.2027,0,1.2381,0
106,cpu_t16,4,122669,30150,0,0.8378,0.3640,0.1973,0,1.3992,0
106,gpu_thrust_uf,0,122669,30150,0.0778,1.0979,0.0502,0.2048,0.0263,1.4936,0
106,gpu_thrust_uf,1,122669,30150,0.0945,2.2763,0.0543,0.2028,0.0267,2.6854,0
106,gpu_thrust_uf,2,122669,30150,0.0801,0.7963,0.0829,0.2017,0.0194,1.2065,0
106,gpu_thrust_uf,3,122669,30150,0.0813,0.8819,0.1024,0.2662,0.0385,1.4272,0
106,gpu_thrust_uf,4,122669,30150,0.0819,0.9405,0.1179,0.3511,0.0272,1.5690,0
106,gpu_hash_uf,0,122669,30150,0.0771,0.7076,0.1628,0.3318,0.0331,1.3862,0
106,gpu_hash_uf,1,122669,30150,0.0765,0.6320,0.0932,0.3645,0.0381,1.2617,0
106,gpu_hash_uf,2,122669,30150,0.0855,1.0481,0.0512,0.2028,0.0356,1.5068,0
106,gpu_hash_uf,3,122669,30150,0.1842,1.0975,0.1250,0.3030,0.0368,1.8035,0
106,gpu_hash_uf,4,122669,30150,0.0994,2.4137,0.1505,0.2017,0.0324,2.9281,0
106,gpu_hash_prop,0,122669,30150,0.0784,0.4439,0.0932,16.2908,0.0333,16.9706,191
106,gpu_hash_prop,1,122669,30150,0.0879,0.2624,0.0809,14.2121,0.0369,14.7133,191
106,gpu_hash_prop,2,122669,30150,0.0789,0.2924,0.0625,14.4445,0.0978,15.0272,191
106,gpu_hash_prop,3,122669,30150,0.1338,0.5656,0.1354,17.8584,0.0198,18.7436,191
106,gpu_hash_prop,4,122669,30150,0.0774,0.2218,0.0511,14.2705,0.0422,14.6809,191
107,cpu_t1,0,98322,28591,0,3.4177,1.4118,0.1674,0,4.9969,0
107,cpu_t1,1,98322,28591,0,3.4388,1.3925,0.1727,0,5.0040,0
107,cpu_t1,2,98322,28591,0,3.2127,1.5014,0.1669,0,4.8809,0
107,cpu_t1,3,98322,28591,0,3.3026,1.3871,0.1736,0,4.8632,0
107,cpu_t1,4,98322,28591,0,3.7183,1.4110,0.1629,0,5.2921,0
107,cpu_t2,0,98322,28591,0,1.6838,1.3055,0.1926,0,3.1819,0
107,cpu_t2,1,98322,28591,0,2.1386,0.9702,0.2227,0,3.3315,0
107,cpu_t2,2,98322,28591,0,2.1280,0.7501,0.1711,0,3.0492,0
107,cpu_t2,3,98322,28591,0,1.7342,0.7231,0.1669,0,2.6242,0
107,cpu_t2,4,98322,28591,0,1.6934,0.6943,0.1614,0,2.5491,0
107,cpu_t4,0,98322,28591,0,0.9838,0.4580,0.1624,0,1.6042,0
107,cpu_t4,1,98322,28591,0,1.2943,0.5678,0.1631,0,2.0251,0
107,cpu_t4,2,98322,28591,0,0.9640,0.3746,0.1631,0,1.5017,0
107,cpu_t4,3,98322,28591,0,1.0162,0.4341,0.1640,0,1.6143,0
107,cpu_t4,4,98322,28591,0,1.1096,0.3683,0.1643,0,1.6422,0
107,cpu_t8,0,98322,28591,0,0.7919,0.3814,0.1669,0,1.3402,0
107,cpu_t8,1,98322,28591,0,0.7894,0.3893,0.1615,0,1.3402,0
107,cpu_t8,2,98322,28591,0,0.7956,0.3810,0.1614,0,1.3381,0
107,cpu_t8,3,98322,28591,0,0.7683,0.3800,0.1641,0,1.3124,0
107,cpu_t8,4,98322,28591,0,0.7814,0.4065,0.1593,0,1.3473,0
107,cpu_t16,0,98322,28591,0,1.2405,0.3980,0.1983,0,1.8367,0
107,cpu_t16,1,98322,28591,0,0.9525,0.2014,0.2016,0,1.3556,0
107,cpu_t16,2,98322,28591,0,0.6664,0.2007,0.1958,0,1.0629,0
107,cpu_t16,3,98322,28591,0,0.5951,0.1968,0.1994,0,0.9913,0
107,cpu_t16,4,98322,28591,0,0.6077,0.2012,0.2167,0,1.0256,0
107,gpu_thrust_uf,0,98322,28591,0.0676,0.8031,0.0573,0.2202,0.0361,1.2207,0
107,gpu_thrust_uf,1,98322,28591,0.0663,0.9104,0.1464,0.2816,0.0384,1.5030,0
107,gpu_thrust_uf,2,98322,28591,0.0693,1.0738,0.4762,0.2212,0.0234,1.9414,0
107,gpu_thrust_uf,3,98322,28591,0.0632,1.1946,0.0563,0.2212,0.0241,1.5943,0
107,gpu_thrust_uf,4,98322,28591,0.0818,2.6683,0.0829,0.2755,0.0475,3.1890,0
107,gpu_hash_uf,0,98322,28591,0.0633,0.2165,0.0492,0.2202,0.0203,0.5907,0
107,gpu_hash_uf,1,98322,28591,0.0622,0.2020,0.0481,0.2212,0.0195,0.5784,0
107,gpu_hash_uf,2,98322,28591,0.0624,0.1989,0.0481,0.2202,0.0201,0.5747,0
107,gpu_hash_uf,3,98322,28591,0.0632,0.2058,0.0532,0.2202,0.0201,0.5877,0
107,gpu_hash_uf,4,98322,28591,0.0634,0.2132,0.0522,0.2191,0.0422,0.6595,0
107,gpu_hash_prop,0,98322,28591,0.0623,0.2105,0.0522,11.6316,0.0267,12.0056,192
107,gpu_hash_prop,1,98322,28591,0.0635,1.4273,0.0492,26.0495,0.0396,27.6619,192
107,gpu_hash_prop,2,98322,28591,0.2381,0.3532,0.0686,18.1248,0.0240,18.8340,192
107,gpu_hash_prop,3,98322,28591,0.2384,0.3468,0.0676,22.0477,0.0391,22.7625,192
107,gpu_hash_prop,4,98322,28591,0.2411,5.5999,0.0666,20.7944,0.1036,26.8338,192
